# t	yd	y_sensor	y_obs	dy_obs	ie	u	R_est
0.0000	0.005000	0.005914	0.005000	0.000000	0.0244	6.9487	14.7700
0.0100	0.005000	0.005865	0.003920	-0.010800	0.1444	9.8600	14.7700
0.0200	0.005000	0.005718	0.003148	-0.017444	0.4288	0.0000	14.7700
0.0300	0.005000	0.005572	0.003148	-0.015700	0.1688	9.8600	14.7700
0.0400	0.005000	0.005327	0.002588	-0.019727	0.3710	0.0000	14.7700
0.0500	0.005000	0.005181	0.002588	-0.017754	0.1488	9.8600	14.7700
0.0600	0.005000	0.004936	0.002325	-0.018605	0.3488	0.0000	14.7700
0.0700	0.005000	0.004839	0.002325	-0.016745	0.1400	9.8600	14.7700
0.0800	0.005000	0.004594	0.002214	-0.016187	0.3466	0.0000	14.7700
0.0900	0.005000	0.004497	0.002214	-0.014568	0.1400	9.8600	14.7700
0.1000	0.005000	0.004350	0.002240	-0.012849	0.3466	0.0000	14.7700
0.1100	0.005000	0.004350	0.002240	-0.011564	0.1422	9.8600	14.7700
0.1200	0.005000	0.004301	0.002370	-0.009110	0.3466	0.0000	14.7700
0.1300	0.005000	0.004350	0.002370	-0.008199	0.1400	9.8600	14.7700
0.1400	0.005000	0.004350	0.002581	-0.005269	0.3488	0.0000	14.7700
0.1500	0.005000	0.004497	0.002581	-0.004742	0.1400	9.8600	14.7700
0.1600	0.005000	0.004643	0.002735	-0.002728	0.3466	0.0000	14.7700
0.1700	0.005000	0.004839	0.002735	-0.002455	0.1422	9.8600	14.7700
0.1800	0.005000	0.005034	0.002849	-0.001063	0.3466	0.0000	14.7700
0.1900	0.005000	0.005376	0.002849	-0.000957	0.1444	9.8600	15.3111
0.2000	0.005000	0.005572	0.002943	0.000074	0.3532	0.0000	15.3110
0.2100	0.005000	0.005914	0.002943	0.000067	0.1444	9.8600	15.3109
0.2200	0.005000	0.006256	0.003018	0.000811	0.3510	0.0000	15.3108
0.2300	0.005000	0.006598	0.003018	0.000730	0.1488	9.8600	15.3107
0.2400	0.005000	0.006940	0.003077	0.001245	0.3510	0.0000	15.3106
0.2500	0.005000	0.007283	0.003077	0.001121	0.1466	9.8600	15.3105
0.2600	0.005000	0.007429	0.003131	0.001554	0.3555	0.0000	15.3104
0.2700	0.005000	0.007625	0.003131	0.001398	0.1444	9.8600	15.3102
0.2800	0.005000	0.007674	0.003180	0.001745	0.3532	0.0000	15.3101
0.2900	0.005000	0.007722	0.003180	0.001571	0.1466	9.8600	15.7748
0.3000	0.005000	0.007625	0.003216	0.001778	0.3532	0.0000	15.7746
0.3100	0.005000	0.007527	0.003216	0.001600	0.1488	9.8600	15.7744
0.3200	0.005000	0.007283	0.003241	0.001687	0.3488	0.0000	15.7742
0.3300	0.005000	0.007038	0.003241	0.001518	0.1422	9.8600	15.7740
0.3400	0.005000	0.006696	0.003259	0.001551	0.3510	0.0000	15.7738
0.3500	0.005000	0.006452	0.003259	0.001396	0.1444	9.8600	15.7736
0.3600	0.005000	0.006109	0.003268	0.001342	0.3510	0.0000	15.7734
0.3700	0.005000	0.005816	0.003268	0.001208	0.1400	9.8600	15.7732
0.3800	0.005000	0.005474	0.003269	0.001099	0.3488	0.0000	15.7730
0.3900	0.005000	0.005181	0.003269	0.000989	0.1422	9.8600	16.1875
0.4000	0.005000	0.004741	0.003268	0.000873	0.3510	0.0000	16.1872
0.4100	0.005000	0.004399	0.003268	0.000786	0.1400	9.8600	16.1869
0.4200	0.005000	0.004008	0.003264	0.000668	0.3466	0.0000	16.1866
0.4300	0.005000	0.003715	0.003264	0.000602	0.1400	9.8600	16.1863
0.4400	0.005000	0.003324	0.003255	0.000460	0.3466	0.0000	16.1861
0.4500	0.005000	0.003079	0.003255	0.000414	0.1422	9.8600	16.1858
0.4600	0.005000	0.002737	0.003244	0.000259	0.3466	3.2368	16.1855
0.4700	0.005000	0.002590	0.003138	-0.000828	0.2666	0.0000	16.1852
0.4800	0.005000	0.002395	0.003138	-0.000746	0.0933	9.8600	16.1849
0.4900	0.005000	0.002297	0.003000	-0.002048	0.3021	6.8966	16.5967
0.5000	0.005000	0.002346	0.002977	-0.002078	0.4132	0.0000	16.5963
0.5100	0.005000	0.002248	0.002977	-0.001870	0.1444	0.0000	16.5960
0.5200	0.005000	0.002151	0.002977	-0.001683	0.0533	9.8600	16.5956
0.5300	0.005000	0.002199	0.002861	-0.002668	0.2644	2.2107	16.5952
0.5400	0.005000	0.002493	0.002861	-0.002401	0.1955	0.0000	16.5949
0.5500	0.005000	0.002737	0.002861	-0.002161	0.0733	9.8600	16.5945
0.5600	0.005000	0.002981	0.002690	-0.003659	0.2755	0.0000	16.5941
0.5700	0.005000	0.003324	0.002690	-0.003293	0.1222	9.8600	16.5938
0.5800	0.005000	0.003421	0.002645	-0.003417	0.3355	0.0000	16.5934
0.5900	0.005000	0.003617	0.002645	-0.003076	0.1377	9.8600	16.9417
0.6000	0.005000	0.003715	0.002658	-0.002636	0.3421	0.0000	16.9413
0.6100	0.005000	0.003959	0.002658	-0.002372	0.1400	9.8600	16.9408
0.6200	0.005000	0.004203	0.002589	-0.002824	0.3466	0.0000	16.9404
0.6300	0.005000	0.004594	0.002589	-0.002542	0.1400	9.8600	16.9400
0.6400	0.005000	0.004839	0.002640	-0.001779	0.3510	0.0000	16.9395
0.6500	0.005000	0.005132	0.002640	-0.001601	0.1422	9.8600	16.9391
0.6600	0.005000	0.005230	0.002765	-0.000186	0.3488	0.0000	16.9387
0.6700	0.005000	0.005376	0.002765	-0.000168	0.1444	9.8600	16.9382
0.6800	0.005000	0.005327	0.002880	0.000998	0.3532	0.0000	16.9378
0.6900	0.005000	0.005230	0.002880	0.000898	0.1422	9.8600	17.2494
0.7000	0.005000	0.004888	0.002979	0.001797	0.3532	0.0000	17.2489
0.7100	0.005000	0.004594	0.002979	0.001618	0.1422	9.8600	17.2484
0.7200	0.005000	0.004301	0.003058	0.002247	0.3510	0.0000	17.2479
0.7300	0.005000	0.004057	0.003058	0.002023	0.1400	9.8600	17.2474
0.7400	0.005000	0.003861	0.003115	0.002385	0.3488	0.0000	17.2469
0.7500	0.005000	0.003812	0.003115	0.002147	0.1400	9.8600	17.2464
0.7600	0.005000	0.003666	0.003152	0.002302	0.3444	0.0000	17.2459
0.7700	0.005000	0.003666	0.003152	0.002072	0.1377	9.8600	17.2454
0.7800	0.005000	0.003470	0.003169	0.002037	0.3444	0.0000	17.2449
0.7900	0.005000	0.003324	0.003169	0.001833	0.1400	9.8600	17.5263
0.8000	0.005000	0.003128	0.003174	0.001700	0.3466	0.0000	17.5258
0.8100	0.005000	0.003030	0.003174	0.001530	0.1422	0.4705	17.5252
0.8200	0.005000	0.002981	0.003174	0.001377	0.0689	1.6871	17.5247
0.8300	0.005000	0.003226	0.003174	0.001240	0.0578	5.1919	17.5241
0.8400	0.005000	0.003568	0.003174	0.001116	0.1377	9.7262	17.5236
0.8500	0.005000	0.003861	0.003238	0.001647	0.4021	8.5263	17.5230
0.8600	0.005000	0.003812	0.003531	0.004405	0.5510	2.7244	17.5225
0.8700	0.005000	0.003421	0.003704	0.005697	0.3088	0.0000	17.5219
0.8800	0.005000	0.002933	0.003704	0.005127	0.1044	9.5532	17.5214
0.8900	0.005000	0.002688	0.003780	0.005372	0.2999	6.5744	17.7668
0.9000	0.005000	0.002688	0.003887	0.005904	0.3888	0.0000	17.7662
0.9100	0.005000	0.002639	0.003887	0.005314	0.1400	1.8141	17.7656
0.9200	0.005000	0.002590	0.003887	0.004782	0.0866	1.5471	17.7650
0.9300	0.005000	0.002933	0.003887	0.004304	0.0689	3.4438	17.7644
0.9400	0.005000	0.004106	0.003887	0.003874	0.1000	9.8279	17.7638
0.9500	0.005000	0.005279	0.003908	0.003705	0.3532	9.8600	17.7632
0.9600	0.005000	0.006256	0.003975	0.003998	0.5932	0.0000	17.7626
0.9700	0.005000	0.007087	0.003975	0.003598	0.2155	9.8600	17.7620
0.9800	0.005000	0.007918	0.004128	0.004770	0.3955	0.0000	17.7614
0.9900	0.005000	0.009189	0.004128	0.004293	0.1577	9.8600	17.9204
1.0000	0.005000	0.010459	0.004317	0.005755	0.3621	0.0000	17.9198
1.0100	0.005000	0.011730	0.004317	0.005179	0.1533	9.8600	17.9191
1.0200	0.005000	0.012854	0.004426	0.005747	0.3621	0.0000	17.9185
1.0300	0.005000	0.014027	0.004426	0.005173	0.1577	9.8600	17.9179
1.0400	0.005000	0.015200	0.004523	0.005625	0.3666	0.0000	17.9172
1.0500	0.005000	0.016373	0.004523	0.005062	0.1622	9.8600	17.9166
1.0600	0.005000	0.017498	0.004330	0.002632	0.3710	0.0000	17.9160
1.0700	0.005000	0.018475	0.004330	0.002369	0.1622	9.8600	17.9153
1.0800	0.005000	0.019062	0.004155	0.000380	0.3688	0.0000	17.9147
1.0900	0.005000	0.019404	0.004155	0.000342	0.1688	9.8600	18.0413
1.1000	0.005000	0.019697	0.004035	-0.000889	0.3710	0.0000	18.0406
1.1100	0.005000	0.019844	0.004035	-0.000800	0.1666	9.8600	18.0400
1.1200	0.005000	0.019941	0.003962	-0.001454	0.3755	0.0000	18.0393
1.1300	0.005000	0.020039	0.003962	-0.001308	0.1666	9.8600	18.0387
1.1400	0.005000	0.020088	0.003915	-0.001647	0.3732	0.0000	18.0380
1.1500	0.005000	0.020088	0.003915	-0.001482	0.1688	9.8600	18.0374
1.1600	0.005000	0.020039	0.003877	-0.001711	0.3688	0.0000	18.0367
1.1700	0.005000	0.019990	0.003877	-0.001540	0.1622	9.8600	18.0361
1.1800	0.005000	0.019892	0.003712	-0.003040	0.3710	0.0000	18.0354
1.1900	0.005000	0.019844	0.003712	-0.002736	0.1622	9.8600	18.1297
1.2000	0.005000	0.019746	0.003447	-0.005111	0.3688	0.0000	18.1291
1.2100	0.005000	0.019648	0.003447	-0.004600	0.1666	9.8600	18.1284
1.2200	0.005000	0.019501	0.003102	-0.007592	0.3688	0.0000	18.1277
1.2300	0.005000	0.019257	0.003102	-0.006833	0.1666	9.8600	18.1270
1.2400	0.005000	0.018866	0.002700	-0.010172	0.3732	0.0000	18.1264
1.2500	0.005000	0.018475	0.002700	-0.009155	0.1644	9.8600	18.1257
1.2600	0.005000	0.018084	0.002261	-0.012629	0.3710	0.0000	18.1250
1.2700	0.005000	0.017693	0.002261	-0.011366	0.1622	9.8600	18.1244
1.2800	0.005000	0.017351	0.001938	-0.013457	0.3666	0.0000	18.1237
1.2900	0.005000	0.016911	0.001938	-0.012111	0.1600	9.8600	18.1964
1.3000	0.005000	0.016520	0.001699	-0.013285	0.3643	0.0000	18.1957
1.3100	0.005000	0.016031	0.001699	-0.011957	0.1644	9.8600	18.1950
1.3200	0.005000	0.015445	0.001522	-0.012531	0.3643	0.0000	18.1943
1.3300	0.005000	0.014809	0.001522	-0.011277	0.1577	9.8600	18.1937
1.3400	0.005000	0.014272	0.001391	-0.011466	0.3621	0.0000	18.1930
1.3500	0.005000	0.013881	0.001391	-0.010319	0.1533	9.8600	18.1923
1.3600	0.005000	0.013490	0.001293	-0.010269	0.3599	0.0000	18.1916
1.3700	0.005000	0.013148	0.001293	-0.009242	0.1555	9.8600	18.1909
1.3800	0.005000	0.012708	0.001219	-0.009050	0.3577	0.0000	18.1902
1.3900	0.005000	0.012317	0.001219	-0.008145	0.1533	9.8600	18.2574
1.4000	0.005000	0.011779	0.001165	-0.007878	0.3621	0.0000	18.2567
1.4100	0.005000	0.011144	0.001165	-0.007091	0.1533	9.7219	18.2560
1.4200	0.005000	0.010313	0.001124	-0.006791	0.3577	5.6117	18.2553
1.4300	0.005000	0.009384	0.001094	-0.006412	0.3755	0.0000	18.2546
1.4400	0.005000	0.008260	0.001094	-0.005770	0.1400	8.1804	18.2539
1.4500	0.005000	0.007331	0.001071	-0.005418	0.2799	2.3645	18.2532
1.4600	0.005000	0.006500	0.001071	-0.004876	0.1977	0.0000	18.2525
1.4700	0.005000	0.005816	0.001071	-0.004388	0.0755	9.1500	18.2518
1.4800	0.005000	0.005230	0.001072	-0.003944	0.2688	4.8593	18.2511
1.4900	0.005000	0.004545	0.001116	-0.003109	0.2910	0.0000	18.3315
1.5000	0.005000	0.003861	0.001116	-0.002798	0.1089	8.5537	18.3308
1.5100	0.005000	0.003324	0.001174	-0.001935	0.2755	3.2884	18.3301
1.5200	0.005000	0.002933	0.001174	-0.001741	0.2288	0.0000	18.3294
1.5300	0.005000	0.002639	0.001174	-0.001567	0.0822	8.8736	18.3287
1.5400	0.005000	0.002346	0.001232	-0.000833	0.2666	4.1948	18.3280
1.5500	0.005000	0.002199	0.001287	-0.000195	0.2644	0.0000	18.3272
1.5600	0.005000	0.002004	0.001287	-0.000175	0.0955	8.7136	18.3265
1.5700	0.005000	0.001808	0.001332	0.000283	0.2710	3.7416	18.3258
1.5800	0.005000	0.001711	0.001332	0.000255	0.2466	0.0000	18.3251
1.5900	0.005000	0.001564	0.001332	0.000230	0.0889	8.7936	18.4022
1.6000	0.005000	0.001417	0.001341	0.000301	0.2710	3.9416	18.4014
1.6100	0.005000	0.001369	0.001341	0.000271	0.2533	0.0000	18.4007
1.6200	0.005000	0.001222	0.001341	0.000244	0.0889	8.7936	18.4000
1.6300	0.005000	0.000929	0.001332	0.000133	0.2622	4.0482	18.3992
1.6400	0.005000	0.000587	0.001332	0.000119	0.2466	0.0000	18.3985
1.6500	0.005000	0.000342	0.001332	0.000107	0.0866	8.8203	18.3978
1.6600	0.005000	0.000147	0.001321	-0.000020	0.2622	4.1149	18.3971
1.6700	0.005000	0.000147	0.001321	-0.000018	0.2533	0.0000	18.3963
1.6800	0.005000	0.000098	0.001321	-0.000017	0.0889	9.0004	18.3956
1.6900	0.005000	0.000000	0.001317	-0.000050	0.2688	4.4851	18.5280
1.7000	0.005000	0.000000	0.001317	-0.000046	0.2733	0.0000	18.5273
1.7100	0.005000	0.000049	0.001317	-0.000041	0.0978	8.9775	18.5265
1.7200	0.005000	0.000000	0.001320	-0.000011	0.2733	4.4009	18.5258
1.7300	0.005000	0.000000	0.001332	0.000114	0.2710	0.0000	18.5250
1.7400	0.005000	0.000000	0.001332	0.000103	0.0978	8.7412	18.5243
1.7500	0.005000	0.000000	0.001352	0.000290	0.2710	3.8347	18.5235
1.7600	0.005000	0.000000	0.001352	0.000261	0.2466	0.0000	18.5228
1.7700	0.005000	0.000000	0.001352	0.000235	0.0866	8.8203	18.5220
1.7800	0.005000	0.000000	0.001364	0.000334	0.2666	4.0615	18.5213
1.7900	0.005000	0.000000	0.001352	0.000182	0.2555	0.0000	18.6515
1.8000	0.005000	0.000000	0.001352	0.000164	0.0911	8.7670	18.6507
1.8100	0.005000	0.000000	0.001338	0.000007	0.2688	3.9016	18.6499
1.8200	0.005000	0.000000	0.001338	0.000006	0.2444	0.0000	18.6491
1.8300	0.005000	0.000000	0.001338	0.000006	0.0866	8.8203	18.6484
1.8400	0.005000	0.000000	0.001322	-0.000153	0.2666	4.0615	18.6476
1.8500	0.005000	0.000000	0.001292	-0.000440	0.2555	0.0000	18.6468
1.8600	0.005000	0.000000	0.001292	-0.000396	0.0911	8.7670	18.6460
1.8700	0.005000	0.000000	0.001272	-0.000556	0.2688	3.9016	18.6453
1.8800	0.005000	0.000000	0.001272	-0.000500	0.2488	0.0000	18.6445
1.8900	0.005000	0.000000	0.001272	-0.000450	0.0866	8.8203	18.7643
1.9000	0.005000	0.000000	0.001270	-0.000424	0.2666	4.0615	18.7635
1.9100	0.005000	0.000000	0.001256	-0.000527	0.2577	0.0000	18.7627
1.9200	0.005000	0.000000	0.001256	-0.000474	0.0911	8.7670	18.7619
1.9300	0.005000	0.000000	0.001247	-0.000509	0.2688	3.9016	18.7611
1.9400	0.005000	0.000000	0.001247	-0.000458	0.2488	0.0000	18.7603
1.9500	0.005000	0.000000	0.001247	-0.000413	0.0866	8.8203	18.7595
1.9600	0.005000	0.000000	0.001257	-0.000276	0.2688	4.0349	18.7587
1.9700	0.005000	0.000000	0.001248	-0.000334	0.2555	0.0000	18.7579
1.9800	0.005000	0.000000	0.001248	-0.000301	0.0911	8.7670	18.7571
1.9900	0.005000	0.000000	0.001242	-0.000335	0.2666	3.9282	18.9115
2.0000	0.005000	0.000000	0.001242	-0.000302	0.2488	0.0000	18.9107
2.0100	0.005000	0.000000	0.001242	-0.000271	0.0889	8.7936	18.9098
2.0200	0.005000	0.000000	0.001250	-0.000162	0.2688	3.9682	18.9090
2.0300	0.005000	0.000000	0.001250	-0.000145	0.2488	0.0000	18.9082
2.0400	0.005000	0.000000	0.001250	-0.000131	0.0889	8.7936	18.9074
2.0500	0.005000	0.000000	0.001251	-0.000108	0.2644	4.0216	18.9065
2.0600	0.005000	0.000000	0.001251	-0.000097	0.2533	0.0000	18.9057
2.0700	0.005000	0.000000	0.001251	-0.000088	0.0866	8.8203	18.9049
2.0800	0.005000	0.000000	0.001255	-0.000045	0.2710	4.0082	18.9040
2.0900	0.005000	0.000000	0.001255	-0.000041	0.2533	0.0000	19.0470
2.1000	0.005000	0.000000	0.001255	-0.000037	0.0911	8.7670	19.0462
2.1100	0.005000	0.000000	0.001270	0.000123	0.2666	3.9282	19.0453
2.1200	0.005000	0.000000	0.001270	0.000111	0.2466	0.0000	19.0444
2.1300	0.005000	0.000000	0.001270	0.000099	0.0889	8.7936	19.0436
2.1400	0.005000	0.000000	0.001282	0.000206	0.2666	3.9949	19.0427
2.1500	0.005000	0.000000	0.001282	0.000186	0.2510	0.0000	19.0419
2.1600	0.005000	0.000000	0.001282	0.000167	0.0889	8.7936	19.0410
2.1700	0.005000	0.000000	0.001291	0.000238	0.2688	3.9682	19.0402
2.1800	0.005000	0.000000	0.001291	0.000214	0.2510	0.0000	19.0393
2.1900	0.005000	0.000000	0.001291	0.000193	0.0889	8.7936	19.1625
2.2000	0.005000	0.000000	0.001300	0.000265	0.2666	3.9949	19.1617
2.2100	0.005000	0.000000	0.001300	0.000239	0.2488	0.0000	19.1608
2.2200	0.005000	0.000000	0.001300	0.000215	0.0866	8.8203	19.1599
2.2300	0.005000	0.000000	0.001301	0.000210	0.2666	4.0615	19.1590
2.2400	0.005000	0.000000	0.001290	0.000071	0.2555	0.0000	19.1581
2.2500	0.005000	0.000000	0.001290	0.000064	0.0911	8.7670	19.1573
2.2600	0.005000	0.000000	0.001281	-0.000032	0.2666	3.9282	19.1564
2.2700	0.005000	0.000000	0.001281	-0.000028	0.2466	0.0000	19.1555
2.2800	0.005000	0.000000	0.001281	-0.000026	0.0889	8.7936	19.1546
2.2900	0.005000	0.000000	0.001271	-0.000116	0.2666	3.9949	19.3088
2.3000	0.005000	0.000000	0.001271	-0.000104	0.2533	0.0000	19.3078
2.3100	0.005000	0.000000	0.001271	-0.000094	0.0866	8.8203	19.3069
2.3200	0.005000	0.000000	0.001264	-0.000154	0.2666	4.0615	19.3060
2.3300	0.005000	0.000000	0.001246	-0.000322	0.2555	0.0000	19.3051
2.3400	0.005000	0.000000	0.001246	-0.000290	0.0933	8.7403	19.3042
2.3500	0.005000	0.000000	0.001248	-0.000241	0.2688	3.8349	19.3033
2.3600	0.005000	0.000000	0.001248	-0.000217	0.2422	0.0000	19.3024
2.3700	0.005000	0.000000	0.001248	-0.000195	0.0866	8.8203	19.3015
2.3800	0.005000	0.000000	0.001257	-0.000082	0.2733	3.9816	19.3006
2.3900	0.005000	0.000000	0.001251	-0.000135	0.2555	0.0000	19.4339
2.4000	0.005000	0.000000	0.001251	-0.000121	0.0911	8.7670	19.4330
2.4100	0.005000	0.000000	0.001242	-0.000207	0.2622	3.9816	19.4321
2.4200	0.005000	0.000000	0.001242	-0.000186	0.2533	0.0000	19.4311
2.4300	0.005000	0.000000	0.001242	-0.000168	0.0866	8.8203	19.4302
2.4400	0.005000	0.000000	0.001247	-0.000094	0.2666	4.0615	19.4293
2.4500	0.005000	0.000000	0.001241	-0.000146	0.2599	0.0000	19.4283
2.4600	0.005000	0.000000	0.001241	-0.000131	0.0933	8.7403	19.4274
2.4700	0.005000	0.000000	0.001231	-0.000217	0.2688	3.8349	19.4265
2.4800	0.005000	0.000000	0.001231	-0.000195	0.2466	0.0000	19.4255
2.4900	0.005000	0.000000	0.001231	-0.000176	0.0866	8.8203	19.5333
2.5000	0.005000	0.000000	0.001237	-0.000101	0.2666	4.0615	19.5323
2.5100	0.005000	0.000000	0.001236	-0.000101	0.2577	0.0000	19.5314
2.5200	0.005000	0.000000	0.001236	-0.000090	0.0911	8.7670	19.5304
2.5300	0.005000	0.000000	0.001238	-0.000063	0.2688	3.9016	19.5295
2.5400	0.005000	0.000000	0.001238	-0.000056	0.2488	0.0000	19.5285
2.5500	0.005000	0.000000	0.001238	-0.000051	0.0889	8.7936	19.5276
2.5600	0.005000	0.000000	0.001247	0.000047	0.2666	3.9949	19.5266
2.5700	0.005000	0.000000	0.001247	0.000042	0.2510	0.0000	19.5257
2.5800	0.005000	0.000000	0.001247	0.000038	0.0889	8.7936	19.5247
2.5900	0.005000	0.000000	0.001254	0.000104	0.2688	3.9682	19.6588
2.6000	0.005000	0.000000	0.001254	0.000093	0.2510	0.0000	19.6579
2.6100	0.005000	0.000000	0.001254	0.000084	0.0866	8.8203	19.6569
2.6200	0.005000	0.000000	0.001265	0.000180	0.2710	4.0082	19.6559
2.6300	0.005000	0.000000	0.001278	0.000293	0.2622	0.0000	19.6549
2.6400	0.005000	0.000049	0.001278	0.000264	0.0933	8.8811	19.6539
2.6500	0.005000	0.000049	0.001298	0.000440	0.2777	4.1035	19.6530
2.6600	0.005000	0.000244	0.001316	0.000574	0.2688	0.0000	19.6520
2.6700	0.005000	0.000440	0.001316	0.000517	0.0933	9.5263	19.6510
2.6800	0.005000	0.000635	0.001366	0.000967	0.2999	6.4200	19.6500
2.6900	0.005000	0.001075	0.001539	0.002601	0.3843	0.0000	19.7550
2.7000	0.005000	0.001515	0.001539	0.002341	0.1377	0.0000	19.7540
2.7100	0.005000	0.001808	0.001539	0.002107	0.0511	4.5426	19.7530
2.7200	0.005000	0.001955	0.001539	0.001896	0.1000	8.5816	19.7520
2.7300	0.005000	0.002004	0.001735	0.003665	0.3177	8.3112	19.7510
2.7400	0.005000	0.001955	0.001852	0.004471	0.4799	2.2404	19.7500
2.7500	0.005000	0.001906	0.001922	0.004723	0.2688	0.0000	19.7490
2.7600	0.005000	0.001857	0.001922	0.004251	0.0889	9.8600	19.7480
2.7700	0.005000	0.001760	0.001920	0.003806	0.2933	0.0000	19.7470
2.7800	0.005000	0.001808	0.001920	0.003425	0.1266	9.8600	19.7460
2.7900	0.005000	0.001760	0.001763	0.001515	0.3332	0.2597	19.8263
2.8000	0.005000	0.001857	0.001763	0.001364	0.1533	0.0000	19.8253
2.8100	0.005000	0.001906	0.001763	0.001227	0.0600	9.8600	19.8243
2.8200	0.005000	0.001906	0.001570	-0.000830	0.2622	0.0000	19.8233
2.8300	0.005000	0.001955	0.001570	-0.000747	0.1155	9.8600	19.8223
2.8400	0.005000	0.001857	0.001426	-0.002112	0.3288	0.0000	19.8213
2.8500	0.005000	0.001857	0.001426	-0.001901	0.1355	9.8600	19.8202
2.8600	0.005000	0.001711	0.001319	-0.002783	0.3444	4.4445	19.8192
2.8700	0.005000	0.001613	0.001309	-0.002603	0.3132	0.0000	19.8182
2.8800	0.005000	0.001466	0.001309	-0.002343	0.1111	9.5097	19.8172
2.8900	0.005000	0.001173	0.001301	-0.002182	0.3044	5.6776	19.8929
2.9000	0.005000	0.000782	0.001296	-0.002016	0.3377	0.0000	19.8919
2.9100	0.005000	0.000440	0.001296	-0.001815	0.1200	8.4204	19.8908
2.9200	0.005000	0.000293	0.001292	-0.001673	0.2666	3.2358	19.8898
2.9300	0.005000	0.000293	0.001292	-0.001505	0.2199	0.0000	19.8888
2.9400	0.005000	0.000244	0.001292	-0.001355	0.0755	9.1884	19.8878
2.9500	0.005000	0.000147	0.001289	-0.001250	0.2666	4.9830	19.8867
2.9600	0.005000	0.000147	0.001261	-0.001409	0.2910	0.0000	19.8857
2.9700	0.005000	0.000147	0.001261	-0.001268	0.1066	8.6991	19.8847
2.9800	0.005000	0.000049	0.001239	-0.001355	0.2733	3.6786	19.8837
2.9900	0.005000	0.000098	0.001239	-0.001220	0.2422	0.0000	19.9424
3.0000	0.005000	0.000098	0.001239	-0.001098	0.0866	9.1994	19.9414
3.0100	0.005000	0.000049	0.001223	-0.001151	0.2710	5.1591	19.9404
3.0200	0.005000	0.000098	0.001268	-0.000590	0.3021	0.0000	19.9393
3.0300	0.005000	0.000147	0.001268	-0.000531	0.1089	8.9909	19.9383
3.0400	0.005000	0.000049	0.001301	-0.000144	0.2888	4.2483	19.9373
3.0500	0.005000	0.000098	0.001303	-0.000115	0.2710	0.0000	19.9362
3.0600	0.005000	0.000147	0.001303	-0.000103	0.0978	9.0359	19.9352
3.0700	0.005000	0.000049	0.001304	-0.000082	0.2755	4.4941	19.9342
3.0800	0.005000	0.000098	0.001330	0.000187	0.2755	0.0000	19.9331
3.0900	0.005000	0.000098	0.001330	0.000168	0.1000	8.8972	19.9732
3.1000	0.005000	0.000000	0.001293	-0.000221	0.2755	4.1472	19.9722
3.1100	0.005000	0.000049	0.001279	-0.000329	0.2666	0.0000	19.9712
3.1200	0.005000	0.000049	0.001279	-0.000296	0.0933	9.0010	19.9701
3.1300	0.005000	0.000000	0.001250	-0.000565	0.2755	4.4910	19.9691
3.1400	0.005000	0.000000	0.001250	-0.000505	0.2733	0.0000	19.9680
3.1500	0.005000	0.000000	0.001250	-0.000455	0.0978	8.7993	19.9670
3.1600	0.005000	0.000000	0.001225	-0.000660	0.2733	4.0115	19.9660
3.1700	0.005000	0.000000	0.001210	-0.000738	0.2577	0.0000	19.9649
3.1800	0.005000	0.000000	0.001210	-0.000665	0.0911	8.7893	19.9639
3.1900	0.005000	0.000000	0.001185	-0.000855	0.2666	3.9841	20.0349
3.2000	0.005000	0.000000	0.001167	-0.000944	0.2555	0.0000	20.0338
3.2100	0.005000	0.000000	0.001167	-0.000850	0.0911	8.7670	20.0328
3.2200	0.005000	0.000000	0.001131	-0.001123	0.2688	3.9016	20.0317
3.2300	0.005000	0.000000	0.001131	-0.001011	0.2466	0.0000	20.0307
3.2400	0.005000	0.000000	0.001131	-0.000910	0.0866	8.8203	20.0296
3.2500	0.005000	0.000000	0.001105	-0.001087	0.2644	4.0882	20.0286
3.2600	0.005000	0.000000	0.001082	-0.001206	0.2555	0.0000	20.0275
3.2700	0.005000	0.000000	0.001082	-0.001085	0.0911	8.7670	20.0265
3.2800	0.005000	0.000000	0.001065	-0.001147	0.2644	3.9549	20.0254
3.2900	0.005000	0.000000	0.001065	-0.001032	0.2488	0.0000	20.0867
3.3000	0.005000	0.000000	0.001065	-0.000929	0.0866	8.8203	20.0856
3.3100	0.005000	0.000000	0.001050	-0.000981	0.2666	4.0615	20.0845
3.3200	0.005000	0.000000	0.001046	-0.000922	0.2599	0.0000	20.0835
3.3300	0.005000	0.000000	0.001046	-0.000830	0.0911	8.7670	20.0824
3.3400	0.005000	0.000000	0.001044	-0.000776	0.2666	3.9282	20.0813
3.3500	0.005000	0.000000	0.001044	-0.000698	0.2533	0.0000	20.0803
3.3600	0.005000	0.000000	0.001044	-0.000629	0.0889	8.7936	20.0792
3.3700	0.005000	0.000000	0.001052	-0.000483	0.2644	4.0216	20.0782
3.3800	0.005000	0.000000	0.001060	-0.000355	0.2555	0.0000	20.0771
3.3900	0.005000	0.000000	0.001060	-0.000320	0.0889	8.7936	20.1206
3.4000	0.005000	0.000000	0.001073	-0.000159	0.2599	4.0749	20.1196
3.4100	0.005000	0.000000	0.001077	-0.000099	0.2555	0.0000	20.1185
3.4200	0.005000	0.000000	0.001077	-0.000089	0.0889	8.7936	20.1174
3.4300	0.005000	0.000000	0.001080	-0.000047	0.2688	3.9682	20.1163
3.4400	0.005000	0.000000	0.001080	-0.000042	0.2533	0.0000	20.1153
3.4500	0.005000	0.000000	0.001080	-0.000038	0.0889	8.7936	20.1142
3.4600	0.005000	0.000000	0.001083	-0.000009	0.2644	4.0216	20.1131
3.4700	0.005000	0.000000	0.001085	0.000010	0.2555	0.0000	20.1121
3.4800	0.005000	0.000000	0.001085	0.000009	0.0911	8.7670	20.1110
3.4900	0.005000	0.000000	0.001079	-0.000047	0.2688	3.9016	20.1878
3.5000	0.005000	0.000000	0.001079	-0.000042	0.2488	0.0000	20.1867
3.5100	0.005000	0.000000	0.001079	-0.000038	0.0866	8.8203	20.1856
3.5200	0.005000	0.000000	0.001073	-0.000093	0.2688	4.0349	20.1845
3.5300	0.005000	0.000000	0.001071	-0.000111	0.2555	0.0000	20.1835
3.5400	0.005000	0.000000	0.001071	-0.000100	0.0889	8.7936	20.1824
3.5500	0.005000	0.000000	0.001056	-0.000232	0.2688	3.9682	20.1813
3.5600	0.005000	0.000000	0.001046	-0.000315	0.2555	0.0000	20.1802
3.5700	0.005000	0.000000	0.001046	-0.000283	0.0911	8.7670	20.1791
3.5800	0.005000	0.000000	0.001038	-0.000335	0.2688	3.9016	20.1781
3.5900	0.005000	0.000049	0.001038	-0.000301	0.2466	0.0000	20.2384
3.6000	0.005000	0.000049	0.001038	-0.000271	0.0889	8.8149	20.2373
3.6100	0.005000	0.000049	0.001032	-0.000304	0.2688	4.0214	20.2362
3.6200	0.005000	0.000098	0.001027	-0.000318	0.2555	0.0000	20.2351
3.6300	0.005000	0.000196	0.001027	-0.000287	0.0933	9.0415	20.2341
3.6400	0.005000	0.000244	0.001024	-0.000291	0.2844	4.6444	20.2330
3.6500	0.005000	0.000391	0.001021	-0.000290	0.2821	0.0000	20.2319
3.6600	0.005000	0.000587	0.001021	-0.000261	0.1022	9.4950	20.2308
3.6700	0.005000	0.000684	0.001019	-0.000256	0.3021	6.0981	20.2297
3.6800	0.005000	0.000929	0.001018	-0.000244	0.3666	0.0000	20.2286
3.6900	0.005000	0.001271	0.001018	-0.000220	0.1333	9.8600	20.2544
3.7000	0.005000	0.001564	0.001015	-0.000225	0.3332	3.2467	20.2533
3.7100	0.005000	0.002102	0.001013	-0.000223	0.2644	0.4182	20.2522
3.7200	0.005000	0.002688	0.001010	-0.000230	0.1155	2.9865	20.2511
3.7300	0.005000	0.003030	0.001008	-0.000229	0.1022	9.5125	20.2500
3.7400	0.005000	0.003079	0.001112	0.000838	0.3377	9.2335	20.2489
3.7500	0.005000	0.002933	0.001196	0.001591	0.5510	4.5686	20.2478
3.7600	0.005000	0.002737	0.001432	0.003788	0.3977	0.0000	20.2467
3.7700	0.005000	0.002493	0.001432	0.003409	0.1355	9.8600	20.2456
3.7800	0.005000	0.002199	0.001692	0.005672	0.3244	0.0000	20.2445
3.7900	0.005000	0.002053	0.001692	0.005105	0.1333	9.8600	20.2199
3.8000	0.005000	0.001808	0.001987	0.007547	0.3377	4.0617	20.2188
3.8100	0.005000	0.001760	0.002142	0.008340	0.2910	0.0000	20.2177
3.8200	0.005000	0.001662	0.002142	0.007506	0.1044	9.8600	20.2166
3.8300	0.005000	0.001564	0.002312	0.008454	0.3044	5.9650	20.2156
3.8400	0.005000	0.001564	0.002396	0.008448	0.3621	0.0000	20.2145
3.8500	0.005000	0.001515	0.002396	0.007603	0.1311	8.5905	20.2134
3.8600	0.005000	0.001417	0.002411	0.006996	0.2844	5.5578	20.2123
3.8700	0.005000	0.001417	0.002409	0.006281	0.3266	0.0000	20.2112
3.8800	0.005000	0.001320	0.002409	0.005653	0.1200	9.2200	20.2101
3.8900	0.005000	0.001026	0.002414	0.005128	0.2955	4.7879	20.2046
3.9000	0.005000	0.000587	0.002398	0.004462	0.2888	0.0000	20.2036
3.9100	0.005000	0.000391	0.002398	0.004016	0.1044	9.5277	20.2025
3.9200	0.005000	0.000293	0.002310	0.002735	0.2977	6.4086	20.2014
3.9300	0.005000	0.000244	0.002275	0.002106	0.3732	0.0000	20.2003
3.9400	0.005000	0.000196	0.002275	0.001896	0.1333	9.1260	20.1992
3.9500	0.005000	0.000098	0.002230	0.001256	0.3110	4.9243	20.1981
3.9600	0.005000	0.000098	0.002212	0.000951	0.3088	0.0000	20.1970
3.9700	0.005000	0.000098	0.002212	0.000856	0.1111	9.2757	20.1960
3.9800	0.005000	0.000000	0.002212	0.000767	0.2999	5.2261	20.1949
3.9900	0.005000	0.000049	0.002221	0.000780	0.3155	0.0000	20.1760
4.0000	0.005000	0.000049	0.002221	0.000702	0.1133	9.1012	20.1750
4.0100	0.005000	0.000000	0.002208	0.000505	0.2933	4.8685	20.1739
4.0200	0.005000	0.000000	0.002191	0.000290	0.2977	0.0000	20.1728
4.0300	0.005000	0.000049	0.002191	0.000261	0.1066	9.1795	20.1717
4.0400	0.005000	0.000000	0.002158	-0.000098	0.2910	5.0011	20.1706
4.0500	0.005000	0.000000	0.002137	-0.000299	0.3044	0.0000	20.1696
4.0600	0.005000	0.000000	0.002137	-0.000269	0.1089	8.9165	20.1685
4.0700	0.005000	0.000000	0.002091	-0.000703	0.2799	4.4749	20.1674
4.0800	0.005000	0.000000	0.002976	0.008215	0.2777	0.0000	20.1663
4.0900	0.005000	0.000049	0.003656	0.014200	0.1044	9.0264	20.1332
4.1000	0.005000	0.000000	0.004248	0.018698	0.2799	4.5721	20.1321
4.1100	0.005000	0.000000	0.004741	0.021753	0.2777	0.0000	20.1310
4.1200	0.005000	0.000000	0.005164	0.023810	0.1022	8.8168	20.1300
4.1300	0.005000	0.000000	0.004753	0.017320	0.2733	4.1259	20.1289
4.1400	0.005000	0.000000	0.004346	0.011522	0.2599	0.0000	20.1278
4.1500	0.005000	0.000000	0.003907	0.005972	0.0933	8.8334	20.1267
4.1600	0.005000	0.000000	0.004448	0.010790	0.2710	4.1041	20.1257
4.1700	0.005000	0.000000	0.004751	0.012738	0.2599	0.0000	20.1246
4.1800	0.005000	0.000000	0.004763	0.011583	0.0911	8.7701	20.1235
4.1900	0.005000	0.000000	0.005029	0.013087	0.2666	3.9360	20.1355
4.2000	0.005000	0.000000	0.005226	0.013751	0.2510	0.0000	20.1345
4.2100	0.005000	0.000000	0.004370	0.003813	0.0866	8.8203	20.1334
4.2200	0.005000	0.000000	0.003776	-0.002511	0.2666	4.0615	20.1323
4.2300	0.005000	0.000000	0.003342	-0.006599	0.2577	0.0000	20.1312
4.2400	0.005000	0.000000	0.003342	-0.005939	0.0889	8.7936	20.1302
4.2500	0.005000	0.000000	0.002753	-0.011231	0.2666	3.9949	20.1291
4.2600	0.005000	0.000000	0.002323	-0.014407	0.2510	0.0000	20.1280
4.2700	0.005000	0.000000	0.002323	-0.012967	0.0889	8.7936	20.1270
4.2800	0.005000	0.000000	0.002007	-0.014832	0.2666	3.9949	20.1259
4.2900	0.005000	0.000000	0.001750	-0.015916	0.2510	0.0000	20.1419
4.3000	0.005000	0.000000	0.001750	-0.014325	0.0889	8.7936	20.1409
4.3100	0.005000	0.000000	0.001560	-0.014796	0.2688	3.9682	20.1398
4.3200	0.005000	0.000000	0.001418	-0.014731	0.2533	0.0000	20.1387
4.3300	0.005000	0.000000	0.001418	-0.013258	0.0911	8.7670	20.1376
4.3400	0.005000	0.000000	0.001313	-0.012987	0.2688	3.9016	20.1366
4.3500	0.005000	0.000000	0.001234	-0.012475	0.2488	0.0000	20.1355
4.3600	0.005000	0.000000	0.001234	-0.011227	0.0866	8.8203	20.1344
4.3700	0.005000	0.000000	0.001175	-0.010693	0.2644	4.0882	20.1334
4.3800	0.005000	0.000000	0.001131	-0.010063	0.2555	0.0000	20.1323
4.3900	0.005000	0.000000	0.001131	-0.009057	0.0911	8.7670	20.1418
4.4000	0.005000	0.000000	0.001099	-0.008480	0.2688	3.9016	20.1407
4.4100	0.005000	0.000000	0.001074	-0.007879	0.2466	0.0000	20.1396
4.4200	0.005000	0.000000	0.001074	-0.007091	0.0844	8.8469	20.1385
4.4300	0.005000	0.000000	0.001055	-0.006566	0.2688	4.1015	20.1375
4.4400	0.005000	0.000000	0.001042	-0.006048	0.2555	0.0000	20.1364
4.4500	0.005000	0.000000	0.001042	-0.005443	0.0911	8.7670	20.1353
4.4600	0.005000	0.000000	0.001031	-0.005002	0.2666	3.9282	20.1342
4.4700	0.005000	0.000000	0.001031	-0.004502	0.2510	0.0000	20.1332
4.4800	0.005000	0.000049	0.001031	-0.004052	0.0866	8.9638	20.1321
4.4900	0.005000	0.000000	0.001023	-0.003725	0.2755	4.3137	20.1828
4.5000	0.005000	0.000098	0.001019	-0.003401	0.2733	0.0000	20.1817
4.5100	0.005000	0.000244	0.001019	-0.003061	0.0978	9.3935	20.1806
4.5200	0.005000	0.000391	0.001015	-0.002791	0.2999	5.9487	20.1795
4.5300	0.005000	0.000587	0.001012	-0.002537	0.3577	0.0000	20.1784
4.5400	0.005000	0.000929	0.001012	-0.002283	0.1311	9.8600	20.1774
4.5500	0.005000	0.001271	0.001011	-0.002073	0.3310	4.1513	20.1763
4.5600	0.005000	0.002151	0.001009	-0.001879	0.2955	2.1058	20.1752
4.5700	0.005000	0.003470	0.001007	-0.001710	0.1755	7.4996	20.1741
4.5800	0.005000	0.005327	0.001493	0.003314	0.2977	9.8600	20.1730
4.5900	0.005000	0.007136	0.001875	0.006804	0.5354	0.0000	20.1834
4.6000	0.005000	0.007967	0.001875	0.006123	0.2022	9.8600	20.1823
4.6100	0.005000	0.008113	0.002318	0.009947	0.3843	0.0000	20.1812
4.6200	0.005000	0.008065	0.002318	0.008952	0.1577	9.8600	20.1801
4.6300	0.005000	0.007771	0.002779	0.012666	0.3621	0.0000	20.1790
4.6400	0.005000	0.007380	0.002779	0.011400	0.1488	9.8600	20.1780
4.6500	0.005000	0.006745	0.003242	0.014886	0.3532	0.0000	20.1769
4.6600	0.005000	0.006158	0.003242	0.013397	0.1466	9.8600	20.1758
4.6700	0.005000	0.005572	0.003215	0.011789	0.3488	0.0000	20.1747
4.6800	0.005000	0.005230	0.003215	0.010610	0.1422	9.8600	20.1736
4.6900	0.005000	0.004839	0.003282	0.010220	0.3488	2.0542	20.1615
4.7000	0.005000	0.004643	0.003282	0.009198	0.2222	0.0000	20.1604
4.7100	0.005000	0.004545	0.003282	0.008278	0.0800	9.8600	20.1593
4.7200	0.005000	0.004497	0.003219	0.006822	0.2888	0.0000	20.1582
4.7300	0.005000	0.004594	0.003219	0.006140	0.1289	9.8600	20.1572
4.7400	0.005000	0.004692	0.003146	0.004792	0.3399	0.0000	20.1561
4.7500	0.005000	0.004936	0.003082	0.003669	0.1422	4.2974	20.1550
4.7600	0.005000	0.005181	0.003082	0.003302	0.1466	6.9900	20.1539
4.7700	0.005000	0.005572	0.003026	0.002415	0.2844	9.1231	20.1529
4.7800	0.005000	0.005865	0.002974	0.001654	0.4888	7.6050	20.1518
4.7900	0.005000	0.005816	0.003228	0.004027	0.5332	1.4745	20.1148
4.8000	0.005000	0.005523	0.003228	0.003624	0.2533	0.0000	20.1137
4.8100	0.005000	0.005279	0.003228	0.003262	0.0866	9.8600	20.1126
4.8200	0.005000	0.005621	0.003352	0.004175	0.2866	0.0000	20.1115
4.8300	0.005000	0.006500	0.003352	0.003757	0.1311	9.8600	20.1105
4.8400	0.005000	0.007527	0.003443	0.004295	0.3444	0.0000	20.1094
4.8500	0.005000	0.008847	0.003443	0.003866	0.1466	9.8600	20.1083
4.8600	0.005000	0.010362	0.003530	0.004344	0.3577	0.0000	20.1073
4.8700	0.005000	0.012219	0.003530	0.003909	0.1555	9.8600	20.1062
4.8800	0.005000	0.014174	0.003620	0.004426	0.3621	0.0000	20.1051
4.8900	0.005000	0.015836	0.003620	0.003983	0.1577	9.8600	20.0408
4.9000	0.005000	0.016862	0.003493	0.002311	0.3688	0.0000	20.0398
4.9100	0.005000	0.017546	0.003493	0.002080	0.1622	9.8600	20.0387
4.9200	0.005000	0.018084	0.003493	0.001871	0.3666	0.0000	20.0377
4.9300	0.005000	0.018426	0.003493	0.001684	0.1644	9.8600	20.0366
4.9400	0.005000	0.018719	0.003522	0.001803	0.3688	0.0000	20.0355
4.9500	0.005000	0.018866	0.003522	0.001623	0.1622	9.8600	20.0345
4.9600	0.005000	0.019013	0.003556	0.001807	0.3688	0.0000	20.0334
4.9700	0.005000	0.019110	0.003556	0.001626	0.1644	9.8600	20.0324
4.9800	0.005000	0.019159	0.003595	0.001855	0.3732	0.0000	20.0313
4.9900	0.005000	0.019208	0.003595	0.001669	0.1644	9.8600	19.9528
5.0000	0.005000	0.019208	0.003625	0.001795	0.3688	0.0000	19.9518
5.0100	0.005000	0.019159	0.003625	0.001616	0.1666	9.8600	19.9507
5.0200	0.005000	0.019110	0.003654	0.001752	0.3732	0.0000	19.9497
5.0300	0.005000	0.019013	0.003654	0.001577	0.1644	9.8600	19.9487
5.0400	0.005000	0.018817	0.003679	0.001669	0.3710	0.0000	19.9476
5.0500	0.005000	0.018573	0.003679	0.001502	0.1622	9.8600	19.9466
5.0600	0.005000	0.018280	0.003695	0.001512	0.3666	0.0000	19.9456
5.0700	0.005000	0.017889	0.003695	0.001361	0.1622	9.8600	19.9445
5.0800	0.005000	0.017449	0.003702	0.001293	0.3688	0.0000	19.9435
5.0900	0.005000	0.016960	0.003702	0.001164	0.1622	9.8600	19.8567
5.1000	0.005000	0.016422	0.003705	0.001072	0.3666	0.0000	19.8556
5.1100	0.005000	0.015787	0.003705	0.000965	0.1600	9.8600	19.8546
5.1200	0.005000	0.015152	0.003693	0.000756	0.3621	0.0000	19.8536
5.1300	0.005000	0.014418	0.003693	0.000681	0.1600	9.8600	19.8526
5.1400	0.005000	0.013685	0.003675	0.000424	0.3621	0.0000	19.8516
5.1500	0.005000	0.013001	0.003675	0.000381	0.1555	9.8600	19.8506
5.1600	0.005000	0.012317	0.003650	0.000097	0.3577	0.0000	19.8495
5.1700	0.005000	0.011584	0.003650	0.000087	0.1533	9.7956	19.8485
5.1800	0.005000	0.010753	0.003618	-0.000238	0.3577	6.0484	19.8475
5.1900	0.005000	0.009922	0.003639	-0.000005	0.4043	0.0000	19.7771
5.2000	0.005000	0.008993	0.003639	-0.000005	0.1488	8.0738	19.7761
5.2100	0.005000	0.008504	0.003552	-0.000874	0.2755	3.2578	19.7751
5.2200	0.005000	0.008162	0.003552	-0.000786	0.2288	0.0000	19.7741
5.2300	0.005000	0.007771	0.003552	-0.000708	0.0889	9.2989	19.7731
5.2400	0.005000	0.007576	0.003397	-0.002191	0.2866	5.6573	19.7721
5.2500	0.005000	0.007234	0.003262	-0.003316	0.3421	0.0000	19.7711
5.2600	0.005000	0.006843	0.003262	-0.002984	0.1311	8.2871	19.7701
5.2700	0.005000	0.006745	0.003069	-0.004624	0.2799	3.5142	19.7691
5.2800	0.005000	0.006794	0.003069	-0.004162	0.2422	0.0000	19.7681
5.2900	0.005000	0.006745	0.003069	-0.003746	0.0911	9.8217	19.6872
5.3000	0.005000	0.006891	0.002800	-0.006054	0.3021	7.7317	19.6863
5.3100	0.005000	0.006891	0.002822	-0.005234	0.4599	0.5048	19.6853
5.3200	0.005000	0.006696	0.002822	-0.004711	0.2022	0.0000	19.6843
5.3300	0.005000	0.006794	0.002822	-0.004240	0.0755	9.8600	19.6833
5.3400	0.005000	0.007527	0.002835	-0.003682	0.2844	0.9028	19.6823
5.3500	0.005000	0.008113	0.002835	-0.003313	0.1688	2.8504	19.6813
5.3600	0.005000	0.008651	0.002835	-0.002982	0.1355	8.5357	19.6804
5.3700	0.005000	0.009335	0.002824	-0.002793	0.3244	9.8600	19.6794
5.3800	0.005000	0.009580	0.003154	0.000782	0.5599	0.0000	19.6784
5.3900	0.005000	0.009482	0.003154	0.000704	0.2111	9.8600	19.5916
5.4000	0.005000	0.009531	0.003510	0.004191	0.3932	0.0000	19.5907
5.4100	0.005000	0.009531	0.003510	0.003772	0.1577	9.8600	19.5897
5.4200	0.005000	0.009482	0.003651	0.004806	0.3599	0.0000	19.5887
5.4300	0.005000	0.009482	0.003651	0.004325	0.1511	9.8600	19.5878
5.4400	0.005000	0.009384	0.003847	0.005854	0.3599	0.0000	19.5868
5.4500	0.005000	0.009286	0.003847	0.005269	0.1511	9.8600	19.5859
5.4600	0.005000	0.009189	0.004030	0.006576	0.3555	0.0000	19.5849
5.4700	0.005000	0.009189	0.004030	0.005918	0.1511	9.8600	19.5839
5.4800	0.005000	0.008993	0.003926	0.004287	0.3577	0.0000	19.5830
5.4900	0.005000	0.008651	0.003926	0.003858	0.1511	9.8600	19.5084
5.5000	0.005000	0.008016	0.003804	0.002245	0.3555	0.0000	19.5074
5.5100	0.005000	0.007380	0.003804	0.002021	0.1466	9.3266	19.5065
5.5200	0.005000	0.006745	0.003688	0.000664	0.3399	4.9256	19.5056
5.5300	0.005000	0.006354	0.003568	-0.000609	0.3310	0.0000	19.5046
5.5400	0.005000	0.005963	0.003568	-0.000548	0.1222	8.3937	19.5037
5.5500	0.005000	0.005914	0.003384	-0.002328	0.2777	3.4268	19.5027
5.5600	0.005000	0.006061	0.003384	-0.002095	0.2399	0.0000	19.5018
5.5700	0.005000	0.006061	0.003384	-0.001886	0.0911	9.6077	19.5008
5.5800	0.005000	0.006256	0.003178	-0.003760	0.2999	7.0637	19.4999
5.5900	0.005000	0.006354	0.003102	-0.004145	0.4199	0.1594	19.4559
5.6000	0.005000	0.006207	0.003102	-0.003730	0.1733	0.0000	19.4550
5.6100	0.005000	0.006452	0.003102	-0.003357	0.0689	9.8600	19.4541
5.6200	0.005000	0.007185	0.002968	-0.004360	0.2755	0.0000	19.4531
5.6300	0.005000	0.007722	0.002968	-0.003924	0.1244	9.8600	19.4522
5.6400	0.005000	0.008211	0.002879	-0.004422	0.3399	0.0000	19.4513
5.6500	0.005000	0.008798	0.002879	-0.003982	0.1444	9.8600	19.4503
5.6600	0.005000	0.009335	0.002944	-0.002928	0.3555	0.0000	19.4494
5.6700	0.005000	0.009971	0.003799	0.005918	0.1533	9.8600	19.4484
5.6800	0.005000	0.010753	0.004530	0.012627	0.3621	0.0000	19.4475
5.6900	0.005000	0.011486	0.006035	0.026422	0.1577	9.8600	19.3979
5.7000	0.005000	0.012121	0.007133	0.034754	0.3621	0.0000	19.3970
5.7100	0.005000	0.012512	0.008902	0.048967	0.1555	9.8600	19.3961
5.7200	0.005000	0.012805	0.009215	0.047209	0.3621	0.0000	19.3952
5.7300	0.005000	0.013001	0.010354	0.053877	0.1577	9.8600	19.3942
5.7400	0.005000	0.013196	0.010297	0.047918	0.3621	0.0000	19.3933
5.7500	0.005000	0.013441	0.011126	0.051415	0.1555	9.8600	19.3924
5.7600	0.005000	0.013539	0.010869	0.043698	0.3599	0.0000	19.3915
5.7700	0.005000	0.013441	0.011536	0.045998	0.1577	9.8600	19.3905
5.7800	0.005000	0.013245	0.011168	0.037722	0.3599	0.0000	19.3896
5.7900	0.005000	0.012854	0.011750	0.039771	0.1600	9.8600	19.3447
5.8000	0.005000	0.012463	0.011326	0.031549	0.3621	0.0000	19.3437
5.8100	0.005000	0.011975	0.011868	0.033815	0.1555	9.8600	19.3428
5.8200	0.005000	0.011486	0.011409	0.025846	0.3577	0.0000	19.3419
5.8300	0.005000	0.010948	0.011250	0.021675	0.1533	9.8600	19.3410
5.8400	0.005000	0.010459	0.010671	0.013714	0.3555	0.0000	19.3401
5.8500	0.005000	0.009873	0.010111	0.006740	0.1488	9.8600	19.3392
5.8600	0.005000	0.009433	0.009155	-0.003487	0.3599	0.0000	19.3383
5.8700	0.005000	0.009091	0.008332	-0.011368	0.1466	9.8600	19.3373
5.8800	0.005000	0.008847	0.007814	-0.015419	0.3555	0.0000	19.3364
5.8900	0.005000	0.008651	0.006870	-0.023314	0.1466	9.8600	19.3032
5.9000	0.005000	0.008504	0.006508	-0.024604	0.3510	0.0000	19.3023
5.9100	0.005000	0.008358	0.005750	-0.029725	0.1488	9.8600	19.3013
5.9200	0.005000	0.008309	0.005453	-0.029721	0.3555	0.0000	19.3004
5.9300	0.005000	0.008456	0.004843	-0.032844	0.1488	9.8600	19.2995
5.9400	0.005000	0.008700	0.004601	-0.031983	0.3510	0.0000	19.2986
5.9500	0.005000	0.009189	0.004113	-0.033669	0.1466	9.8600	19.2977
5.9600	0.005000	0.009775	0.004742	-0.024003	0.3510	0.0000	19.2968
5.9700	0.005000	0.010459	0.004952	-0.019507	0.1533	9.8600	19.2959
5.9800	0.005000	0.011241	0.006153	-0.005550	0.3577	0.0000	19.2950
5.9900	0.005000	0.011975	0.006794	0.001414	0.1555	9.8600	19.2738
6.0000	0.005000	0.012708	0.008351	0.016846	0.3577	0.0000	19.2729
6.0100	0.005000	0.013392	0.008413	0.015779	0.1577	9.8600	19.2720
6.0200	0.005000	0.014125	0.008843	0.018505	0.3621	0.0000	19.2711
6.0300	0.005000	0.014858	0.008170	0.009920	0.1600	9.8600	19.2702
6.0400	0.005000	0.015640	0.008055	0.007778	0.3688	0.0000	19.2693
6.0500	0.005000	0.016373	0.006934	-0.004204	0.1644	9.8600	19.2684
6.0600	0.005000	0.017155	0.006459	-0.008532	0.3688	0.0000	19.2675
6.0700	0.005000	0.017889	0.005803	-0.014239	0.1644	9.8600	19.2666
6.0800	0.005000	0.018524	0.005579	-0.015061	0.3710	0.0000	19.2657
6.0900	0.005000	0.018915	0.006020	-0.009138	0.1666	9.8600	19.2367
6.1000	0.005000	0.019110	0.006486	-0.003572	0.3666	0.0000	19.2358
6.1100	0.005000	0.019257	0.006804	-0.000033	0.1644	9.8600	19.2349
6.1200	0.005000	0.019306	0.007094	0.002871	0.3710	0.0000	19.2340
6.1300	0.005000	0.019306	0.007376	0.005401	0.1666	9.8600	19.2331
6.1400	0.005000	0.019208	0.006742	-0.001475	0.3732	0.0000	19.2322
6.1500	0.005000	0.019110	0.006444	-0.004310	0.1666	9.8600	19.2313
6.1600	0.005000	0.018964	0.006080	-0.007513	0.3710	0.0000	19.2305
6.1700	0.005000	0.018817	0.006080	-0.006762	0.1622	9.8600	19.2296
6.1800	0.005000	0.018622	0.005812	-0.008766	0.3710	0.0000	19.2287
6.1900	0.005000	0.018133	0.005812	-0.007890	0.1644	9.8600	19.1903
6.2000	0.005000	0.017400	0.005436	-0.010859	0.3688	0.0000	19.1894
6.2100	0.005000	0.016373	0.005436	-0.009773	0.1600	9.8600	19.1886
6.2200	0.005000	0.015200	0.005148	-0.011676	0.3643	0.0000	19.1877
6.2300	0.005000	0.013832	0.005148	-0.010508	0.1600	9.8600	19.1868
6.2400	0.005000	0.012561	0.004768	-0.013262	0.3621	0.0000	19.1859
6.2500	0.005000	0.011193	0.004540	-0.014213	0.1533	8.0205	19.1850
6.2600	0.005000	0.009922	0.004271	-0.015483	0.2888	1.7955	19.1841
6.2700	0.005000	0.008749	0.004101	-0.015635	0.1866	0.0000	19.1833
6.2800	0.005000	0.007576	0.004101	-0.014071	0.0755	8.9536	19.1824
6.2900	0.005000	0.006598	0.003851	-0.015168	0.2622	4.9932	19.1745
6.3000	0.005000	0.005718	0.003672	-0.015439	0.2888	0.0000	19.1736
6.3100	0.005000	0.004888	0.003344	-0.017177	0.1111	8.5270	19.1727
6.3200	0.005000	0.004301	0.003180	-0.017098	0.2755	3.5368	19.1718
6.3300	0.005000	0.003910	0.002889	-0.018297	0.2399	0.0000	19.1709
6.3400	0.005000	0.003666	0.002664	-0.018718	0.0911	8.9247	19.1700
6.3500	0.005000	0.003568	0.002591	-0.017573	0.2755	4.5122	19.1692
6.3600	0.005000	0.003715	0.002538	-0.016351	0.2799	0.0000	19.1683
6.3700	0.005000	0.003763	0.002538	-0.014716	0.1044	9.3855	19.1674
6.3800	0.005000	0.004106	0.002379	-0.014835	0.2910	6.8910	19.1665
6.3900	0.005000	0.004643	0.002260	-0.014534	0.4066	2.0393	19.1732
6.4000	0.005000	0.005034	0.002172	-0.013963	0.2266	0.0000	19.1723
6.4100	0.005000	0.005621	0.001873	-0.015557	0.0822	9.8600	19.1715
6.4200	0.005000	0.006891	0.002516	-0.007575	0.2910	0.0000	19.1706
6.4300	0.005000	0.008162	0.002516	-0.006818	0.1333	9.8600	19.1697
6.4400	0.005000	0.009189	0.003011	-0.001183	0.3510	0.0000	19.1688
6.4500	0.005000	0.009971	0.003011	-0.001065	0.1466	9.8600	19.1679
6.4600	0.005000	0.010313	0.003374	0.002673	0.3577	0.0000	19.1671
6.4700	0.005000	0.010362	0.003374	0.002406	0.1511	9.8600	19.1662
6.4800	0.005000	0.010362	0.003642	0.004845	0.3555	0.0000	19.1653
6.4900	0.005000	0.010313	0.003642	0.004360	0.1511	9.8600	19.1592
6.5000	0.005000	0.010264	0.003841	0.005910	0.3577	0.0000	19.1583
6.5100	0.005000	0.010166	0.003841	0.005319	0.1511	9.8600	19.1574
6.5200	0.005000	0.010117	0.003118	-0.002436	0.3577	0.0000	19.1565
6.5300	0.005000	0.010068	0.003118	-0.002192	0.1511	9.8600	19.1557
6.5400	0.005000	0.009922	0.002567	-0.007490	0.3577	0.0000	19.1548
6.5500	0.005000	0.009677	0.002567	-0.006741	0.1511	9.8600	19.1539
6.5600	0.005000	0.009335	0.002163	-0.010103	0.3555	0.0000	19.1530
6.5700	0.005000	0.008895	0.002163	-0.009093	0.1488	9.8600	19.1522
6.5800	0.005000	0.008504	0.001866	-0.011156	0.3532	0.0000	19.1513
6.5900	0.005000	0.008260	0.001866	-0.010040	0.1488	9.8600	19.1511
6.6000	0.005000	0.008113	0.001646	-0.011235	0.3532	0.0000	19.1502
6.6100	0.005000	0.008016	0.001646	-0.010112	0.1466	9.8600	19.1493
6.6200	0.005000	0.007869	0.001483	-0.010733	0.3555	0.0000	19.1485
6.6300	0.005000	0.007771	0.001483	-0.009660	0.1488	9.8600	19.1476
6.6400	0.005000	0.007771	0.001361	-0.009909	0.3555	0.0000	19.1467
6.6500	0.005000	0.007918	0.001361	-0.008919	0.1488	9.8600	19.1458
6.6600	0.005000	0.008162	0.001270	-0.008933	0.3577	0.0000	19.1450
6.6700	0.005000	0.008602	0.001270	-0.008040	0.1511	9.8600	19.1441
6.6800	0.005000	0.009140	0.001203	-0.007913	0.3577	0.0000	19.1432
6.6900	0.005000	0.009629	0.001203	-0.007121	0.1511	9.8600	19.1482
6.7000	0.005000	0.009971	0.001152	-0.006915	0.3577	0.0000	19.1473
6.7100	0.005000	0.010264	0.001152	-0.006224	0.1511	9.8600	19.1465
6.7200	0.005000	0.010508	0.001114	-0.005980	0.3599	0.0000	19.1456
6.7300	0.005000	0.010802	0.001114	-0.005382	0.1533	9.8600	19.1447
6.7400	0.005000	0.011095	0.001086	-0.005127	0.3555	0.0000	19.1438
6.7500	0.005000	0.011437	0.001086	-0.004615	0.1511	9.8600	19.1430
6.7600	0.005000	0.011779	0.001065	-0.004365	0.3599	0.0000	19.1421
6.7700	0.005000	0.012170	0.001065	-0.003929	0.1555	9.8600	19.1412
6.7800	0.005000	0.012512	0.001049	-0.003695	0.3643	0.0000	19.1404
6.7900	0.005000	0.013001	0.001049	-0.003326	0.1555	9.8600	19.1439
6.8000	0.005000	0.013490	0.001037	-0.003112	0.3643	0.0000	19.1430
6.8100	0.005000	0.014076	0.001037	-0.002801	0.1555	9.8600	19.1421
6.8200	0.005000	0.014614	0.001028	-0.002610	0.3666	0.0000	19.1412
6.8300	0.005000	0.015005	0.001028	-0.002349	0.1622	9.8600	19.1404
6.8400	0.005000	0.015200	0.001021	-0.002181	0.3643	0.0000	19.1395
6.8500	0.005000	0.015347	0.001021	-0.001963	0.1600	9.8600	19.1386
6.8600	0.005000	0.015396	0.001016	-0.001817	0.3643	0.0000	19.1377
6.8700	0.005000	0.015445	0.001016	-0.001635	0.1600	9.8600	19.1369
6.8800	0.005000	0.015445	0.001059	-0.001041	0.3643	0.0000	19.1360
6.8900	0.005000	0.015396	0.001092	-0.000615	0.1600	9.8600	19.1305
6.9000	0.005000	0.015298	0.001332	0.001853	0.3643	0.0000	19.1296
6.9100	0.005000	0.015200	0.001511	0.003451	0.1577	9.8600	19.1288
6.9200	0.005000	0.015054	0.002151	0.009507	0.3643	0.0000	19.1279
6.9300	0.005000	0.014858	0.002567	0.012721	0.1577	9.8600	19.1270
6.9400	0.005000	0.014565	0.003941	0.025187	0.3666	0.0000	19.1262
6.9500	0.005000	0.014125	0.004673	0.029986	0.1577	9.8600	19.1253
6.9600	0.005000	0.013587	0.006303	0.043293	0.3643	0.0000	19.1244
6.9700	0.005000	0.012805	0.006903	0.044961	0.1577	9.8600	19.1235
6.9800	0.005000	0.012072	0.007663	0.048063	0.3599	0.0000	19.1227
6.9900	0.005000	0.011388	0.007228	0.038905	0.1533	9.8600	19.1135
7.0000	0.005000	0.010802	0.007227	0.035005	0.3599	0.0000	19.1127
7.0100	0.005000	0.010313	0.006204	0.021279	0.1533	9.8600	19.1118
7.0200	0.005000	0.009873	0.005754	0.014655	0.3599	0.0000	19.1109
7.0300	0.005000	0.009384	0.005107	0.006713	0.1511	9.8600	19.1101
7.0400	0.005000	0.008798	0.005621	0.011180	0.3555	0.0000	19.1092
7.0500	0.005000	0.008211	0.005675	0.010610	0.1533	8.9664	19.1083
7.0600	0.005000	0.007625	0.006744	0.020237	0.3266	3.9685	19.1075
7.0700	0.005000	0.007136	0.007225	0.023016	0.2844	0.0000	19.1066
7.0800	0.005000	0.006696	0.007577	0.024239	0.1066	8.5803	19.1057
7.0900	0.005000	0.006598	0.007200	0.018048	0.2799	4.1041	19.1193
7.1000	0.005000	0.006696	0.006923	0.013468	0.2710	0.0000	19.1184
7.1100	0.005000	0.006794	0.005665	-0.000457	0.1022	9.8600	19.1176
7.1200	0.005000	0.006989	0.005778	0.000721	0.3110	4.7675	19.1167
7.1300	0.005000	0.007136	0.005864	0.001505	0.3177	0.0314	19.1158
7.1400	0.005000	0.007087	0.005593	-0.001352	0.1177	0.0000	19.1150
7.1500	0.005000	0.007234	0.006093	0.050000	0.0489	9.8600	19.1141
7.1600	0.005000	0.007576	0.005895	0.048015	0.2644	0.0000	19.1132
7.1700	0.005000	0.007820	0.005895	0.043214	0.1244	9.8600	19.1124
7.1800	0.005000	0.008016	0.005747	0.037418	0.3399	0.0000	19.1115
7.1900	0.005000	0.008260	0.005747	0.033676	0.1444	9.8600	19.1191
7.2000	0.005000	0.008456	0.004599	0.018828	0.3532	0.0000	19.1182
7.2100	0.005000	0.008651	0.004599	0.016945	0.1511	9.8600	19.1173
7.2200	0.005000	0.008700	0.003779	0.007049	0.3577	0.0000	19.1165
7.2300	0.005000	0.008700	0.003779	0.006344	0.1511	9.8600	19.1156
7.2400	0.005000	0.008700	0.003186	-0.000221	0.3555	0.0000	19.1147
7.2500	0.005000	0.008602	0.003186	-0.000199	0.1488	9.8600	19.1138
7.2600	0.005000	0.008456	0.002616	-0.005880	0.3555	0.0000	19.1130
7.2700	0.005000	0.008211	0.002616	-0.005292	0.1488	9.8600	19.1121
7.2800	0.005000	0.007967	0.002199	-0.008930	0.3532	0.0000	19.1112
7.2900	0.005000	0.007722	0.002199	-0.008037	0.1488	9.8600	19.1231
7.3000	0.005000	0.007478	0.001892	-0.010300	0.3510	0.0000	19.1222
7.3100	0.005000	0.007283	0.001892	-0.009270	0.1488	0.0000	19.1213
7.3200	0.005000	0.007038	0.001892	-0.008343	0.0600	9.8600	19.1204
7.3300	0.005000	0.006940	0.001666	-0.009777	0.2755	0.0000	19.1196
7.3400	0.005000	0.006745	0.001666	-0.008799	0.1266	9.5514	19.1187
7.3500	0.005000	0.006500	0.001497	-0.009603	0.3332	5.9298	19.1178
7.3600	0.005000	0.006305	0.001372	-0.009893	0.3777	0.0000	19.1170
7.3700	0.005000	0.006109	0.001372	-0.008904	0.1400	8.6563	19.1161
7.3800	0.005000	0.006207	0.001279	-0.008946	0.2933	4.4593	19.1152
7.3900	0.005000	0.006500	0.001210	-0.008745	0.2844	0.0000	19.1429
7.4000	0.005000	0.006647	0.001210	-0.007870	0.1111	9.8600	19.1421
7.4100	0.005000	0.007185	0.001158	-0.007601	0.3199	1.6712	19.1412
7.4200	0.005000	0.007625	0.001158	-0.006841	0.2044	1.6215	19.1403
7.4300	0.005000	0.007918	0.001158	-0.006157	0.1222	5.2890	19.1394
7.4400	0.005000	0.008260	0.001158	-0.005541	0.1822	9.8600	19.1386
7.4500	0.005000	0.008407	0.001119	-0.005374	0.4332	1.4540	19.1377
7.4600	0.005000	0.008309	0.001090	-0.005130	0.2377	0.1342	19.1368
7.4700	0.005000	0.008211	0.001068	-0.004837	0.1000	3.0838	19.1359
7.4800	0.005000	0.008504	0.001051	-0.004522	0.0978	9.4683	19.1351
7.4900	0.005000	0.008749	0.001038	-0.004196	0.3377	9.8600	19.1688
7.5000	0.005000	0.008602	0.001437	0.000208	0.5754	0.0000	19.1680
7.5100	0.005000	0.008065	0.001751	0.003325	0.2133	9.7301	19.1671
7.5200	0.005000	0.007576	0.002152	0.007005	0.3910	6.7926	19.1662
7.5300	0.005000	0.007478	0.002508	0.009867	0.4465	0.0000	19.1653
7.5400	0.005000	0.007283	0.002508	0.008881	0.1622	0.0000	19.1644
7.5500	0.005000	0.007234	0.002508	0.007992	0.0644	9.8600	19.1636
7.5600	0.005000	0.007283	0.002792	0.010031	0.2710	0.0000	19.1627
7.5700	0.005000	0.007087	0.002691	0.008022	0.1222	9.8600	19.1618
7.5800	0.005000	0.006843	0.002698	0.007290	0.3399	0.0000	19.1609
7.5900	0.005000	0.006647	0.002540	0.004982	0.1444	9.5846	19.1418
7.6000	0.005000	0.006452	0.002442	0.003503	0.3421	6.2987	19.1409
7.6100	0.005000	0.006354	0.002422	0.002946	0.4043	0.0000	19.1400
7.6200	0.005000	0.006109	0.002388	0.002311	0.1466	8.8515	19.1392
7.6300	0.005000	0.006109	0.002331	0.001510	0.3132	4.7775	19.1383
7.6400	0.005000	0.006158	0.002355	0.001598	0.3044	0.0000	19.1374
7.6500	0.005000	0.006109	0.002355	0.001438	0.1177	9.5703	19.1365
7.6600	0.005000	0.006305	0.002363	0.001375	0.3110	7.2077	19.1357
7.6700	0.005000	0.006403	0.002364	0.001257	0.4288	0.9241	19.1348
7.6800	0.005000	0.006452	0.002364	0.001131	0.2044	0.0000	19.1339
7.6900	0.005000	0.006647	0.002364	0.001018	0.0755	9.8600	19.0919
7.7000	0.005000	0.006843	0.002328	0.000550	0.2821	0.0000	19.0910
7.7100	0.005000	0.006989	0.002291	0.000131	0.1289	9.8600	19.0902
7.7200	0.005000	0.006989	0.002262	-0.000173	0.3399	0.0000	19.0893
7.7300	0.005000	0.006940	0.002173	-0.001050	0.1444	9.8600	19.0884
7.7400	0.005000	0.006940	0.002096	-0.001710	0.3510	0.0000	19.0876
7.7500	0.005000	0.006940	0.002006	-0.002446	0.1466	0.9682	19.0867
7.7600	0.005000	0.006891	0.001966	-0.002594	0.0800	3.0042	19.0858
7.7700	0.005000	0.006891	0.001872	-0.003281	0.0933	5.9767	19.0850
7.7800	0.005000	0.006696	0.001801	-0.003659	0.2022	6.9768	19.0841
7.7900	0.005000	0.006403	0.001689	-0.004415	0.3266	3.1440	19.1017
7.8000	0.005000	0.005963	0.001605	-0.004811	0.2377	0.0000	19.1008
7.8100	0.005000	0.005621	0.001605	-0.004329	0.0866	8.9876	19.1000
7.8200	0.005000	0.005425	0.001452	-0.005427	0.2755	4.5735	19.0991
7.8300	0.005000	0.005230	0.001339	-0.006020	0.2821	0.0000	19.0982
7.8400	0.005000	0.004936	0.001339	-0.005418	0.1111	8.5270	19.0974
7.8500	0.005000	0.004692	0.001254	-0.005723	0.2755	3.5109	19.0965
7.8600	0.005000	0.004497	0.001191	-0.005784	0.2399	0.0000	19.0957
7.8700	0.005000	0.004301	0.001191	-0.005205	0.0866	8.8203	19.0948
7.8800	0.005000	0.004106	0.001143	-0.005158	0.2710	4.0082	19.0939
7.8900	0.005000	0.004008	0.001108	-0.004996	0.2599	0.0000	19.1167
7.9000	0.005000	0.003763	0.001108	-0.004496	0.0955	8.7136	19.1158
7.9100	0.005000	0.003617	0.001081	-0.004317	0.2733	4.0756	19.1149
7.9200	0.005000	0.003470	0.001061	-0.004086	0.2622	0.0000	19.1141
7.9300	0.005000	0.003275	0.001061	-0.003678	0.0955	8.7136	19.1132
7.9400	0.005000	0.003226	0.001046	-0.003461	0.2733	4.0653	19.1123
7.9500	0.005000	0.003128	0.001047	-0.003106	0.2644	0.0000	19.1115
7.9600	0.005000	0.003030	0.001047	-0.002795	0.0955	8.7195	19.1106
7.9700	0.005000	0.002981	0.001047	-0.002509	0.2733	3.7529	19.1097
7.9800	0.005000	0.002981	0.001047	-0.002258	0.2466	0.0000	19.1089
7.9900	0.005000	0.002933	0.001047	-0.002033	0.0911	8.7670	19.1286
8.0000	0.005000	0.002933	0.001048	-0.001825	0.2710	4.0100	19.1278
8.0100	0.005000	0.002933	0.001055	-0.001570	0.2599	0.0000	19.1269
8.0200	0.005000	0.002884	0.001055	-0.001413	0.0955	8.7136	19.1260
8.0300	0.005000	0.002981	0.001060	-0.001218	0.2733	4.1199	19.1251
8.0400	0.005000	0.003079	0.001065	-0.001055	0.2644	0.0000	19.1243
8.0500	0.005000	0.003079	0.001065	-0.000950	0.0978	9.0096	19.1234
8.0600	0.005000	0.003177	0.001068	-0.000824	0.2755	5.0325	19.1225
8.0700	0.005000	0.003372	0.001127	-0.000150	0.3021	0.0000	19.1217
8.0800	0.005000	0.003421	0.001127	-0.000135	0.1133	9.2893	19.1208
8.0900	0.005000	0.003617	0.001164	0.000251	0.3044	6.0587	19.1820
8.1000	0.005000	0.003715	0.001192	0.000507	0.3688	0.0000	19.1811
8.1100	0.005000	0.003666	0.001192	0.000457	0.1355	8.0620	19.1803
8.1200	0.005000	0.003666	0.001201	0.000500	0.2710	4.6520	19.1794
8.1300	0.005000	0.003666	0.001208	0.000520	0.2777	0.0000	19.1785
8.1400	0.005000	0.003617	0.001208	0.000468	0.1044	9.4050	19.1776
8.1500	0.005000	0.003568	0.001157	-0.000094	0.3021	5.8280	19.1767
8.1600	0.005000	0.003470	0.001118	-0.000468	0.3555	0.0000	19.1758
8.1700	0.005000	0.003177	0.001118	-0.000421	0.1311	8.2871	19.1750
8.1800	0.005000	0.002884	0.001089	-0.000668	0.2777	2.5953	19.1741
8.1900	0.005000	0.002884	0.001089	-0.000602	0.2066	0.0000	19.2065
8.2000	0.005000	0.002786	0.001089	-0.000541	0.0755	9.3299	19.2056
8.2100	0.005000	0.002737	0.001068	-0.000704	0.2755	5.6212	19.2047
8.2200	0.005000	0.002688	0.001051	-0.000798	0.3332	0.0000	19.2039
8.2300	0.005000	0.002444	0.001051	-0.000718	0.1266	8.3404	19.2030
8.2400	0.005000	0.002297	0.001039	-0.000770	0.2733	3.1055	19.2021
8.2500	0.005000	0.002297	0.001039	-0.000693	0.2177	0.0000	19.2012
8.2600	0.005000	0.002297	0.001039	-0.000624	0.0778	9.4820	19.2003
8.2700	0.005000	0.002297	0.001029	-0.000656	0.2844	6.0415	19.1994
8.2800	0.005000	0.002395	0.001022	-0.000660	0.3555	0.0000	19.1985
8.2900	0.005000	0.002444	0.001022	-0.000594	0.1311	9.0580	19.2265
8.3000	0.005000	0.002346	0.001017	-0.000587	0.3088	4.5238	19.2256
8.3100	0.005000	0.002444	0.001013	-0.000566	0.2910	0.0000	19.2248
8.3200	0.005000	0.002542	0.001013	-0.000509	0.1066	9.5100	19.2239
8.3300	0.005000	0.002590	0.001011	-0.000487	0.3066	6.1915	19.2230
8.3400	0.005000	0.002884	0.001009	-0.000458	0.3755	0.0000	19.2221
8.3500	0.005000	0.002981	0.001009	-0.000412	0.1355	9.6494	19.2212
8.3600	0.005000	0.003079	0.001007	-0.000386	0.3332	6.8552	19.2203
8.3700	0.005000	0.003372	0.001006	-0.000358	0.4199	0.3124	19.2194
8.3800	0.005000	0.003470	0.001005	-0.000332	0.1755	0.0000	19.2185
8.3900	0.005000	0.003666	0.001084	0.000496	0.0644	9.8600	19.2172
8.4000	0.005000	0.004399	0.001360	0.003204	0.2710	0.0000	19.2163
8.4100	0.005000	0.005181	0.001360	0.002884	0.1266	9.8600	19.2154
8.4200	0.005000	0.005767	0.001564	0.004637	0.3332	0.0000	19.2145
8.4300	0.005000	0.006305	0.001564	0.004174	0.1400	9.8600	19.2136
8.4400	0.005000	0.006745	0.001716	0.005272	0.3510	0.0000	19.2127
8.4500	0.005000	0.007283	0.001716	0.004745	0.1466	9.8600	19.2118
8.4600	0.005000	0.007722	0.001829	0.005399	0.3555	0.0000	19.2109
8.4700	0.005000	0.008162	0.001829	0.004860	0.1488	9.8600	19.2101
8.4800	0.005000	0.008553	0.001833	0.004413	0.3555	0.0000	19.2092
8.4900	0.005000	0.009042	0.001833	0.003972	0.1488	9.8600	19.2333
8.5000	0.005000	0.009433	0.001622	0.001461	0.3599	0.0000	19.2324
8.5100	0.005000	0.009971	0.001622	0.001315	0.1533	9.8600	19.2315
8.5200	0.005000	0.010557	0.001464	-0.000387	0.3577	0.0000	19.2307
8.5300	0.005000	0.011193	0.001464	-0.000348	0.1533	9.8600	19.2298
8.5400	0.005000	0.011877	0.001348	-0.001482	0.3577	0.0000	19.2289
8.5500	0.005000	0.012414	0.001348	-0.001334	0.1555	9.8600	19.2280
8.5600	0.005000	0.012854	0.001260	-0.002073	0.3599	0.0000	19.2271
8.5700	0.005000	0.013245	0.001260	-0.001866	0.1577	9.8600	19.2262
8.5800	0.005000	0.013636	0.001195	-0.002330	0.3666	0.0000	19.2253
8.5900	0.005000	0.013978	0.001195	-0.002097	0.1600	9.8600	19.2382
8.6000	0.005000	0.014223	0.001147	-0.002374	0.3710	0.0000	19.2373
8.6100	0.005000	0.014272	0.001147	-0.002137	0.1577	9.8600	19.2364
8.6200	0.005000	0.014174	0.001155	-0.001837	0.3666	0.0000	19.2355
8.6300	0.005000	0.013734	0.001162	-0.001590	0.1600	9.8600	19.2346
8.6400	0.005000	0.013245	0.001360	0.000554	0.3599	0.0000	19.2337
8.6500	0.005000	0.012561	0.001507	0.001972	0.1533	9.8600	19.2328
8.6600	0.005000	0.011779	0.001934	0.006043	0.3599	0.0000	19.2319
8.6700	0.005000	0.010850	0.002201	0.008108	0.1511	9.8600	19.2310
8.6800	0.005000	0.009775	0.002682	0.012110	0.3532	0.0000	19.2301
8.6900	0.005000	0.008798	0.002837	0.012448	0.1488	9.6894	19.2355
8.7000	0.005000	0.007771	0.003258	0.015409	0.3532	5.5135	19.2346
8.7100	0.005000	0.006843	0.003267	0.013962	0.3688	0.0000	19.2337
8.7200	0.005000	0.005865	0.003274	0.012636	0.1377	8.2071	19.2328
8.7300	0.005000	0.005132	0.003122	0.009851	0.2755	2.6342	19.2319
8.7400	0.005000	0.004545	0.003009	0.007733	0.2066	0.0000	19.2310
8.7500	0.005000	0.004008	0.002620	0.003076	0.0778	8.9269	19.2301
8.7600	0.005000	0.003617	0.002815	0.004715	0.2666	4.4500	19.2292
8.7700	0.005000	0.003275	0.002960	0.005694	0.2733	0.0000	19.2283
8.7800	0.005000	0.002884	0.002954	0.005060	0.1022	8.6337	19.2274
8.7900	0.005000	0.002590	0.002949	0.004505	0.2733	3.6849	19.2572
8.8000	0.005000	0.002444	0.002945	0.004018	0.2422	0.0000	19.2563
8.8100	0.005000	0.002151	0.002945	0.003617	0.0889	8.7936	19.2554
8.8200	0.005000	0.002004	0.002440	-0.001793	0.2688	4.4269	19.2545
8.8300	0.005000	0.001955	0.002071	-0.005309	0.2710	0.0000	19.2536
8.8400	0.005000	0.001857	0.002071	-0.004779	0.1000	8.9948	19.2527
8.8500	0.005000	0.001711	0.001798	-0.007026	0.2799	4.3896	19.2518
8.8600	0.005000	0.001711	0.001597	-0.008336	0.2755	0.0000	19.2509
8.8700	0.005000	0.001564	0.001597	-0.007502	0.1022	8.6337	19.2500
8.8800	0.005000	0.001417	0.001448	-0.008248	0.2710	3.5417	19.2491
8.8900	0.005000	0.001320	0.001448	-0.007423	0.2355	0.0000	19.2836
8.9000	0.005000	0.001026	0.001448	-0.006681	0.0844	8.8469	19.2827
8.9100	0.005000	0.000587	0.001336	-0.007127	0.2510	4.3148	19.2818
8.9200	0.005000	0.000293	0.001336	-0.006414	0.2444	0.0000	19.2809
8.9300	0.005000	0.000244	0.001336	-0.005773	0.0889	9.1533	19.2800
8.9400	0.005000	0.000098	0.001278	-0.005780	0.2755	4.7876	19.2791
8.9500	0.005000	0.000098	0.001270	-0.005281	0.2844	0.0000	19.2782
8.9600	0.005000	0.000098	0.001270	-0.004753	0.1022	8.8595	19.2773
8.9700	0.005000	0.000049	0.001291	-0.004063	0.2777	4.0760	19.2764
8.9800	0.005000	0.000049	0.001317	-0.003400	0.2622	0.0000	19.2755
8.9900	0.005000	0.000098	0.001317	-0.003060	0.0911	8.9919	19.3183
9.0000	0.005000	0.000000	0.001361	-0.002308	0.2755	4.3840	19.3174
9.0100	0.005000	0.000000	0.001390	-0.001796	0.2710	0.0000	19.3165
9.0200	0.005000	0.000049	0.001390	-0.001616	0.0978	9.1352	19.3155
9.0300	0.005000	0.000000	0.001403	-0.001323	0.2777	4.8996	19.3146
9.0400	0.005000	0.000000	0.001428	-0.000934	0.2910	0.0000	19.3137
9.0500	0.005000	0.000000	0.001428	-0.000841	0.1044	8.8189	19.3128
9.0600	0.005000	0.000000	0.001466	-0.000381	0.2777	4.1068	19.3119
9.0700	0.005000	0.000000	0.001481	-0.000192	0.2644	0.0000	19.3110
9.0800	0.005000	0.000000	0.001481	-0.000173	0.0955	8.8356	19.3101
9.0900	0.005000	0.000000	0.001487	-0.000096	0.2666	4.1917	19.3926
9.1000	0.005000	0.000000	0.001471	-0.000250	0.2599	0.0000	19.3917
9.1100	0.005000	0.000000	0.001471	-0.000225	0.0911	8.7989	19.3907
9.1200	0.005000	0.000000	0.001432	-0.000588	0.2688	3.9833	19.3898
9.1300	0.005000	0.000000	0.001432	-0.000530	0.2510	0.0000	19.3889
9.1400	0.005000	0.000000	0.001432	-0.000477	0.0866	8.8203	19.3880
9.1500	0.005000	0.000000	0.001390	-0.000849	0.2666	4.0615	19.3870
9.1600	0.005000	0.000000	0.001348	-0.001184	0.2555	0.0000	19.3861
9.1700	0.005000	0.000000	0.001348	-0.001066	0.0911	8.7670	19.3852
9.1800	0.005000	0.000000	0.001317	-0.001273	0.2666	3.9282	19.3843
9.1900	0.005000	0.000000	0.001317	-0.001146	0.2488	0.0000	19.4649
9.2000	0.005000	0.000000	0.001317	-0.001031	0.0911	8.7670	19.4640
9.2100	0.005000	0.000000	0.001296	-0.001137	0.2622	3.9816	19.4630
9.2200	0.005000	0.000000	0.001296	-0.001024	0.2488	0.0000	19.4621
9.2300	0.005000	0.000000	0.001296	-0.000921	0.0889	8.7936	19.4611
9.2400	0.005000	0.000000	0.001280	-0.000986	0.2688	3.9682	19.4602
9.2500	0.005000	0.000000	0.001280	-0.000887	0.2510	0.0000	19.4593
9.2600	0.005000	0.000000	0.001280	-0.000798	0.0889	8.7936	19.4583
9.2700	0.005000	0.000000	0.001268	-0.000836	0.2666	3.9949	19.4574
9.2800	0.005000	0.000000	0.001268	-0.000752	0.2533	0.0000	19.4565
9.2900	0.005000	0.000000	0.001268	-0.000677	0.0889	8.7936	19.5265
9.3000	0.005000	0.000000	0.001273	-0.000567	0.2666	3.9949	19.5256
9.3100	0.005000	0.000000	0.001273	-0.000510	0.2510	0.0000	19.5246
9.3200	0.005000	0.000000	0.001273	-0.000459	0.0866	8.8203	19.5237
9.3300	0.005000	0.000000	0.001276	-0.000381	0.2666	4.0615	19.5227
9.3400	0.005000	0.000000	0.001270	-0.000397	0.2555	0.0000	19.5218
9.3500	0.005000	0.000000	0.001270	-0.000358	0.0911	8.7670	19.5208
9.3600	0.005000	0.000000	0.001261	-0.000415	0.2644	3.9549	19.5199
9.3700	0.005000	0.000000	0.001261	-0.000373	0.2466	0.0000	19.5189
9.3800	0.005000	0.000000	0.001261	-0.000336	0.0889	8.7936	19.5180
9.3900	0.005000	0.000000	0.001254	-0.000372	0.2666	3.9949	19.6256
9.4000	0.005000	0.000000	0.001254	-0.000335	0.2533	0.0000	19.6246
9.4100	0.005000	0.000000	0.001254	-0.000302	0.0911	8.7670	19.6236
9.4200	0.005000	0.000000	0.001251	-0.000298	0.2688	3.9016	19.6227
9.4300	0.005000	0.000000	0.001251	-0.000268	0.2488	0.0000	19.6217
9.4400	0.005000	0.000000	0.001251	-0.000241	0.0889	8.7936	19.6207
9.4500	0.005000	0.000000	0.001250	-0.000237	0.2666	3.9949	19.6198
9.4600	0.005000	0.000000	0.001250	-0.000213	0.2510	0.0000	19.6188
9.4700	0.005000	0.000000	0.001250	-0.000192	0.0866	8.8203	19.6178
9.4800	0.005000	0.000000	0.001264	-0.000030	0.2688	4.0349	19.6168
9.4900	0.005000	0.000000	0.001264	-0.000025	0.2555	0.0000	19.7113
9.5000	0.005000	0.000000	0.001264	-0.000023	0.0889	8.7936	19.7104
9.5100	0.005000	0.000000	0.001264	-0.000019	0.2666	3.9949	19.7094
9.5200	0.005000	0.000000	0.001264	-0.000017	0.2488	0.0000	19.7084
9.5300	0.005000	0.000000	0.001264	-0.000015	0.0866	8.8203	19.7074
9.5400	0.005000	0.000000	0.001262	-0.000039	0.2666	4.0615	19.7064
9.5500	0.005000	0.000000	0.001247	-0.000185	0.2555	0.0000	19.7054
9.5600	0.005000	0.000000	0.001247	-0.000166	0.0911	8.7670	19.7044
9.5700	0.005000	0.000000	0.001233	-0.000288	0.2666	3.9282	19.7034
9.5800	0.005000	0.000000	0.001233	-0.000259	0.2466	0.0000	19.7025
9.5900	0.005000	0.000000	0.001233	-0.000233	0.0889	8.7936	19.7797
9.6000	0.005000	0.000000	0.001236	-0.000183	0.2666	3.9949	19.7787
9.6100	0.005000	0.000000	0.001236	-0.000165	0.2510	0.0000	19.7777
9.6200	0.005000	0.000000	0.001236	-0.000148	0.0889	8.7936	19.7767
9.6300	0.005000	0.000000	0.001240	-0.000087	0.2688	3.9682	19.7757
9.6400	0.005000	0.000000	0.001240	-0.000078	0.2533	0.0000	19.7747
9.6500	0.005000	0.000000	0.001240	-0.000070	0.0889	8.7936	19.7737
9.6600	0.005000	0.000000	0.001241	-0.000055	0.2644	4.0216	19.7727
9.6700	0.005000	0.000000	0.001241	-0.000049	0.2488	0.0000	19.7717
9.6800	0.005000	0.000000	0.001241	-0.000044	0.0889	8.7936	19.7707
9.6900	0.005000	0.000000	0.001255	0.000098	0.2666	3.9949	19.8798
9.7000	0.005000	0.000000	0.001255	0.000088	0.2510	0.0000	19.8788
9.7100	0.005000	0.000000	0.001255	0.000079	0.0889	8.7936	19.8777
9.7200	0.005000	0.000000	0.001265	0.000174	0.2666	3.9949	19.8767
9.7300	0.005000	0.000000	0.001265	0.000157	0.2510	0.0000	19.8757
9.7400	0.005000	0.000000	0.001265	0.000141	0.0889	8.7936	19.8747
9.7500	0.005000	0.000000	0.001273	0.000204	0.2666	3.9949	19.8736
9.7600	0.005000	0.000000	0.001273	0.000184	0.2510	0.0000	19.8726
9.7700	0.005000	0.000000	0.001273	0.000165	0.0889	8.7936	19.8716
9.7800	0.005000	0.000000	0.001276	0.000181	0.2666	3.9949	19.8706
9.7900	0.005000	0.000000	0.001276	0.000163	0.2510	0.0000	19.9635
9.8000	0.005000	0.000000	0.001276	0.000146	0.0889	8.7936	19.9624
9.8100	0.005000	0.000000	0.001281	0.000182	0.2666	3.9949	19.9614
9.8200	0.005000	0.000000	0.001281	0.000163	0.2533	0.0000	19.9604
9.8300	0.005000	0.000000	0.001281	0.000147	0.0911	8.7670	19.9593
9.8400	0.005000	0.000000	0.001285	0.000170	0.2666	3.9282	19.9583
9.8500	0.005000	0.000000	0.001285	0.000153	0.2488	0.0000	19.9573
9.8600	0.005000	0.000000	0.001285	0.000138	0.0866	8.8203	19.9562
9.8700	0.005000	0.000000	0.001290	0.000178	0.2688	4.0349	19.9552
9.8800	0.005000	0.000000	0.001281	0.000070	0.2555	0.0000	19.9541
9.8900	0.005000	0.000000	0.001281	0.000063	0.0911	8.7670	20.0236
9.9000	0.005000	0.000000	0.001274	-0.000011	0.2666	3.9282	20.0225
9.9100	0.005000	0.000000	0.001274	-0.000010	0.2488	0.0000	20.0214
9.9200	0.005000	0.000000	0.001274	-0.000009	0.0889	8.7936	20.0204
9.9300	0.005000	0.000000	0.001269	-0.000059	0.2666	3.9949	20.0193
9.9400	0.005000	0.000000	0.001269	-0.000053	0.2533	0.0000	20.0183
9.9500	0.005000	0.000000	0.001269	-0.000047	0.0889	8.7936	20.0172
9.9600	0.005000	0.000000	0.001265	-0.000081	0.2666	3.9949	20.0162
9.9700	0.005000	0.000000	0.001265	-0.000073	0.2510	0.0000	20.0152
9.9800	0.005000	0.000000	0.001265	-0.000065	0.0911	8.7670	20.0141
9.9900	0.005000	0.000000	0.001257	-0.000140	0.2644	3.9549	20.1124
10.0000	0.005000	0.000000	0.001257	-0.000126	0.2488	0.0000	20.1113
10.0100	0.005000	0.000000	0.001257	-0.000113	0.0889	8.7936	20.1103
10.0200	0.005000	0.000000	0.001264	-0.000032	0.2666	3.9949	20.1092
10.0300	0.005000	0.000000	0.001264	-0.000028	0.2488	0.0000	20.1081
10.0400	0.005000	0.000000	0.001264	-0.000026	0.0889	8.7936	20.1071
10.0500	0.005000	0.000000	0.001272	0.000056	0.2688	3.9682	20.1060
10.0600	0.005000	0.000000	0.001265	-0.000022	0.2555	0.0000	20.1049
10.0700	0.005000	0.000000	0.001265	-0.000019	0.0889	8.7936	20.1039
10.0800	0.005000	0.000000	0.001262	-0.000045	0.2688	3.9682	20.1028
10.0900	0.005000	0.000000	0.001250	-0.000166	0.2555	0.0000	20.1809
10.1000	0.005000	0.000000	0.001250	-0.000149	0.0911	8.7670	20.1798
10.1100	0.005000	0.000000	0.001235	-0.000281	0.2622	3.9816	20.1787
10.1200	0.005000	0.000000	0.001235	-0.000253	0.2466	0.0000	20.1776
10.1300	0.005000	0.000000	0.001235	-0.000227	0.0866	8.8203	20.1765
10.1400	0.005000	0.000000	0.001224	-0.000314	0.2688	4.0349	20.1754
10.1500	0.005000	0.000000	0.001224	-0.000283	0.2533	0.0000	20.1744
10.1600	0.005000	0.000000	0.001224	-0.000255	0.0866	8.8203	20.1733
10.1700	0.005000	0.000000	0.001232	-0.000155	0.2688	4.0349	20.1722
10.1800	0.005000	0.000000	0.001222	-0.000240	0.2555	0.0000	20.1711
10.1900	0.005000	0.000000	0.001222	-0.000216	0.0933	8.7403	20.2274
10.2000	0.005000	0.000000	0.001227	-0.000139	0.2666	3.8616	20.2263
10.2100	0.005000	0.000000	0.001227	-0.000125	0.2444	0.0000	20.2252
10.2200	0.005000	0.000000	0.001227	-0.000113	0.0889	8.7936	20.2241
10.2300	0.005000	0.000000	0.001236	-0.000008	0.2666	3.9949	20.2230
10.2400	0.005000	0.000000	0.001236	-0.000007	0.2488	0.0000	20.2219
10.2500	0.005000	0.000000	0.001236	-0.000006	0.0889	8.7936	20.2208
10.2600	0.005000	0.000000	0.001241	0.000038	0.2666	3.9949	20.2198
10.2700	0.005000	0.000000	0.001241	0.000035	0.2533	0.0000	20.2187
10.2800	0.005000	0.000000	0.001241	0.000031	0.0911	8.7670	20.2176
10.2900	0.005000	0.000000	0.001244	0.000061	0.2688	3.9016	20.3023
10.3000	0.005000	0.000000	0.001244	0.000055	0.2488	0.0000	20.3012
10.3100	0.005000	0.000000	0.001244	0.000049	0.0889	8.7936	20.3001
10.3200	0.005000	0.000000	0.001257	0.000174	0.2644	4.0216	20.2989
10.3300	0.005000	0.000000	0.001257	0.000157	0.2533	0.0000	20.2978
10.3400	0.005000	0.000000	0.001257	0.000141	0.0911	8.7670	20.2967
10.3500	0.005000	0.000000	0.001267	0.000224	0.2666	3.9282	20.2956
10.3600	0.005000	0.000000	0.001267	0.000202	0.2510	0.0000	20.2945
10.3700	0.005000	0.000000	0.001267	0.000181	0.0889	8.7936	20.2934
10.3800	0.005000	0.000000	0.001271	0.000210	0.2644	4.0216	20.2923
10.3900	0.005000	0.000000	0.001271	0.000189	0.2488	0.0000	20.3592
10.4000	0.005000	0.000000	0.001271	0.000170	0.0889	8.7936	20.3581
10.4100	0.005000	0.000000	0.001275	0.000188	0.2666	3.9949	20.3570
10.4200	0.005000	0.000000	0.001275	0.000169	0.2510	0.0000	20.3559
10.4300	0.005000	0.000000	0.001275	0.000152	0.0866	8.8203	20.3548
10.4400	0.005000	0.000000	0.001272	0.000111	0.2644	4.0882	20.3536
10.4500	0.005000	0.000000	0.001260	-0.000025	0.2555	0.0000	20.3525
10.4600	0.005000	0.000000	0.001260	-0.000022	0.0911	8.7670	20.3514
10.4700	0.005000	0.000000	0.001251	-0.000113	0.2666	3.9282	20.3503
10.4800	0.005000	0.000000	0.001251	-0.000102	0.2466	0.0000	20.3492
10.4900	0.005000	0.000000	0.001251	-0.000092	0.0866	8.8203	20.3952
10.5000	0.005000	0.000000	0.001249	-0.000100	0.2688	4.0349	20.3941
10.5100	0.005000	0.000000	0.001234	-0.000234	0.2555	0.0000	20.3930
10.5200	0.005000	0.000000	0.001234	-0.000211	0.0911	8.7670	20.3918
10.5300	0.005000	0.000000	0.001229	-0.000245	0.2688	3.9016	20.3907
10.5400	0.005000	0.000000	0.001229	-0.000221	0.2488	0.0000	20.3896
10.5500	0.005000	0.000000	0.001229	-0.000199	0.0866	8.8203	20.3885
10.5600	0.005000	0.000000	0.001238	-0.000090	0.2666	4.0615	20.3874
10.5700	0.005000	0.000049	0.001238	-0.000081	0.2533	0.0000	20.3862
10.5800	0.005000	0.000098	0.001238	-0.000073	0.0889	8.9411	20.3851
10.5900	0.005000	0.000049	0.001255	0.000106	0.2755	4.2570	20.4594
10.6000	0.005000	0.000196	0.001270	0.000251	0.2710	0.0000	20.4583
10.6100	0.005000	0.000342	0.001270	0.000225	0.0978	9.4488	20.4571
10.6200	0.005000	0.000342	0.001280	0.000302	0.2977	5.7295	20.4560
10.6300	0.005000	0.000489	0.001271	0.000174	0.3488	0.0000	20.4548
10.6400	0.005000	0.000684	0.001271	0.000157	0.1289	9.4911	20.4537
10.6500	0.005000	0.000782	0.001248	-0.000080	0.3221	6.1650	20.4526
10.6600	0.005000	0.001075	0.001207	-0.000489	0.3777	0.0000	20.4514
10.6700	0.005000	0.001515	0.001155	-0.000954	0.1355	9.8600	20.4503
10.6800	0.005000	0.002053	0.002133	0.008918	0.3377	0.0000	20.4492
10.6900	0.005000	0.002884	0.002835	0.015048	0.1400	9.8600	20.4561
10.7000	0.005000	0.003715	0.003445	0.019643	0.3466	0.0000	20.4549
10.7100	0.005000	0.004594	0.003890	0.022127	0.1422	9.8600	20.4538
10.7200	0.005000	0.005132	0.004371	0.024719	0.3488	0.0000	20.4527
10.7300	0.005000	0.005523	0.003735	0.015889	0.1444	9.8600	20.4515
10.7400	0.005000	0.005621	0.003416	0.011116	0.3488	0.0000	20.4504
10.7500	0.005000	0.005670	0.003085	0.006692	0.1444	9.8600	20.4493
10.7600	0.005000	0.005621	0.002948	0.004650	0.3488	0.0000	20.4481
10.7700	0.005000	0.005621	0.002697	0.001677	0.1444	9.8600	20.4470
10.7800	0.005000	0.005621	0.002598	0.000518	0.3488	0.0000	20.4459
10.7900	0.005000	0.005767	0.002384	-0.001673	0.1422	9.8600	20.4407
10.8000	0.005000	0.005865	0.002296	-0.002388	0.3421	0.0000	20.4396
10.8100	0.005000	0.006109	0.002124	-0.003871	0.1422	9.8600	20.4384
10.8200	0.005000	0.006207	0.002053	-0.004194	0.3510	0.0000	20.4373
10.8300	0.005000	0.006305	0.001913	-0.005167	0.1466	9.8600	20.4362
10.8400	0.005000	0.006354	0.001856	-0.005225	0.3532	0.0000	20.4350
10.8500	0.005000	0.006403	0.001756	-0.005699	0.1466	9.8600	20.4339
10.8600	0.005000	0.006354	0.001720	-0.005491	0.3510	0.0000	20.4328
10.8700	0.005000	0.006305	0.001698	-0.005161	0.1444	9.8600	20.4316
10.8800	0.005000	0.006354	0.001717	-0.004460	0.3488	0.0000	20.4305
10.8900	0.005000	0.006403	0.001748	-0.003699	0.1444	9.8600	20.4153
10.9000	0.005000	0.006549	0.001796	-0.002850	0.3510	0.0000	20.4142
10.9100	0.005000	0.006745	0.001899	-0.001533	0.1444	9.8600	20.4131
10.9200	0.005000	0.007038	0.001960	-0.000774	0.3510	0.0000	20.4119
10.9300	0.005000	0.007283	0.002283	0.002532	0.1488	9.8600	20.4108
10.9400	0.005000	0.007380	0.002580	0.005251	0.3555	0.0000	20.4097
10.9500	0.005000	0.007478	0.003810	0.017032	0.1466	9.8600	20.4086
10.9600	0.005000	0.007478	0.004699	0.024219	0.3532	0.0000	20.4074
10.9700	0.005000	0.007478	0.005496	0.029759	0.1488	9.8600	20.4063
10.9800	0.005000	0.007478	0.005868	0.030502	0.3510	0.0000	20.4052
10.9900	0.005000	0.007527	0.006272	0.031499	0.1444	9.8600	20.3796
11.0000	0.005000	0.007527	0.005707	0.022694	0.3532	0.0000	20.3785
11.0100	0.005000	0.007625	0.005418	0.017540	0.1466	9.8600	20.3774
11.0200	0.005000	0.007674	0.005137	0.012970	0.3555	0.0000	20.3763
11.0300	0.005000	0.007820	0.005023	0.010539	0.1511	9.8600	20.3751
11.0400	0.005000	0.007918	0.004814	0.007396	0.3577	0.0000	20.3740
11.0500	0.005000	0.008113	0.004735	0.005859	0.1466	9.8600	20.3729
11.0600	0.005000	0.008358	0.004557	0.003495	0.3555	0.0000	20.3718
11.0700	0.005000	0.008602	0.004557	0.003146	0.1511	9.8600	20.3707
11.0800	0.005000	0.008895	0.004427	0.001536	0.3577	0.0000	20.3695
11.0900	0.005000	0.009189	0.004427	0.001382	0.1511	9.8600	20.3324
11.1000	0.005000	0.009433	0.004247	-0.000562	0.3599	0.0000	20.3312
11.1100	0.005000	0.009580	0.004247	-0.000506	0.1533	9.8600	20.3301
11.1200	0.005000	0.009726	0.004110	-0.001825	0.3555	0.0000	20.3290
11.1300	0.005000	0.009922	0.004110	-0.001643	0.1533	9.8600	20.3279
11.1400	0.005000	0.009971	0.003937	-0.003202	0.3577	0.0000	20.3268
11.1500	0.005000	0.009971	0.003937	-0.002881	0.1533	9.8600	20.3257
11.1600	0.005000	0.009971	0.003817	-0.003795	0.3621	0.0000	20.3246
11.1700	0.005000	0.009873	0.003817	-0.003416	0.1533	9.8600	20.3235
11.1800	0.005000	0.009824	0.003730	-0.003944	0.3599	0.0000	20.3224
11.1900	0.005000	0.009726	0.003730	-0.003550	0.1511	9.8600	20.2729
11.2000	0.005000	0.009629	0.003660	-0.003898	0.3555	0.0000	20.2718
11.2100	0.005000	0.009531	0.003660	-0.003508	0.1511	9.8600	20.2707
11.2200	0.005000	0.009531	0.003610	-0.003656	0.3577	0.0000	20.2696
11.2300	0.005000	0.009677	0.003610	-0.003290	0.1511	9.8600	20.2685
11.2400	0.005000	0.009873	0.003573	-0.003335	0.3577	0.0000	20.2674
11.2500	0.005000	0.010117	0.003573	-0.003001	0.1511	9.8600	20.2663
11.2600	0.005000	0.010362	0.003539	-0.003033	0.3577	0.0000	20.2652
11.2700	0.005000	0.010753	0.003539	-0.002730	0.1511	9.8600	20.2641
11.2800	0.005000	0.011290	0.003512	-0.002732	0.3577	0.0000	20.2630
11.2900	0.005000	0.012072	0.003512	-0.002459	0.1555	9.8600	20.2079
11.3000	0.005000	0.013050	0.003499	-0.002340	0.3621	0.0000	20.2068
11.3100	0.005000	0.014174	0.003499	-0.002106	0.1577	9.8600	20.2057
11.3200	0.005000	0.015396	0.003498	-0.001912	0.3643	0.0000	20.2046
11.3300	0.005000	0.016422	0.003498	-0.001721	0.1622	9.8600	20.2036
11.3400	0.005000	0.017009	0.003509	-0.001431	0.3688	0.0000	20.2025
11.3500	0.005000	0.017351	0.003509	-0.001288	0.1644	9.8600	20.2014
11.3600	0.005000	0.017644	0.003529	-0.000966	0.3666	0.0000	20.2003
11.3700	0.005000	0.017889	0.003529	-0.000869	0.1666	9.8600	20.1992
11.3800	0.005000	0.018133	0.003559	-0.000480	0.3710	0.0000	20.1981
11.3900	0.005000	0.018231	0.003559	-0.000432	0.1644	9.8600	20.1252
11.4000	0.005000	0.018231	0.003592	-0.000057	0.3710	0.0000	20.1241
11.4100	0.005000	0.018182	0.003592	-0.000051	0.1622	9.8600	20.1230
11.4200	0.005000	0.018133	0.003622	0.000255	0.3688	0.0000	20.1219
11.4300	0.005000	0.018035	0.003622	0.000229	0.1622	9.8600	20.1209
11.4400	0.005000	0.017937	0.003642	0.000405	0.3666	0.0000	20.1198
11.4500	0.005000	0.017595	0.003642	0.000365	0.1644	9.8600	20.1187
11.4600	0.005000	0.017107	0.003657	0.000477	0.3666	0.0000	20.1177
11.4700	0.005000	0.016227	0.003657	0.000430	0.1600	9.8600	20.1166
11.4800	0.005000	0.015054	0.003660	0.000420	0.3643	0.0000	20.1155
11.4900	0.005000	0.013734	0.003660	0.000378	0.1555	9.8600	20.0329
11.5000	0.005000	0.012512	0.003650	0.000234	0.3599	0.0000	20.0319
11.5100	0.005000	0.011290	0.003650	0.000211	0.1555	8.3679	20.0308
11.5200	0.005000	0.010068	0.003563	-0.000680	0.3021	2.5039	20.0298
11.5300	0.005000	0.008895	0.003563	-0.000612	0.2177	0.0000	20.0287
11.5400	0.005000	0.007771	0.003563	-0.000551	0.0889	8.7936	20.0276
11.5500	0.005000	0.006843	0.003375	-0.002372	0.2644	4.2786	20.0266
11.5600	0.005000	0.005963	0.003120	-0.004690	0.2710	0.0000	20.0255
11.5700	0.005000	0.005083	0.003120	-0.004221	0.1022	8.6337	20.0245
11.5800	0.005000	0.004643	0.002822	-0.006778	0.2755	4.1031	20.0234
11.5900	0.005000	0.004350	0.002481	-0.009506	0.2622	0.0000	19.9659
11.6000	0.005000	0.003861	0.002481	-0.008556	0.0978	8.6870	19.9649
11.6100	0.005000	0.003617	0.002189	-0.010624	0.2688	4.2591	19.9638
11.6200	0.005000	0.003568	0.001978	-0.011671	0.2688	0.0000	19.9628
11.6300	0.005000	0.003275	0.001978	-0.010504	0.0978	8.7290	19.9617
11.6400	0.005000	0.003128	0.001824	-0.010994	0.2733	3.8732	19.9607
11.6500	0.005000	0.003079	0.001685	-0.011281	0.2555	0.0000	19.9597
11.6600	0.005000	0.002933	0.001685	-0.010153	0.0955	8.7136	19.9586
11.6700	0.005000	0.002786	0.001590	-0.010092	0.2688	3.7683	19.9576
11.6800	0.005000	0.002835	0.001531	-0.009673	0.2488	0.0000	19.9566
11.6900	0.005000	0.002688	0.001531	-0.008706	0.0911	8.7670	19.9029
11.7000	0.005000	0.002639	0.001487	-0.008276	0.2688	4.0979	19.9019
11.7100	0.005000	0.002688	0.001698	-0.005329	0.2622	0.0000	19.9009
11.7200	0.005000	0.002590	0.002900	0.007216	0.0955	8.7353	19.8998
11.7300	0.005000	0.002590	0.003843	0.015925	0.2710	3.9790	19.8988
11.7400	0.005000	0.002786	0.004489	0.020794	0.2599	0.0000	19.8978
11.7500	0.005000	0.002835	0.004941	0.023236	0.0955	9.2503	19.8968
11.7600	0.005000	0.002933	0.005203	0.023532	0.2866	5.6256	19.8957
11.7700	0.005000	0.003079	0.004425	0.013395	0.3310	0.0000	19.8947
11.7800	0.005000	0.003079	0.003757	0.005377	0.1244	9.0721	19.8937
11.7900	0.005000	0.003030	0.003417	0.001444	0.3021	4.8113	19.8840
11.8000	0.005000	0.003275	0.003319	0.000316	0.3066	0.0000	19.8830
11.8100	0.005000	0.003470	0.003264	-0.000265	0.1111	9.8600	19.8819
11.8200	0.005000	0.003763	0.003313	0.000249	0.3177	5.2684	19.8809
11.8300	0.005000	0.004301	0.003740	0.004498	0.3421	1.5498	19.8799
11.8400	0.005000	0.004643	0.004054	0.007183	0.1777	1.0349	19.8789
11.8500	0.005000	0.005181	0.004054	0.006465	0.0955	5.5423	19.8779
11.8600	0.005000	0.006403	0.004054	0.005818	0.1644	9.8600	19.8768
11.8700	0.005000	0.007722	0.004290	0.007599	0.4266	0.0000	19.8758
11.8800	0.005000	0.008553	0.004825	0.012193	0.1711	9.8600	19.8748
11.8900	0.005000	0.009335	0.005240	0.015125	0.3688	0.0000	19.8586
11.9000	0.005000	0.010215	0.005375	0.014959	0.1555	9.8600	19.8576
11.9100	0.005000	0.011144	0.005463	0.014342	0.3599	0.0000	19.8566
11.9200	0.005000	0.012072	0.005600	0.014279	0.1533	9.8600	19.8556
11.9300	0.005000	0.012952	0.005261	0.009459	0.3599	0.0000	19.8546
11.9400	0.005000	0.013881	0.005091	0.006813	0.1555	9.8600	19.8536
11.9500	0.005000	0.014761	0.004880	0.004023	0.3643	0.0000	19.8525
11.9600	0.005000	0.015543	0.004794	0.002762	0.1600	9.8600	19.8515
11.9700	0.005000	0.016178	0.004635	0.000894	0.3643	0.0000	19.8505
11.9800	0.005000	0.016667	0.004635	0.000805	0.1622	9.8600	19.8495
11.9900	0.005000	0.016960	0.004527	-0.000354	0.3688	0.0000	19.8223
12.0000	0.005000	0.017058	0.004527	-0.000318	0.1644	9.8600	19.8213
12.0100	0.005000	0.017155	0.004370	-0.001859	0.3710	0.0000	19.8203
12.0200	0.005000	0.017107	0.004370	-0.001673	0.1622	9.8600	19.8193
12.0300	0.005000	0.017107	0.004255	-0.002649	0.3666	0.0000	19.8183
12.0400	0.005000	0.017058	0.004255	-0.002384	0.1622	9.8600	19.8172
12.0500	0.005000	0.016960	0.004110	-0.003599	0.3688	0.0000	19.8162
12.0600	0.005000	0.016911	0.004110	-0.003239	0.1622	9.8600	19.8152
12.0700	0.005000	0.016862	0.004007	-0.003945	0.3688	0.0000	19.8142
12.0800	0.005000	0.016618	0.004007	-0.003550	0.1622	9.8600	19.8132
12.0900	0.005000	0.016325	0.003928	-0.003990	0.3666	0.0000	19.7718
12.1000	0.005000	0.015982	0.003928	-0.003591	0.1622	9.8600	19.7708
12.1100	0.005000	0.015689	0.003860	-0.003905	0.3643	0.0000	19.7698
12.1200	0.005000	0.015543	0.003860	-0.003515	0.1600	9.8600	19.7688
12.1300	0.005000	0.015543	0.003810	-0.003667	0.3666	0.0000	19.7678
12.1400	0.005000	0.015591	0.003810	-0.003300	0.1600	9.8600	19.7668
12.1500	0.005000	0.015738	0.003770	-0.003373	0.3666	0.0000	19.7658
12.1600	0.005000	0.015885	0.003770	-0.003036	0.1600	9.8600	19.7648
12.1700	0.005000	0.016178	0.003734	-0.003086	0.3643	0.0000	19.7638
12.1800	0.005000	0.016520	0.003734	-0.002778	0.1622	9.8600	19.7628
12.1900	0.005000	0.017009	0.003710	-0.002739	0.3688	0.0000	19.7152
12.2000	0.005000	0.017351	0.003710	-0.002465	0.1622	9.8600	19.7142
12.2100	0.005000	0.017693	0.003698	-0.002345	0.3688	0.0000	19.7132
12.2200	0.005000	0.017986	0.003698	-0.002111	0.1644	9.8600	19.7122
12.2300	0.005000	0.018280	0.003696	-0.001916	0.3732	0.0000	19.7112
12.2400	0.005000	0.018573	0.003696	-0.001724	0.1644	9.8600	19.7102
12.2500	0.005000	0.018817	0.003698	-0.001538	0.3688	0.0000	19.7092
12.2600	0.005000	0.019013	0.003698	-0.001384	0.1644	9.8600	19.7082
12.2700	0.005000	0.019159	0.003709	-0.001131	0.3732	0.0000	19.7073
12.2800	0.005000	0.019257	0.003709	-0.001018	0.1666	9.8600	19.7063
12.2900	0.005000	0.019306	0.003718	-0.000830	0.3688	0.0000	19.6497
12.3000	0.005000	0.019355	0.003718	-0.000747	0.1644	9.8600	19.6487
12.3100	0.005000	0.019404	0.003724	-0.000607	0.3688	0.0000	19.6477
12.3200	0.005000	0.019404	0.003724	-0.000547	0.1644	9.8600	19.6467
12.3300	0.005000	0.019355	0.003719	-0.000548	0.3643	0.0000	19.6457
12.3400	0.005000	0.019306	0.003719	-0.000493	0.1622	9.8600	19.6448
12.3500	0.005000	0.019208	0.003717	-0.000460	0.3710	0.0000	19.6438
12.3600	0.005000	0.019062	0.003717	-0.000414	0.1644	9.8600	19.6428
12.3700	0.005000	0.018915	0.003716	-0.000384	0.3732	0.0000	19.6419
12.3800	0.005000	0.018719	0.003716	-0.000346	0.1688	9.8600	19.6409
12.3900	0.005000	0.018475	0.003720	-0.000268	0.3732	0.0000	19.5791
12.4000	0.005000	0.018133	0.003720	-0.000241	0.1622	9.8600	19.5781
12.4100	0.005000	0.017742	0.003723	-0.000185	0.3688	0.0000	19.5771
12.4200	0.005000	0.017155	0.003723	-0.000166	0.1600	9.8600	19.5762
12.4300	0.005000	0.016471	0.003726	-0.000125	0.3643	0.0000	19.5752
12.4400	0.005000	0.015787	0.003726	-0.000113	0.1577	9.8600	19.5743
12.4500	0.005000	0.015054	0.003720	-0.000162	0.3643	0.0000	19.5733
12.4600	0.005000	0.014321	0.003720	-0.000145	0.1577	9.8600	19.5723
12.4700	0.005000	0.013587	0.003702	-0.000307	0.3621	0.0000	19.5714
12.4800	0.005000	0.012854	0.003702	-0.000276	0.1555	9.8600	19.5704
12.4900	0.005000	0.012170	0.003671	-0.000564	0.3577	0.0000	19.5153
12.5000	0.005000	0.011486	0.003671	-0.000508	0.1511	9.7941	19.5144
12.5100	0.005000	0.010997	0.003634	-0.000825	0.3577	6.9544	19.5134
12.5200	0.005000	0.010606	0.003706	-0.000019	0.4488	0.0000	19.5125
12.5300	0.005000	0.010166	0.003706	-0.000017	0.1622	8.6257	19.5115
12.5400	0.005000	0.010068	0.003708	-0.000001	0.3199	4.1765	19.5106
12.5500	0.005000	0.009775	0.003619	-0.000884	0.2866	0.0000	19.5096
12.5600	0.005000	0.009286	0.003619	-0.000796	0.1111	8.5270	19.5087
12.5700	0.005000	0.008895	0.003455	-0.002362	0.2755	3.2961	19.5077
12.5800	0.005000	0.008407	0.003455	-0.002126	0.2355	0.0000	19.5068
12.5900	0.005000	0.007869	0.003455	-0.001913	0.0911	8.7670	19.4220
12.6000	0.005000	0.007674	0.003230	-0.003967	0.2733	4.2946	19.4211
12.6100	0.005000	0.007429	0.002851	-0.007364	0.2755	0.0000	19.4202
12.6200	0.005000	0.007234	0.002851	-0.006628	0.1022	8.6337	19.4193
12.6300	0.005000	0.007234	0.002525	-0.009227	0.2821	3.8246	19.4183
12.6400	0.005000	0.007136	0.002245	-0.011096	0.2555	0.0000	19.4174
12.6500	0.005000	0.006940	0.002245	-0.009986	0.0978	8.6870	19.4165
12.6600	0.005000	0.006989	0.002041	-0.011027	0.2777	4.3666	19.4155
12.6700	0.005000	0.006891	0.001895	-0.011387	0.2777	0.0000	19.4146
12.6800	0.005000	0.006647	0.001895	-0.010248	0.1066	8.5803	19.4137
12.6900	0.005000	0.006696	0.001792	-0.010259	0.2799	4.0417	19.3789
12.7000	0.005000	0.006696	0.001721	-0.009943	0.2666	0.0000	19.3779
12.7100	0.005000	0.006696	0.001721	-0.008949	0.1000	9.3327	19.3770
12.7200	0.005000	0.006989	0.001702	-0.008239	0.2933	6.5848	19.3761
12.7300	0.005000	0.007136	0.001696	-0.007480	0.3910	0.4438	19.3752
12.7400	0.005000	0.006940	0.001698	-0.006712	0.1711	0.0000	19.3743
12.7500	0.005000	0.007038	0.001698	-0.006041	0.0689	9.8600	19.3733
12.7600	0.005000	0.007429	0.001694	-0.005474	0.2755	0.4870	19.3724
12.7700	0.005000	0.007429	0.001652	-0.005350	0.1533	0.0000	19.3715
12.7800	0.005000	0.007429	0.001652	-0.004815	0.0644	9.8600	19.3706
12.7900	0.005000	0.007722	0.001616	-0.004685	0.2755	0.0000	19.3535
12.8000	0.005000	0.007771	0.001555	-0.004834	0.1266	9.8600	19.3526
12.8100	0.005000	0.007869	0.001799	-0.001908	0.3399	0.0000	19.3517
12.8200	0.005000	0.008065	0.001799	-0.001717	0.1444	9.8600	19.3508
12.8300	0.005000	0.008211	0.002085	0.001318	0.3555	0.0000	19.3498
12.8400	0.005000	0.008407	0.002085	0.001186	0.1511	9.8600	19.3489
12.8500	0.005000	0.008602	0.002411	0.004328	0.3577	0.0000	19.3480
12.8600	0.005000	0.008944	0.002411	0.003895	0.1488	9.8600	19.3471
12.8700	0.005000	0.009238	0.002719	0.006582	0.3599	0.0000	19.3462
12.8800	0.005000	0.009531	0.002719	0.005924	0.1533	9.8600	19.3453
12.8900	0.005000	0.009775	0.003080	0.008941	0.3599	0.0000	19.3425
12.9000	0.005000	0.009971	0.003080	0.008047	0.1511	9.8600	19.3415
12.9100	0.005000	0.010117	0.003136	0.007808	0.3577	0.0000	19.3406
12.9200	0.005000	0.010215	0.003051	0.006175	0.1533	9.8600	19.3397
12.9300	0.005000	0.010313	0.003124	0.006285	0.3577	0.0000	19.3388
12.9400	0.005000	0.010411	0.003081	0.005230	0.1511	9.8600	19.3379
12.9500	0.005000	0.010459	0.003299	0.006881	0.3577	0.0000	19.3370
12.9600	0.005000	0.010459	0.003342	0.006629	0.1533	9.8600	19.3361
12.9700	0.005000	0.010459	0.003936	0.011906	0.3555	0.0000	19.3352
12.9800	0.005000	0.010411	0.004113	0.012486	0.1511	9.8600	19.3342
12.9900	0.005000	0.010411	0.005058	0.020687	0.3577	0.0000	19.3355
13.0000	0.005000	0.010264	0.005338	0.021411	0.1533	9.8600	19.3346
13.0100	0.005000	0.010117	0.006597	0.031864	0.3599	0.0000	19.3337
13.0200	0.005000	0.009922	0.006907	0.031777	0.1511	9.8600	19.3328
13.0300	0.005000	0.009726	0.008192	0.041451	0.3555	0.0000	19.3318
13.0400	0.005000	0.009482	0.008294	0.038325	0.1488	9.8600	19.3309
13.0500	0.005000	0.009091	0.009403	0.045586	0.3532	0.0000	19.3300
13.0600	0.005000	0.008602	0.009199	0.038978	0.1488	9.8600	19.3291
13.0700	0.005000	0.008065	0.010049	0.043583	0.3555	0.0000	19.3282
13.0800	0.005000	0.007576	0.009675	0.035489	0.1466	9.8171	19.3273
13.0900	0.005000	0.006989	0.010383	0.039020	0.3510	6.3927	19.3347
13.1000	0.005000	0.006354	0.010300	0.034287	0.4132	0.0000	19.3337
13.1100	0.005000	0.005425	0.011077	0.038629	0.1466	8.1005	19.3328
13.1200	0.005000	0.004790	0.011171	0.035709	0.2821	3.4637	19.3319
13.1300	0.005000	0.004448	0.011690	0.037328	0.2377	0.0000	19.3310
13.1400	0.005000	0.004008	0.011653	0.033217	0.0866	9.6175	19.3301
13.1500	0.005000	0.003666	0.011786	0.031230	0.2955	6.2646	19.3292
13.1600	0.005000	0.003275	0.011362	0.023862	0.3777	0.0000	19.3283
13.1700	0.005000	0.002688	0.010560	0.013457	0.1355	8.2338	19.3274
13.1800	0.005000	0.002102	0.010032	0.006836	0.2777	2.8018	19.3264
13.1900	0.005000	0.001857	0.009056	-0.003605	0.2088	0.0000	19.3140
13.2000	0.005000	0.001515	0.007744	-0.016373	0.0755	8.9932	19.3131
13.2100	0.005000	0.001222	0.007069	-0.021482	0.2644	4.5206	19.3122
13.2200	0.005000	0.001026	0.006522	-0.024805	0.2733	0.0000	19.3113
13.2300	0.005000	0.000684	0.006522	-0.022325	0.0978	8.6870	19.3103
13.2400	0.005000	0.000391	0.005596	-0.029352	0.2644	3.9996	19.3094
13.2500	0.005000	0.000342	0.004929	-0.033084	0.2510	0.0000	19.3085
13.2600	0.005000	0.000293	0.004929	-0.029775	0.0866	9.3319	19.3076
13.2700	0.005000	0.000244	0.004444	-0.031651	0.2844	5.5521	19.3067
13.2800	0.005000	0.000147	0.003524	-0.037683	0.3199	0.0000	19.3058
13.2900	0.005000	0.000147	0.003524	-0.033914	0.1177	8.7848	19.3091
13.3000	0.005000	0.000049	0.002862	-0.037149	0.2777	3.8549	19.3082
13.3100	0.005000	0.000049	0.002379	-0.038259	0.2555	0.0000	19.3073
13.3200	0.005000	0.000049	0.002379	-0.034433	0.0889	8.9255	19.3064
13.3300	0.005000	0.000000	0.002025	-0.034530	0.2710	4.2714	19.3055
13.3400	0.005000	0.000000	0.001782	-0.033508	0.2688	0.0000	19.3046
13.3500	0.005000	0.000000	0.001782	-0.030157	0.0933	8.8127	19.3037
13.3600	0.005000	0.000000	0.001601	-0.028947	0.2733	4.0050	19.3027
13.3700	0.005000	0.000000	0.001469	-0.027378	0.2555	0.0000	19.3018
13.3800	0.005000	0.000000	0.001469	-0.024640	0.0911	8.7670	19.3009
13.3900	0.005000	0.000000	0.001370	-0.023164	0.2666	3.9282	19.3516
13.4000	0.005000	0.000000	0.001370	-0.020848	0.2488	0.0000	19.3507
13.4100	0.005000	0.000000	0.001370	-0.018763	0.0866	8.8203	19.3498
13.4200	0.005000	0.000000	0.001311	-0.017475	0.2666	4.0615	19.3489
13.4300	0.005000	0.000000	0.001254	-0.016299	0.2577	0.0000	19.3479
13.4400	0.005000	0.000000	0.001254	-0.014670	0.0933	8.7403	19.3470
13.4500	0.005000	0.000000	0.001226	-0.013482	0.2666	3.8616	19.3461
13.4600	0.005000	0.000000	0.001226	-0.012133	0.2466	0.0000	19.3452
13.4700	0.005000	0.000000	0.001226	-0.010920	0.0866	8.8203	19.3443
13.4800	0.005000	0.000000	0.001221	-0.009880	0.2688	4.0349	19.3434
13.4900	0.005000	0.000000	0.001221	-0.008887	0.2577	0.0000	19.3994
13.5000	0.005000	0.000000	0.001221	-0.007999	0.0911	8.7670	19.3985
13.5100	0.005000	0.000000	0.001222	-0.007195	0.2666	3.9282	19.3976
13.5200	0.005000	0.000000	0.001222	-0.006476	0.2466	0.0000	19.3966
13.5300	0.005000	0.000000	0.001222	-0.005828	0.0889	8.7936	19.3957
13.5400	0.005000	0.000000	0.001232	-0.005138	0.2666	3.9949	19.3948
13.5500	0.005000	0.000000	0.001232	-0.004624	0.2510	0.0000	19.3939
13.5600	0.005000	0.000000	0.001232	-0.004162	0.0889	8.7936	19.3929
13.5700	0.005000	0.000000	0.001243	-0.003639	0.2688	3.9682	19.3920
13.5800	0.005000	0.000000	0.001243	-0.003275	0.2488	0.0000	19.3911
13.5900	0.005000	0.000000	0.001243	-0.002948	0.0889	8.7936	19.4436
13.6000	0.005000	0.000000	0.001248	-0.002599	0.2666	3.9949	19.4427
13.6100	0.005000	0.000000	0.001250	-0.002325	0.2555	0.0000	19.4417
13.6200	0.005000	0.000000	0.001250	-0.002093	0.0911	8.7670	19.4408
13.6300	0.005000	0.000000	0.001248	-0.001899	0.2644	3.9549	19.4399
13.6400	0.005000	0.000000	0.001248	-0.001709	0.2488	0.0000	19.4389
13.6500	0.005000	0.000000	0.001248	-0.001538	0.0866	8.8203	19.4380
13.6600	0.005000	0.000000	0.001250	-0.001370	0.2688	4.0349	19.4371
13.6700	0.005000	0.000000	0.001235	-0.001379	0.2555	0.0000	19.4361
13.6800	0.005000	0.000000	0.001235	-0.001241	0.0889	8.7936	19.4352
13.6900	0.005000	0.000000	0.001224	-0.001227	0.2666	3.9949	19.5287
13.7000	0.005000	0.000000	0.001224	-0.001104	0.2510	0.0000	19.5278
13.7100	0.005000	0.000000	0.001224	-0.000994	0.0889	8.7936	19.5268
13.7200	0.005000	0.000000	0.001232	-0.000819	0.2688	3.9682	19.5258
13.7300	0.005000	0.000000	0.001232	-0.000737	0.2510	0.0000	19.5249
13.7400	0.005000	0.000000	0.001232	-0.000664	0.0866	8.8203	19.5239
13.7500	0.005000	0.000000	0.001240	-0.000515	0.2666	4.0615	19.5230
13.7600	0.005000	0.000000	0.001230	-0.000559	0.2555	0.0000	19.5220
13.7700	0.005000	0.000000	0.001230	-0.000503	0.0889	8.7936	19.5211
13.7800	0.005000	0.000000	0.001239	-0.000367	0.2688	3.9682	19.5201
13.7900	0.005000	0.000000	0.001239	-0.000330	0.2533	0.0000	19.6066
13.8000	0.005000	0.000000	0.001239	-0.000297	0.0889	8.7936	19.6056
13.8100	0.005000	0.000000	0.001245	-0.000204	0.2666	3.9949	19.6046
13.8200	0.005000	0.000000	0.001245	-0.000183	0.2533	0.0000	19.6037
13.8300	0.005000	0.000000	0.001245	-0.000165	0.0866	8.8203	19.6027
13.8400	0.005000	0.000000	0.001248	-0.000126	0.2666	4.0615	19.6017
13.8500	0.005000	0.000000	0.001236	-0.000228	0.2555	0.0000	19.6008
13.8600	0.005000	0.000000	0.001236	-0.000205	0.0889	8.7936	19.5998
13.8700	0.005000	0.000000	0.001243	-0.000114	0.2688	3.9682	19.5988
13.8800	0.005000	0.000000	0.001243	-0.000102	0.2510	0.0000	19.5979
13.8900	0.005000	0.000000	0.001243	-0.000092	0.0889	8.7936	19.6699
13.9000	0.005000	0.000000	0.001246	-0.000056	0.2666	3.9949	19.6689
13.9100	0.005000	0.000000	0.001246	-0.000050	0.2533	0.0000	19.6679
13.9200	0.005000	0.000000	0.001246	-0.000045	0.0889	8.7936	19.6670
13.9300	0.005000	0.000000	0.001248	-0.000020	0.2666	3.9949	19.6660
13.9400	0.005000	0.000000	0.001248	-0.000018	0.2510	0.0000	19.6650
13.9500	0.005000	0.000000	0.001248	-0.000016	0.0889	8.7936	19.6640
13.9600	0.005000	0.000000	0.001249	0.000001	0.2666	3.9949	19.6630
13.9700	0.005000	0.000000	0.001249	0.000001	0.2533	0.0000	19.6621
13.9800	0.005000	0.000000	0.001249	0.000001	0.0889	8.7936	19.6611
13.9900	0.005000	0.000000	0.001266	0.000169	0.2688	3.9682	19.7665
14.0000	0.005000	0.000000	0.001266	0.000152	0.2510	0.0000	19.7655
14.0100	0.005000	0.000000	0.001266	0.000137	0.0911	8.7670	19.7645
14.0200	0.005000	0.000000	0.001276	0.000223	0.2666	3.9282	19.7635
14.0300	0.005000	0.000000	0.001276	0.000201	0.2466	0.0000	19.7625
14.0400	0.005000	0.000000	0.001276	0.000181	0.0889	8.7936	19.7615
14.0500	0.005000	0.000000	0.001289	0.000290	0.2710	3.9416	19.7605
14.0600	0.005000	0.000000	0.001289	0.000261	0.2488	0.0000	19.7595
14.0700	0.005000	0.000000	0.001289	0.000235	0.0889	8.7936	19.7585
14.0800	0.005000	0.000000	0.001301	0.000333	0.2688	3.9682	19.7575
14.0900	0.005000	0.000000	0.001301	0.000300	0.2533	0.0000	19.8472
14.1000	0.005000	0.000000	0.001301	0.000270	0.0889	8.7936	19.8462
14.1100	0.005000	0.000000	0.001313	0.000361	0.2688	3.9682	19.8452
14.1200	0.005000	0.000000	0.001313	0.000324	0.2533	0.0000	19.8442
14.1300	0.005000	0.000000	0.001313	0.000292	0.0889	8.7936	19.8432
14.1400	0.005000	0.000000	0.001322	0.000351	0.2688	3.9682	19.8422
14.1500	0.005000	0.000000	0.001322	0.000316	0.2510	0.0000	19.8412
14.1600	0.005000	0.000000	0.001322	0.000284	0.0866	8.8203	19.8401
14.1700	0.005000	0.000000	0.001331	0.000348	0.2688	4.0349	19.8391
14.1800	0.005000	0.000000	0.001320	0.000199	0.2555	0.0000	19.8381
14.1900	0.005000	0.000000	0.001320	0.000179	0.0911	8.7670	19.9068
14.2000	0.005000	0.000000	0.001306	0.000023	0.2644	3.9549	19.9058
14.2100	0.005000	0.000000	0.001306	0.000021	0.2444	0.0000	19.9047
14.2200	0.005000	0.000000	0.001306	0.000019	0.0889	8.7936	19.9037
14.2300	0.005000	0.000000	0.001293	-0.000113	0.2666	3.9949	19.9027
14.2400	0.005000	0.000000	0.001293	-0.000101	0.2488	0.0000	19.9017
14.2500	0.005000	0.000000	0.001293	-0.000091	0.0866	8.8203	19.9006
14.2600	0.005000	0.000000	0.001283	-0.000179	0.2688	4.0349	19.8996
14.2700	0.005000	0.000000	0.001263	-0.000365	0.2577	0.0000	19.8986
14.2800	0.005000	0.000000	0.001263	-0.000329	0.0911	8.7670	19.8976
14.2900	0.005000	0.000000	0.001263	-0.000291	0.2688	3.9016	19.9978
14.3000	0.005000	0.000000	0.001263	-0.000262	0.2466	0.0000	19.9968
14.3100	0.005000	0.000000	0.001263	-0.000236	0.0889	8.7936	19.9957
14.3200	0.005000	0.000000	0.001266	-0.000183	0.2666	3.9949	19.9947
14.3300	0.005000	0.000000	0.001266	-0.000165	0.2510	0.0000	19.9936
14.3400	0.005000	0.000000	0.001266	-0.000148	0.0866	8.8203	19.9926
14.3500	0.005000	0.000000	0.001271	-0.000085	0.2688	4.0349	19.9915
14.3600	0.005000	0.000000	0.001267	-0.000119	0.2622	0.0000	19.9905
14.3700	0.005000	0.000000	0.001267	-0.000107	0.0933	8.7403	19.9894
14.3800	0.005000	0.000000	0.001277	0.000003	0.2688	3.8349	19.9884
14.3900	0.005000	0.000000	0.001277	0.000002	0.2422	0.0000	20.0696
14.4000	0.005000	0.000000	0.001277	0.000002	0.0889	8.7936	20.0685
14.4100	0.005000	0.000000	0.001279	0.000024	0.2644	4.0216	20.0675
14.4200	0.005000	0.000000	0.001267	-0.000093	0.2555	0.0000	20.0664
14.4300	0.005000	0.000000	0.001267	-0.000084	0.0889	8.7936	20.0653
14.4400	0.005000	0.000000	0.001259	-0.000161	0.2688	3.9682	20.0643
14.4500	0.005000	0.000000	0.001259	-0.000145	0.2533	0.0000	20.0632
14.4600	0.005000	0.000000	0.001259	-0.000130	0.0889	8.7936	20.0622
14.4700	0.005000	0.000000	0.001255	-0.000155	0.2644	4.0216	20.0611
14.4800	0.005000	0.000000	0.001236	-0.000326	0.2555	0.0000	20.0600
14.4900	0.005000	0.000000	0.001236	-0.000293	0.0911	8.7670	20.1189
14.5000	0.005000	0.000000	0.001228	-0.000351	0.2688	3.9016	20.1178
14.5100	0.005000	0.000000	0.001228	-0.000316	0.2466	0.0000	20.1167
14.5200	0.005000	0.000000	0.001228	-0.000284	0.0889	8.7936	20.1157
14.5300	0.005000	0.000000	0.001237	-0.000164	0.2688	3.9682	20.1146
14.5400	0.005000	0.000000	0.001228	-0.000235	0.2555	0.0000	20.1135
14.5500	0.005000	0.000000	0.001228	-0.000212	0.0889	8.7936	20.1125
14.5600	0.005000	0.000000	0.001224	-0.000230	0.2666	3.9949	20.1114
14.5700	0.005000	0.000000	0.001224	-0.000207	0.2510	0.0000	20.1103
14.5800	0.005000	0.000000	0.001224	-0.000187	0.0866	8.8203	20.1092
14.5900	0.005000	0.000000	0.001237	-0.000041	0.2688	4.0349	20.1974
14.6000	0.005000	0.000000	0.001237	-0.000037	0.2533	0.0000	20.1964
14.6100	0.005000	0.000000	0.001237	-0.000033	0.0889	8.7936	20.1953
14.6200	0.005000	0.000000	0.001244	0.000039	0.2666	3.9949	20.1942
14.6300	0.005000	0.000000	0.001244	0.000035	0.2533	0.0000	20.1931
14.6400	0.005000	0.000000	0.001244	0.000032	0.0889	8.7936	20.1920
14.6500	0.005000	0.000000	0.001246	0.000054	0.2666	3.9949	20.1909
14.6600	0.005000	0.000000	0.001246	0.000049	0.2533	0.0000	20.1898
14.6700	0.005000	0.000000	0.001246	0.000044	0.0889	8.7936	20.1888
14.6800	0.005000	0.000000	0.001261	0.000190	0.2666	3.9949	20.1877
14.6900	0.005000	0.000000	0.001261	0.000171	0.2510	0.0000	20.2585
14.7000	0.005000	0.000000	0.001261	0.000154	0.0889	8.7936	20.2574
14.7100	0.005000	0.000000	0.001273	0.000251	0.2666	3.9949	20.2563
14.7200	0.005000	0.000000	0.001273	0.000226	0.2510	0.0000	20.2552
14.7300	0.005000	0.000000	0.001273	0.000203	0.0889	8.7936	20.2541
14.7400	0.005000	0.000000	0.001281	0.000267	0.2688	3.9682	20.2530
14.7500	0.005000	0.000000	0.001274	0.000173	0.2555	0.0000	20.2519
14.7600	0.005000	0.000000	0.001274	0.000156	0.0933	8.7403	20.2508
14.7700	0.005000	0.000000	0.001272	0.000116	0.2688	3.8349	20.2497
14.7800	0.005000	0.000000	0.001272	0.000104	0.2444	0.0000	20.2486
14.7900	0.005000	0.000000	0.001272	0.000094	0.0889	8.7936	20.2948
14.8000	0.005000	0.000000	0.001265	0.000014	0.2622	4.0482	20.2937
14.8100	0.005000	0.000000	0.001246	-0.000172	0.2555	0.0000	20.2926
14.8200	0.005000	0.000000	0.001246	-0.000155	0.0911	8.7670	20.2915
14.8300	0.005000	0.000000	0.001233	-0.000277	0.2688	3.9016	20.2904
14.8400	0.005000	0.000000	0.001233	-0.000249	0.2488	0.0000	20.2893
14.8500	0.005000	0.000000	0.001233	-0.000224	0.0889	8.7936	20.2882
14.8600	0.005000	0.000000	0.001235	-0.000174	0.2666	3.9949	20.2870
14.8700	0.005000	0.000000	0.001235	-0.000157	0.2510	0.0000	20.2859
14.8800	0.005000	0.000000	0.001235	-0.000141	0.0889	8.7936	20.2848
14.8900	0.005000	0.000000	0.001237	-0.000107	0.2688	3.9682	20.3611
14.9000	0.005000	0.000000	0.001231	-0.000159	0.2555	0.0000	20.3599
14.9100	0.005000	0.000000	0.001231	-0.000143	0.0866	8.8203	20.3588
14.9200	0.005000	0.000000	0.001225	-0.000193	0.2777	3.9282	20.3577
14.9300	0.005000	0.000000	0.001209	-0.000327	0.2599	0.0000	20.3566
14.9400	0.005000	0.000098	0.001209	-0.000294	0.0933	9.0159	20.3555
14.9500	0.005000	0.000147	0.001183	-0.000528	0.2799	4.6077	20.3544
14.9600	0.005000	0.000293	0.001147	-0.000832	0.2821	0.0000	20.3532
14.9700	0.005000	0.000538	0.001147	-0.000749	0.1044	9.5877	20.3521
14.9800	0.005000	0.000831	0.001119	-0.000959	0.3110	6.8406	20.3510
14.9900	0.005000	0.001222	0.001098	-0.001075	0.4132	0.3880	20.3953
15.0000	0.005000	0.001711	0.001075	-0.001195	0.1711	0.0000	20.3942
15.0100	0.005000	0.002053	0.001062	-0.001209	0.0644	9.8600	20.3931
15.0200	0.005000	0.002199	0.002036	0.008652	0.2644	0.0000	20.3919
15.0300	0.005000	0.002395	0.002036	0.007787	0.1177	9.8600	20.3908
15.0400	0.005000	0.002297	0.002736	0.014008	0.3310	0.0000	20.3897
15.0500	0.005000	0.002346	0.002736	0.012607	0.1377	9.8600	20.3886
15.0600	0.005000	0.002199	0.003244	0.016433	0.3444	0.0000	20.3874
15.0700	0.005000	0.002297	0.003244	0.014789	0.1400	9.8600	20.3863
15.0800	0.005000	0.002297	0.003617	0.017039	0.3466	0.0000	20.3852
15.0900	0.005000	0.002444	0.003617	0.015335	0.1400	9.8600	20.4004
15.1000	0.005000	0.002639	0.003910	0.016729	0.3466	0.0000	20.3993
15.1100	0.005000	0.002933	0.003910	0.015056	0.1400	9.8600	20.3981
15.1200	0.005000	0.003177	0.003239	0.006842	0.3488	0.0000	20.3970
15.1300	0.005000	0.003519	0.003239	0.006157	0.1422	9.8600	20.3959
15.1400	0.005000	0.003763	0.002934	0.002488	0.3510	0.0000	20.3948
15.1500	0.005000	0.004154	0.002708	-0.000020	0.1444	9.8600	20.3936
15.1600	0.005000	0.004399	0.003167	0.004579	0.3488	0.0000	20.3925
15.1700	0.005000	0.004692	0.003483	0.007280	0.1444	9.8600	20.3914
15.1800	0.005000	0.004839	0.004693	0.018646	0.3510	0.0000	20.3903
15.1900	0.005000	0.005034	0.005361	0.023464	0.1444	9.8600	20.3916
15.2000	0.005000	0.005083	0.006086	0.028364	0.3488	0.0000	20.3905
15.2100	0.005000	0.005181	0.005981	0.024481	0.1444	9.8600	20.3894
15.2200	0.005000	0.005132	0.006155	0.023770	0.3510	0.0000	20.3882
15.2300	0.005000	0.005132	0.005279	0.012636	0.1422	9.8600	20.3871
15.2400	0.005000	0.004936	0.004878	0.007363	0.3510	0.0000	20.3860
15.2500	0.005000	0.004888	0.004351	0.001355	0.1444	9.8600	20.3849
15.2600	0.005000	0.004790	0.004140	-0.000888	0.3488	0.0000	20.3837
15.2700	0.005000	0.004985	0.003723	-0.004965	0.1444	9.8600	20.3826
15.2800	0.005000	0.005083	0.003558	-0.006123	0.3510	0.0000	20.3815
15.2900	0.005000	0.005425	0.003213	-0.008959	0.1488	9.8600	20.3712
15.3000	0.005000	0.005670	0.003073	-0.009468	0.3510	0.0000	20.3701
15.3100	0.005000	0.006109	0.002870	-0.010547	0.1466	9.8600	20.3690
15.3200	0.005000	0.006403	0.002815	-0.010047	0.3510	0.0000	20.3678
15.3300	0.005000	0.006745	0.002806	-0.009130	0.1466	9.8600	20.3667
15.3400	0.005000	0.006843	0.002914	-0.007131	0.3510	0.0000	20.3656
15.3500	0.005000	0.006940	0.003183	-0.003728	0.1466	9.8600	20.3645
15.3600	0.005000	0.006940	0.003429	-0.000899	0.3532	0.0000	20.3634
15.3700	0.005000	0.006989	0.004551	0.010411	0.1488	9.8600	20.3622
15.3800	0.005000	0.007038	0.005291	0.016773	0.3510	0.0000	20.3611
15.3900	0.005000	0.007283	0.006789	0.030075	0.1444	9.8600	20.3406
15.4000	0.005000	0.007527	0.007641	0.035584	0.3532	0.0000	20.3395
15.4100	0.005000	0.007869	0.008495	0.040568	0.1511	9.8600	20.3384
15.4200	0.005000	0.008162	0.008252	0.034078	0.3577	0.0000	20.3373
15.4300	0.005000	0.008553	0.008323	0.031379	0.1511	9.8600	20.3362
15.4400	0.005000	0.008895	0.007496	0.019978	0.3555	0.0000	20.3351
15.4500	0.005000	0.009238	0.007123	0.014242	0.1511	9.8600	20.3340
15.4600	0.005000	0.009629	0.006624	0.007836	0.3577	0.0000	20.3328
15.4700	0.005000	0.010166	0.006624	0.007052	0.1511	9.8600	20.3317
15.4800	0.005000	0.010704	0.006262	0.002721	0.3599	0.0000	20.3306
15.4900	0.005000	0.011193	0.006262	0.002449	0.1533	9.8600	20.2954
15.5000	0.005000	0.011584	0.005745	-0.002968	0.3621	0.0000	20.2943
15.5100	0.005000	0.011779	0.005745	-0.002671	0.1555	9.8600	20.2932
15.5200	0.005000	0.011877	0.005377	-0.006082	0.3643	0.0000	20.2920
15.5300	0.005000	0.012023	0.005377	-0.005474	0.1555	9.8600	20.2909
15.5400	0.005000	0.012170	0.004894	-0.009759	0.3599	0.0000	20.2898
15.5500	0.005000	0.012512	0.004894	-0.008783	0.1555	9.8600	20.2887
15.5600	0.005000	0.013001	0.004547	-0.011368	0.3643	0.0000	20.2876
15.5700	0.005000	0.013539	0.004547	-0.010231	0.1555	9.8600	20.2865
15.5800	0.005000	0.014027	0.004297	-0.011710	0.3643	0.0000	20.2854
15.5900	0.005000	0.014467	0.004297	-0.010539	0.1644	9.8600	20.2314
15.6000	0.005000	0.014809	0.004122	-0.011233	0.3710	0.0000	20.2303
15.6100	0.005000	0.014956	0.004122	-0.010109	0.1577	9.8600	20.2293
15.6200	0.005000	0.015005	0.003987	-0.010452	0.3599	0.0000	20.2282
15.6300	0.005000	0.015054	0.003987	-0.009407	0.1577	9.8600	20.2271
15.6400	0.005000	0.015103	0.003894	-0.009395	0.3666	0.0000	20.2260
15.6500	0.005000	0.015249	0.003894	-0.008456	0.1600	9.8600	20.2249
15.6600	0.005000	0.015396	0.003830	-0.008251	0.3688	0.0000	20.2238
15.6700	0.005000	0.015543	0.003830	-0.007426	0.1622	9.8600	20.2227
15.6800	0.005000	0.015689	0.003787	-0.007110	0.3688	0.0000	20.2216
15.6900	0.005000	0.015787	0.003787	-0.006399	0.1600	9.8600	20.1512
15.7000	0.005000	0.015885	0.003750	-0.006131	0.3666	0.0000	20.1501
15.7100	0.005000	0.015885	0.003750	-0.005518	0.1577	9.8600	20.1491
15.7200	0.005000	0.015982	0.003730	-0.005166	0.3666	0.0000	20.1480
15.7300	0.005000	0.016129	0.003730	-0.004649	0.1600	9.8600	20.1469
15.7400	0.005000	0.016325	0.003710	-0.004387	0.3621	0.0000	20.1458
15.7500	0.005000	0.016520	0.003710	-0.003948	0.1600	9.8600	20.1447
15.7600	0.005000	0.016764	0.003690	-0.003757	0.3643	0.0000	20.1437
15.7700	0.005000	0.016911	0.003690	-0.003381	0.1622	9.8600	20.1426
15.7800	0.005000	0.017107	0.003677	-0.003170	0.3710	0.0000	20.1415
15.7900	0.005000	0.017253	0.003677	-0.002853	0.1644	9.8600	20.0607
15.8000	0.005000	0.017400	0.003670	-0.002636	0.3688	0.0000	20.0597
15.8100	0.005000	0.017498	0.003670	-0.002373	0.1644	9.8600	20.0586
15.8200	0.005000	0.017498	0.003667	-0.002161	0.3688	0.0000	20.0576
15.8300	0.005000	0.017498	0.003667	-0.001945	0.1644	9.8600	20.0565
15.8400	0.005000	0.017400	0.003666	-0.001769	0.3621	0.0000	20.0555
15.8500	0.005000	0.017351	0.003666	-0.001592	0.1600	9.8600	20.0544
15.8600	0.005000	0.017204	0.003667	-0.001421	0.3666	0.0000	20.0533
15.8700	0.005000	0.017009	0.003667	-0.001279	0.1622	9.8600	20.0523
15.8800	0.005000	0.016716	0.003660	-0.001221	0.3643	0.0000	20.0512
15.8900	0.005000	0.016178	0.003660	-0.001099	0.1577	9.8600	19.9645
15.9000	0.005000	0.015640	0.003649	-0.001093	0.3643	0.0000	19.9635
15.9100	0.005000	0.014956	0.003649	-0.000984	0.1555	9.8600	19.9625
15.9200	0.005000	0.014223	0.003634	-0.001042	0.3621	0.0000	19.9614
15.9300	0.005000	0.013245	0.003634	-0.000938	0.1577	9.8600	19.9604
15.9400	0.005000	0.012170	0.003619	-0.000988	0.3599	0.0000	19.9594
15.9500	0.005000	0.011095	0.003619	-0.000889	0.1533	8.9454	19.9583
15.9600	0.005000	0.010068	0.003564	-0.001355	0.3288	3.6278	19.9573
15.9700	0.005000	0.009238	0.003419	-0.002669	0.2777	0.0000	19.9562
15.9800	0.005000	0.008358	0.003419	-0.002403	0.1066	8.5803	19.9552
15.9900	0.005000	0.007820	0.003209	-0.004261	0.2799	3.9783	19.8917
16.0000	0.005000	0.007283	0.002934	-0.006583	0.2644	0.0000	19.8907
16.0100	0.005000	0.006696	0.002934	-0.005925	0.1000	8.6603	19.8897
16.0200	0.005000	0.006452	0.002627	-0.008402	0.2755	4.6175	19.8887
16.0300	0.005000	0.006305	0.002346	-0.010375	0.2844	0.0000	19.8876
16.0400	0.005000	0.005963	0.002346	-0.009337	0.1089	8.8703	19.8866
16.0500	0.005000	0.006012	0.002143	-0.010433	0.2821	5.0847	19.8856
16.0600	0.005000	0.006109	0.002027	-0.010550	0.3088	0.0000	19.8846
16.0700	0.005000	0.005767	0.002027	-0.009495	0.1155	8.5742	19.8835
16.0800	0.005000	0.005767	0.001961	-0.009200	0.2821	3.9806	19.8825
16.0900	0.005000	0.005767	0.001897	-0.008927	0.2622	0.0000	19.8245
16.1000	0.005000	0.005572	0.001897	-0.008034	0.0978	8.8306	19.8235
16.1100	0.005000	0.005572	0.001840	-0.007794	0.2777	4.4530	19.8225
16.1200	0.005000	0.005474	0.001796	-0.007462	0.2799	0.0000	19.8214
16.1300	0.005000	0.005181	0.001796	-0.006716	0.1066	8.5803	19.8204
16.1400	0.005000	0.005034	0.001723	-0.006775	0.2755	3.9360	19.8194
16.1500	0.005000	0.004839	0.001671	-0.006615	0.2599	0.0000	19.8184
16.1600	0.005000	0.004448	0.001671	-0.005953	0.0955	8.7136	19.8174
16.1700	0.005000	0.004106	0.001643	-0.005640	0.2710	3.9793	19.8164
16.1800	0.005000	0.003910	0.002602	0.004515	0.2555	0.0000	19.8154
16.1900	0.005000	0.003470	0.003346	0.011509	0.0955	8.7136	19.7598
16.2000	0.005000	0.003226	0.003987	0.016763	0.2733	4.4771	19.7588
16.2100	0.005000	0.003177	0.004543	0.020646	0.2755	0.0000	19.7578
16.2200	0.005000	0.003079	0.004993	0.023082	0.1022	9.4622	19.7568
16.2300	0.005000	0.003079	0.004557	0.016412	0.3021	6.2327	19.7558
16.2400	0.005000	0.003226	0.004741	0.016616	0.3777	0.0000	19.7549
16.2500	0.005000	0.003177	0.005785	0.025390	0.1355	9.2339	19.7539
16.2600	0.005000	0.003177	0.006668	0.031682	0.3177	5.5595	19.7529
16.2700	0.005000	0.003470	0.007552	0.037360	0.3510	0.0000	19.7519
16.2800	0.005000	0.003666	0.007552	0.033624	0.1289	9.8600	19.7509
16.2900	0.005000	0.003910	0.008063	0.035371	0.3244	0.4757	19.7289
16.3000	0.005000	0.004350	0.008577	0.036966	0.1622	0.0000	19.7279
16.3100	0.005000	0.004692	0.008577	0.033269	0.0644	9.8600	19.7270
16.3200	0.005000	0.005327	0.007995	0.024127	0.2777	0.0000	19.7260
16.3300	0.005000	0.005914	0.007311	0.014871	0.1266	9.8600	19.7250
16.3400	0.005000	0.006403	0.006848	0.008756	0.3377	0.0000	19.7240
16.3500	0.005000	0.006989	0.006420	0.003604	0.1444	9.8600	19.7230
16.3600	0.005000	0.007625	0.005636	-0.004604	0.3532	0.0000	19.7220
16.3700	0.005000	0.008309	0.005037	-0.010131	0.1466	9.8600	19.7210
16.3800	0.005000	0.008895	0.005586	-0.003628	0.3444	0.0000	19.7200
16.3900	0.005000	0.009482	0.005660	-0.002520	0.1466	9.8600	19.6920
16.4000	0.005000	0.009971	0.005955	0.000682	0.3577	0.0000	19.6911
16.4100	0.005000	0.010459	0.005899	0.000049	0.1511	9.8600	19.6901
16.4200	0.005000	0.010802	0.006105	0.002104	0.3599	0.0000	19.6891
16.4300	0.005000	0.011193	0.005255	-0.006600	0.1555	9.8600	19.6881
16.4400	0.005000	0.011486	0.004871	-0.009784	0.3599	0.0000	19.6871
16.4500	0.005000	0.011681	0.004340	-0.014116	0.1533	9.8600	19.6861
16.4600	0.005000	0.011828	0.004126	-0.014844	0.3577	0.0000	19.6852
16.4700	0.005000	0.011926	0.003711	-0.017507	0.1533	9.8600	19.6842
16.4800	0.005000	0.011926	0.003547	-0.017403	0.3599	0.0000	19.6832
16.4900	0.005000	0.011975	0.003204	-0.019093	0.1555	9.8600	19.6523
16.5000	0.005000	0.011877	0.003064	-0.018581	0.3599	0.0000	19.6513
16.5100	0.005000	0.011779	0.002788	-0.019483	0.1533	9.8600	19.6503
16.5200	0.005000	0.011584	0.002675	-0.018663	0.3599	0.0000	19.6494
16.5300	0.005000	0.011339	0.002452	-0.019027	0.1511	9.8600	19.6484
16.5400	0.005000	0.011144	0.002361	-0.018039	0.3577	0.0000	19.6474
16.5500	0.005000	0.010899	0.002180	-0.018041	0.1511	9.8600	19.6464
16.5600	0.005000	0.010655	0.002106	-0.016981	0.3599	0.0000	19.6455
16.5700	0.005000	0.010508	0.001959	-0.016747	0.1511	9.8600	19.6445
16.5800	0.005000	0.010313	0.001899	-0.015676	0.3555	0.0000	19.6435
16.5900	0.005000	0.010166	0.001780	-0.015296	0.1511	9.8600	19.6134
16.6000	0.005000	0.009971	0.001731	-0.014258	0.3555	0.0000	19.6124
16.6100	0.005000	0.009922	0.001634	-0.013796	0.1511	9.8600	19.6115
16.6200	0.005000	0.009922	0.001594	-0.012816	0.3555	0.0000	19.6105
16.6300	0.005000	0.010020	0.001516	-0.012318	0.1555	9.8600	19.6095
16.6400	0.005000	0.009873	0.001484	-0.011411	0.3555	0.0000	19.6086
16.6500	0.005000	0.009629	0.001420	-0.010906	0.1511	9.8600	19.6076
16.6600	0.005000	0.009384	0.001394	-0.010079	0.3532	0.0000	19.6066
16.6700	0.005000	0.009189	0.001342	-0.009589	0.1488	9.8600	19.6057
16.6800	0.005000	0.008993	0.001320	-0.008844	0.3555	0.0000	19.6047
16.6900	0.005000	0.008553	0.001278	-0.008381	0.1466	9.8600	19.5792
16.7000	0.005000	0.007967	0.001261	-0.007717	0.3532	0.0000	19.5782
16.7100	0.005000	0.007478	0.001227	-0.007288	0.1444	9.8600	19.5773
16.7200	0.005000	0.006794	0.001213	-0.006701	0.3532	0.0000	19.5763
16.7300	0.005000	0.006158	0.001185	-0.006309	0.1466	9.8600	19.5753
16.7400	0.005000	0.005474	0.002182	0.004300	0.3510	0.0000	19.5744
16.7500	0.005000	0.004936	0.002883	0.010877	0.1444	9.2705	19.5734
16.7600	0.005000	0.004399	0.004489	0.025845	0.3266	4.9652	19.5725
16.7700	0.005000	0.004154	0.005601	0.034386	0.3199	0.0000	19.5715
16.7800	0.005000	0.003861	0.006396	0.038897	0.1200	8.7043	19.5705
16.7900	0.005000	0.003812	0.006266	0.033707	0.2844	4.2165	19.5725
16.8000	0.005000	0.003910	0.006170	0.029369	0.2755	0.0000	19.5716
16.8100	0.005000	0.003861	0.005065	0.015385	0.1022	9.3369	19.5706
16.8200	0.005000	0.004008	0.004498	0.008180	0.2933	6.2575	19.5697
16.8300	0.005000	0.004252	0.004191	0.004289	0.3666	0.1041	19.5687
16.8400	0.005000	0.004448	0.003678	-0.001264	0.1444	0.0000	19.5677
16.8500	0.005000	0.004839	0.003678	-0.001137	0.0555	9.8600	19.5668
16.8600	0.005000	0.006109	0.003443	-0.003379	0.2710	0.0000	19.5658
16.8700	0.005000	0.006989	0.003268	-0.004788	0.1266	9.8600	19.5649
16.8800	0.005000	0.007038	0.003331	-0.003686	0.3377	0.0000	19.5639
16.8900	0.005000	0.007283	0.003275	-0.003869	0.1422	9.8600	19.5534
16.9000	0.005000	0.007478	0.003476	-0.001475	0.3488	0.0000	19.5524
16.9100	0.005000	0.007576	0.003490	-0.001193	0.1488	9.8600	19.5515
16.9200	0.005000	0.007625	0.003902	0.003053	0.3555	0.0000	19.5505
16.9300	0.005000	0.007674	0.003804	0.001769	0.1488	9.8600	19.5496
16.9400	0.005000	0.007576	0.004284	0.006387	0.3532	0.0000	19.5486
16.9500	0.005000	0.007527	0.004389	0.006795	0.1466	9.8600	19.5477
16.9600	0.005000	0.007380	0.005016	0.012394	0.3510	0.0000	19.5467
16.9700	0.005000	0.007283	0.005069	0.011680	0.1488	9.8600	19.5457
16.9800	0.005000	0.007136	0.005739	0.017217	0.3510	0.0000	19.5448
16.9900	0.005000	0.006989	0.005674	0.014844	0.1466	9.8600	19.5389
17.0000	0.005000	0.006647	0.006230	0.018913	0.3510	0.0000	19.5379
17.0100	0.005000	0.006256	0.006101	0.015733	0.1466	9.8600	19.5370
17.0200	0.005000	0.005718	0.006513	0.018279	0.3488	0.0000	19.5360
17.0300	0.005000	0.005230	0.006203	0.013353	0.1422	9.8600	19.5350
17.0400	0.005000	0.004643	0.006261	0.012599	0.3466	5.9078	19.5341
17.0500	0.005000	0.004106	0.005753	0.006260	0.3843	0.0000	19.5331
17.0600	0.005000	0.003324	0.005381	0.001910	0.1377	8.2071	19.5322
17.0700	0.005000	0.002639	0.004813	-0.003962	0.2755	2.8443	19.5312
17.0800	0.005000	0.002248	0.004397	-0.007720	0.2133	0.0000	19.5303
17.0900	0.005000	0.001955	0.003789	-0.013034	0.0711	9.2812	19.5188
17.1000	0.005000	0.001662	0.003742	-0.012197	0.2733	5.1339	19.5178
17.1100	0.005000	0.001515	0.003707	-0.011325	0.3044	0.0000	19.5169
17.1200	0.005000	0.001173	0.003457	-0.012690	0.1111	8.5270	19.5159
17.1300	0.005000	0.000684	0.003272	-0.013272	0.2644	3.3551	19.5150
17.1400	0.005000	0.000391	0.003135	-0.013321	0.2222	0.0000	19.5140
17.1500	0.005000	0.000293	0.003135	-0.011989	0.0755	9.3885	19.5131
17.1600	0.005000	0.000147	0.002578	-0.016352	0.2755	5.5181	19.5121
17.1700	0.005000	0.000147	0.002172	-0.018786	0.3221	0.0000	19.5112
17.1800	0.005000	0.000147	0.002172	-0.016907	0.1177	8.7954	19.5102
17.1900	0.005000	0.000049	0.001872	-0.018212	0.2844	3.8122	19.5485
17.2000	0.005000	0.000049	0.001650	-0.018607	0.2533	0.0000	19.5476
17.2100	0.005000	0.000098	0.001650	-0.016746	0.0889	9.0828	19.5466
17.2200	0.005000	0.000000	0.001486	-0.016717	0.2755	4.6112	19.5457
17.2300	0.005000	0.000049	0.001365	-0.016257	0.2777	0.0000	19.5447
17.2400	0.005000	0.000098	0.001365	-0.014632	0.1000	9.1033	19.5437
17.2500	0.005000	0.000000	0.001274	-0.014074	0.2844	4.5882	19.5428
17.2600	0.005000	0.000000	0.001208	-0.013329	0.2821	0.0000	19.5418
17.2700	0.005000	0.000049	0.001208	-0.011996	0.1044	8.9019	19.5409
17.2800	0.005000	0.000000	0.001158	-0.011291	0.2777	4.1629	19.5399
17.2900	0.005000	0.000000	0.001122	-0.010531	0.2688	0.0000	19.5780
17.3000	0.005000	0.000049	0.001122	-0.009478	0.0933	8.9455	19.5770
17.3100	0.005000	0.000000	0.001093	-0.008818	0.2755	4.2680	19.5761
17.3200	0.005000	0.000000	0.001089	-0.007977	0.2688	0.0000	19.5751
17.3300	0.005000	0.000000	0.001089	-0.007180	0.0955	8.8007	19.5741
17.3400	0.005000	0.000000	0.001084	-0.006507	0.2710	4.0164	19.5732
17.3500	0.005000	0.000000	0.001085	-0.005847	0.2577	0.0000	19.5722
17.3600	0.005000	0.000000	0.001085	-0.005262	0.0911	8.7670	19.5712
17.3700	0.005000	0.000000	0.001086	-0.004731	0.2688	3.9016	19.5703
17.3800	0.005000	0.000000	0.001086	-0.004258	0.2510	0.0000	19.5693
17.3900	0.005000	0.000098	0.001086	-0.003832	0.0889	9.0598	19.6002
17.4000	0.005000	0.000000	0.001086	-0.003445	0.2755	4.5537	19.5992
17.4100	0.005000	0.000049	0.001094	-0.003019	0.2755	0.0000	19.5982
17.4200	0.005000	0.000049	0.001094	-0.002717	0.1000	9.0677	19.5973
17.4300	0.005000	0.000000	0.001100	-0.002384	0.2799	4.7511	19.5963
17.4400	0.005000	0.000000	0.001142	-0.001733	0.2888	0.0000	19.5953
17.4500	0.005000	0.000049	0.001142	-0.001559	0.1044	9.0126	19.5944
17.4600	0.005000	0.000000	0.001172	-0.001094	0.2799	4.5237	19.5934
17.4700	0.005000	0.000000	0.001224	-0.000473	0.2777	0.0000	19.5924
17.4800	0.005000	0.000049	0.001224	-0.000425	0.1000	8.9762	19.5915
17.4900	0.005000	0.000000	0.001237	-0.000253	0.2799	4.3431	19.6597
17.5000	0.005000	0.000000	0.001266	0.000070	0.2710	0.0000	19.6587
17.5100	0.005000	0.000000	0.001266	0.000063	0.0978	8.7666	19.6578
17.5200	0.005000	0.000000	0.001248	-0.000130	0.2688	3.9501	19.6568
17.5300	0.005000	0.000000	0.001248	-0.000117	0.2510	0.0000	19.6558
17.5400	0.005000	0.000000	0.001248	-0.000105	0.0866	8.8203	19.6548
17.5500	0.005000	0.000000	0.001254	-0.000035	0.2710	4.0082	19.6539
17.5600	0.005000	0.000000	0.001232	-0.000248	0.2555	0.0000	19.6529
17.5700	0.005000	0.000000	0.001232	-0.000223	0.0933	8.7403	19.6519
17.5800	0.005000	0.000000	0.001233	-0.000189	0.2688	3.8349	19.6509
17.5900	0.005000	0.000000	0.001233	-0.000170	0.2466	0.0000	19.7117
17.6000	0.005000	0.000000	0.001233	-0.000153	0.0889	8.7936	19.7107
17.6100	0.005000	0.000000	0.001229	-0.000181	0.2666	3.9949	19.7097
17.6200	0.005000	0.000000	0.001229	-0.000163	0.2488	0.0000	19.7087
17.6300	0.005000	0.000000	0.001229	-0.000147	0.0889	8.7936	19.7077
17.6400	0.005000	0.000000	0.001240	-0.000017	0.2666	3.9949	19.7067
17.6500	0.005000	0.000000	0.001240	-0.000015	0.2488	0.0000	19.7058
17.6600	0.005000	0.000000	0.001240	-0.000014	0.0866	8.8203	19.7048
17.6700	0.005000	0.000000	0.001244	0.000022	0.2666	4.0615	19.7038
17.6800	0.005000	0.000000	0.001244	0.000020	0.2533	0.0000	19.7028
17.6900	0.005000	0.000000	0.001244	0.000018	0.0911	8.7670	19.7557
17.7000	0.005000	0.000000	0.001262	0.000199	0.2688	3.9016	19.7547
17.7100	0.005000	0.000000	0.001262	0.000179	0.2510	0.0000	19.7537
17.7200	0.005000	0.000000	0.001262	0.000161	0.0889	8.7936	19.7527
17.7300	0.005000	0.000000	0.001273	0.000256	0.2666	3.9949	19.7517
17.7400	0.005000	0.000000	0.001273	0.000230	0.2533	0.0000	19.7507
17.7500	0.005000	0.000000	0.001273	0.000207	0.0911	8.7670	19.7497
17.7600	0.005000	0.000000	0.001282	0.000269	0.2666	3.9282	19.7487
17.7700	0.005000	0.000000	0.001282	0.000242	0.2510	0.0000	19.7477
17.7800	0.005000	0.000000	0.001282	0.000218	0.0866	8.8203	19.7467
17.7900	0.005000	0.000000	0.001288	0.000259	0.2666	4.0615	19.8346
17.8000	0.005000	0.000000	0.001279	0.000149	0.2555	0.0000	19.8336
17.8100	0.005000	0.000000	0.001279	0.000134	0.0889	8.7936	19.8326
17.8200	0.005000	0.000000	0.001273	0.000057	0.2688	3.9682	19.8316
17.8300	0.005000	0.000000	0.001273	0.000052	0.2533	0.0000	19.8305
17.8400	0.005000	0.000000	0.001273	0.000046	0.0866	8.8203	19.8295
17.8500	0.005000	0.000000	0.001268	-0.000006	0.2666	4.0615	19.8285
17.8600	0.005000	0.000000	0.001252	-0.000171	0.2555	0.0000	19.8275
17.8700	0.005000	0.000000	0.001252	-0.000154	0.0911	8.7670	19.8265
17.8800	0.005000	0.000000	0.001239	-0.000264	0.2666	3.9282	19.8255
17.8900	0.005000	0.000000	0.001239	-0.000237	0.2466	0.0000	19.9025
17.9000	0.005000	0.000000	0.001239	-0.000214	0.0889	8.7936	19.9014
17.9100	0.005000	0.000000	0.001243	-0.000155	0.2666	3.9949	19.9004
17.9200	0.005000	0.000000	0.001243	-0.000139	0.2510	0.0000	19.8994
17.9300	0.005000	0.000000	0.001243	-0.000125	0.0889	8.7936	19.8984
17.9400	0.005000	0.000000	0.001243	-0.000111	0.2666	3.9949	19.8973
17.9500	0.005000	0.000000	0.001243	-0.000100	0.2510	0.0000	19.8963
17.9600	0.005000	0.000000	0.001243	-0.000090	0.0889	8.7936	19.8953
17.9700	0.005000	0.000000	0.001246	-0.000053	0.2688	3.9682	19.8943
17.9800	0.005000	0.000000	0.001246	-0.000048	0.2510	0.0000	19.8932
17.9900	0.005000	0.000000	0.001246	-0.000043	0.0889	8.7936	19.9532
18.0000	0.005000	0.000000	0.001261	0.000113	0.2666	3.9949	19.9522
18.0100	0.005000	0.000000	0.001261	0.000101	0.2533	0.0000	19.9512
18.0200	0.005000	0.000000	0.001261	0.000091	0.0911	8.7670	19.9501
18.0300	0.005000	0.000000	0.001270	0.000170	0.2644	3.9549	19.9491
18.0400	0.005000	0.000000	0.001270	0.000153	0.2488	0.0000	19.9481
18.0500	0.005000	0.000000	0.001270	0.000137	0.0889	8.7936	19.9470
18.0600	0.005000	0.000000	0.001279	0.000215	0.2688	3.9682	19.9460
18.0700	0.005000	0.000000	0.001279	0.000194	0.2533	0.0000	19.9449
18.0800	0.005000	0.000000	0.001279	0.000174	0.0911	8.7670	19.9439
18.0900	0.005000	0.000000	0.001286	0.000226	0.2666	3.9282	20.0347
18.1000	0.005000	0.000000	0.001286	0.000203	0.2510	0.0000	20.0336
18.1100	0.005000	0.000000	0.001286	0.000183	0.0866	8.8203	20.0325
18.1200	0.005000	0.000000	0.001288	0.000190	0.2666	4.0615	20.0315
18.1300	0.005000	0.000000	0.001277	0.000059	0.2555	0.0000	20.0304
18.1400	0.005000	0.000000	0.001277	0.000053	0.0933	8.7403	20.0294
18.1500	0.005000	0.000000	0.001274	0.000016	0.2688	3.8349	20.0283
18.1600	0.005000	0.000000	0.001274	0.000015	0.2444	0.0000	20.0273
18.1700	0.005000	0.000000	0.001274	0.000013	0.0889	8.7936	20.0262
18.1800	0.005000	0.000000	0.001269	-0.000038	0.2666	3.9949	20.0252
18.1900	0.005000	0.000000	0.001269	-0.000034	0.2510	0.0000	20.0998
18.2000	0.005000	0.000000	0.001269	-0.000031	0.0889	8.7936	20.0987
18.2100	0.005000	0.000000	0.001265	-0.000065	0.2666	3.9949	20.0977
18.2200	0.005000	0.000000	0.001249	-0.000217	0.2555	0.0000	20.0966
18.2300	0.005000	0.000000	0.001249	-0.000196	0.0866	8.8203	20.0955
18.2400	0.005000	0.000000	0.001251	-0.000164	0.2666	4.0615	20.0945
18.2500	0.005000	0.000000	0.001241	-0.000244	0.2599	0.0000	20.0934
18.2600	0.005000	0.000000	0.001241	-0.000219	0.0911	8.7670	20.0924
18.2700	0.005000	0.000000	0.001231	-0.000295	0.2644	3.9549	20.0913
18.2800	0.005000	0.000000	0.001231	-0.000266	0.2510	0.0000	20.0902
18.2900	0.005000	0.000000	0.001231	-0.000239	0.0889	8.7936	20.1438
18.3000	0.005000	0.000000	0.001221	-0.000315	0.2644	4.0216	20.1427
18.3100	0.005000	0.000000	0.001214	-0.000358	0.2555	0.0000	20.1417
18.3200	0.005000	0.000000	0.001214	-0.000322	0.0889	8.7936	20.1406
18.3300	0.005000	0.000000	0.001211	-0.000320	0.2688	3.9682	20.1395
18.3400	0.005000	0.000000	0.001203	-0.000363	0.2555	0.0000	20.1384
18.3500	0.005000	0.000000	0.001203	-0.000327	0.0889	8.7936	20.1374
18.3600	0.005000	0.000000	0.001200	-0.000324	0.2666	3.9949	20.1363
18.3700	0.005000	0.000000	0.001200	-0.000291	0.2533	0.0000	20.1352
18.3800	0.005000	0.000000	0.001200	-0.000262	0.0889	8.7936	20.1341
18.3900	0.005000	0.000000	0.001201	-0.000232	0.2666	3.9949	20.2176
18.4000	0.005000	0.000000	0.001201	-0.000209	0.2510	0.0000	20.2165
18.4100	0.005000	0.000000	0.001201	-0.000188	0.0866	8.8203	20.2154
18.4200	0.005000	0.000000	0.001219	0.000017	0.2710	4.0082	20.2143
18.4300	0.005000	0.000000	0.001218	-0.000002	0.2555	0.0000	20.2132
18.4400	0.005000	0.000000	0.001218	-0.000002	0.0911	8.7670	20.2121
18.4500	0.005000	0.000000	0.001224	0.000063	0.2622	3.9816	20.2110
18.4600	0.005000	0.000000	0.001224	0.000057	0.2488	0.0000	20.2099
18.4700	0.005000	0.000000	0.001224	0.000051	0.0889	8.7936	20.2088
18.4800	0.005000	0.000000	0.001226	0.000069	0.2644	4.0216	20.2078
18.4900	0.005000	0.000000	0.001226	0.000062	0.2510	0.0000	20.2759
18.5000	0.005000	0.000000	0.001226	0.000056	0.0889	8.7936	20.2748
18.5100	0.005000	0.000000	0.001228	0.000067	0.2666	3.9949	20.2737
18.5200	0.005000	0.000000	0.001228	0.000061	0.2510	0.0000	20.2726
18.5300	0.005000	0.000000	0.001228	0.000055	0.0889	8.7936	20.2715
18.5400	0.005000	0.000000	0.001221	-0.000017	0.2644	4.0216	20.2704
18.5500	0.005000	0.000000	0.001217	-0.000064	0.2555	0.0000	20.2693
18.5600	0.005000	0.000000	0.001217	-0.000058	0.0866	8.8203	20.2682
18.5700	0.005000	0.000000	0.001218	-0.000037	0.2666	4.0615	20.2671
18.5800	0.005000	0.000000	0.001218	-0.000033	0.2488	0.0000	20.2660
18.5900	0.005000	0.000000	0.001218	-0.000030	0.0889	8.7936	20.3151
18.6000	0.005000	0.000000	0.001222	0.000011	0.2666	3.9949	20.3140
18.6100	0.005000	0.000000	0.001222	0.000010	0.2510	0.0000	20.3129
18.6200	0.005000	0.000000	0.001222	0.000009	0.0889	8.7936	20.3118
18.6300	0.005000	0.000000	0.001225	0.000036	0.2666	3.9949	20.3106
18.6400	0.005000	0.000000	0.001225	0.000033	0.2488	0.0000	20.3095
18.6500	0.005000	0.000000	0.001225	0.000029	0.0889	8.7936	20.3084
18.6600	0.005000	0.000000	0.001232	0.000100	0.2688	3.9682	20.3073
18.6700	0.005000	0.000000	0.001232	0.000090	0.2510	0.0000	20.3062
18.6800	0.005000	0.000000	0.001232	0.000081	0.0889	8.7936	20.3051
18.6900	0.005000	0.000000	0.001251	0.000259	0.2666	3.9949	20.3842
18.7000	0.005000	0.000000	0.001252	0.000242	0.2555	0.0000	20.3831
18.7100	0.005000	0.000000	0.001252	0.000218	0.0889	8.7936	20.3819
18.7200	0.005000	0.000000	0.001255	0.000228	0.2688	3.9682	20.3808
18.7300	0.005000	0.000000	0.001255	0.000206	0.2533	0.0000	20.3797
18.7400	0.005000	0.000000	0.001255	0.000185	0.0889	8.7936	20.3786
18.7500	0.005000	0.000000	0.001255	0.000165	0.2644	4.0216	20.3774
18.7600	0.005000	0.000000	0.001255	0.000148	0.2533	0.0000	20.3763
18.7700	0.005000	0.000000	0.001255	0.000133	0.0889	8.7936	20.3752
18.7800	0.005000	0.000000	0.001252	0.000093	0.2666	3.9949	20.3741
18.7900	0.005000	0.000000	0.001252	0.000083	0.2510	0.0000	20.4341
18.8000	0.005000	0.000000	0.001252	0.000075	0.0889	8.7936	20.4329
18.8100	0.005000	0.000000	0.001252	0.000073	0.2688	3.9682	20.4318
18.8200	0.005000	0.000000	0.001252	0.000066	0.2533	0.0000	20.4307
18.8300	0.005000	0.000000	0.001252	0.000059	0.0889	8.7936	20.4295
18.8400	0.005000	0.000000	0.001271	0.000241	0.2710	3.9416	20.4284
18.8500	0.005000	0.000000	0.001270	0.000200	0.2555	0.0000	20.4273
18.8600	0.005000	0.000000	0.001270	0.000180	0.0911	8.7670	20.4261
18.8700	0.005000	0.000000	0.001256	0.000028	0.2666	3.9282	20.4250
18.8800	0.005000	0.000000	0.001256	0.000025	0.2488	0.0000	20.4239
18.8900	0.005000	0.000000	0.001256	0.000023	0.0866	8.8203	20.4589
18.9000	0.005000	0.000000	0.001231	-0.000229	0.2666	4.0615	20.4577
18.9100	0.005000	0.000000	0.001197	-0.000550	0.2555	0.0000	20.4566
18.9200	0.005000	0.000000	0.001197	-0.000495	0.0911	8.7670	20.4554
18.9300	0.005000	0.000000	0.001151	-0.000904	0.2688	3.9016	20.4543
18.9400	0.005000	0.000000	0.001151	-0.000814	0.2510	0.0000	20.4532
18.9500	0.005000	0.000000	0.001151	-0.000732	0.0889	8.7936	20.4520
18.9600	0.005000	0.000000	0.001115	-0.001020	0.2688	3.9682	20.4509
18.9700	0.005000	0.000000	0.001090	-0.001171	0.2555	0.0000	20.4498
18.9800	0.005000	0.000000	0.001090	-0.001054	0.0911	8.7670	20.4486
18.9900	0.005000	0.000000	0.001071	-0.001138	0.2666	3.9282	20.5110
19.0000	0.005000	0.000000	0.001071	-0.001024	0.2488	0.0000	20.5099
19.0100	0.005000	0.000000	0.001071	-0.000922	0.0866	8.8203	20.5087
19.0200	0.005000	0.000000	0.001055	-0.000989	0.2666	4.0615	20.5076
19.0300	0.005000	0.000000	0.001047	-0.000966	0.2577	0.0000	20.5064
19.0400	0.005000	0.000000	0.001047	-0.000869	0.0889	8.7936	20.5053
19.0500	0.005000	0.000000	0.001041	-0.000839	0.2688	3.9682	20.5041
19.0600	0.005000	0.000000	0.001037	-0.000798	0.2555	0.0000	20.5030
19.0700	0.005000	0.000000	0.001037	-0.000718	0.0889	8.7936	20.5018
19.0800	0.005000	0.000000	0.001034	-0.000678	0.2644	4.0216	20.5007
19.0900	0.005000	0.000000	0.001032	-0.000635	0.2533	0.0000	20.5462
19.1000	0.005000	0.000000	0.001032	-0.000571	0.0911	8.7670	20.5450
19.1100	0.005000	0.000000	0.001025	-0.000575	0.2644	3.9549	20.5439
19.1200	0.005000	0.000000	0.001021	-0.000564	0.2488	0.0000	20.5427
19.1300	0.005000	0.000000	0.001021	-0.000508	0.0866	8.8203	20.5416
19.1400	0.005000	0.000000	0.001016	-0.000509	0.2666	4.0615	20.5404
19.1500	0.005000	0.000000	0.001012	-0.000496	0.2555	0.0000	20.5393
19.1600	0.005000	0.000000	0.001012	-0.000447	0.0911	8.7670	20.5381
19.1700	0.005000	0.000000	0.001009	-0.000431	0.2688	3.9016	20.5370
19.1800	0.005000	0.000000	0.001007	-0.000410	0.2466	0.0000	20.5358
19.1900	0.005000	0.000000	0.001007	-0.000369	0.0866	8.8203	20.5612
19.2000	0.005000	0.000000	0.001005	-0.000348	0.2666	4.0615	20.5600
19.2100	0.005000	0.000000	0.001004	-0.000325	0.2577	0.0000	20.5589
19.2200	0.005000	0.000000	0.001004	-0.000293	0.0911	8.7670	20.5577
19.2300	0.005000	0.000000	0.001003	-0.000272	0.2710	3.8749	20.5566
19.2400	0.005000	0.000000	0.001002	-0.000252	0.2466	0.0000	20.5554
19.2500	0.005000	0.000000	0.001002	-0.000227	0.0889	8.7936	20.5543
19.2600	0.005000	0.000000	0.001002	-0.000209	0.2688	3.9682	20.5531
19.2700	0.005000	0.000000	0.001001	-0.000192	0.2510	0.0000	20.5519
19.2800	0.005000	0.000000	0.001001	-0.000173	0.0889	8.7936	20.5508
19.2900	0.005000	0.000000	0.001001	-0.000159	0.2666	3.9949	20.6057
19.3000	0.005000	0.000000	0.001001	-0.000145	0.2510	0.0000	20.6046
19.3100	0.005000	0.000000	0.001001	-0.000131	0.0866	8.8203	20.6034
19.3200	0.005000	0.000000	0.001001	-0.000119	0.2688	4.0349	20.6022
19.3300	0.005000	0.000000	0.001001	-0.000109	0.2555	0.0000	20.6011
19.3400	0.005000	0.000000	0.001001	-0.000098	0.0866	8.8203	20.5999
19.3500	0.005000	0.000000	0.001000	-0.000089	0.2666	4.0615	20.5987
19.3600	0.005000	0.000000	0.001000	-0.000081	0.2555	0.0000	20.5976
19.3700	0.005000	0.000000	0.001000	-0.000073	0.0933	8.7403	20.5964
19.3800	0.005000	0.000000	0.001000	-0.000066	0.2666	3.8616	20.5952
19.3900	0.005000	0.000000	0.001000	-0.000060	0.2466	0.0000	20.6333
19.4000	0.005000	0.000000	0.001000	-0.000054	0.0889	8.7936	20.6322
19.4100	0.005000	0.000000	0.001000	-0.000049	0.2666	3.9949	20.6310
19.4200	0.005000	0.000000	0.001000	-0.000044	0.2533	0.0000	20.6298
19.4300	0.005000	0.000000	0.001000	-0.000040	0.0889	8.7936	20.6287
19.4400	0.005000	0.000000	0.001000	-0.000036	0.2688	3.9682	20.6275
19.4500	0.005000	0.000000	0.001000	-0.000033	0.2555	0.0000	20.6263
19.4600	0.005000	0.000000	0.001000	-0.000029	0.0911	8.7670	20.6251
19.4700	0.005000	0.000000	0.001000	-0.000026	0.2688	3.9016	20.6240
19.4800	0.005000	0.000000	0.001000	-0.000024	0.2466	0.0000	20.6228
19.4900	0.005000	0.000000	0.001000	-0.000022	0.0889	8.7936	20.6386
19.5000	0.005000	0.000000	0.001000	-0.000019	0.2644	4.0216	20.6374
19.5100	0.005000	0.000000	0.001000	-0.000018	0.2533	0.0000	20.6362
19.5200	0.005000	0.000000	0.001000	-0.000016	0.0866	8.8203	20.6350
19.5300	0.005000	0.000000	0.001000	-0.000014	0.2688	4.0349	20.6339
19.5400	0.005000	0.000000	0.001000	-0.000012	0.2599	0.0000	20.6327
19.5500	0.005000	0.000000	0.001000	-0.000011	0.0933	8.7403	20.6315
19.5600	0.005000	0.000000	0.001000	-0.000009	0.2666	3.8616	20.6304
19.5700	0.005000	0.000000	0.001000	-0.000008	0.2488	0.0000	20.6292
19.5800	0.005000	0.000000	0.001000	-0.000007	0.0889	8.7936	20.6280
19.5900	0.005000	0.000000	0.001000	-0.000006	0.2666	3.9949	20.6742
19.6000	0.005000	0.000000	0.001000	-0.000005	0.2555	0.0000	20.6731
19.6100	0.005000	0.000000	0.001000	-0.000005	0.0911	8.7670	20.6719
19.6200	0.005000	0.000000	0.001000	-0.000005	0.2666	3.9282	20.6707
19.6300	0.005000	0.000000	0.001000	-0.000005	0.2488	0.0000	20.6695
19.6400	0.005000	0.000000	0.001000	-0.000004	0.0866	8.8203	20.6683
19.6500	0.005000	0.000000	0.001000	-0.000004	0.2710	4.0082	20.6672
19.6600	0.005000	0.000000	0.001000	-0.000004	0.2577	0.0000	20.6660
19.6700	0.005000	0.000000	0.001000	-0.000003	0.0911	8.7670	20.6648
19.6800	0.005000	0.000000	0.001000	-0.000003	0.2688	3.9016	20.6636
19.6900	0.005000	0.000000	0.001000	-0.000003	0.2488	0.0000	20.6912
19.7000	0.005000	0.000000	0.001000	-0.000002	0.0866	8.8203	20.6900
19.7100	0.005000	0.000000	0.001000	-0.000002	0.2622	4.1149	20.6888
19.7200	0.005000	0.000000	0.001001	0.000001	0.2599	0.0000	20.6876
19.7300	0.005000	0.000000	0.001001	0.000001	0.0933	8.7403	20.6865
19.7400	0.005000	0.000000	0.001001	0.000003	0.2710	3.8083	20.6853
19.7500	0.005000	0.000000	0.001001	0.000004	0.2510	0.0000	20.6841
19.7600	0.005000	0.000049	0.001001	0.000003	0.0911	8.9032	20.6829
19.7700	0.005000	0.000049	0.001087	0.000862	0.2799	4.1273	20.6817
19.7800	0.005000	0.000147	0.001151	0.001420	0.2688	0.0000	20.6806
19.7900	0.005000	0.000391	0.001199	0.001756	0.0978	9.4971	20.6814
19.8000	0.005000	0.000684	0.002007	0.009656	0.2955	6.6294	20.6802
19.8100	0.005000	0.001515	0.002889	0.017514	0.3910	1.6136	20.6790
19.8200	0.005000	0.003226	0.003535	0.022228	0.2088	3.5881	20.6779
19.8300	0.005000	0.005474	0.003535	0.020005	0.1688	9.8600	20.6767
19.8400	0.005000	0.007722	0.004204	0.024694	0.4088	0.0000	20.6755
19.8500	0.005000	0.009922	0.004204	0.022225	0.1644	9.8600	20.6743
19.8600	0.005000	0.011926	0.004835	0.026309	0.3666	0.0000	20.6731
19.8700	0.005000	0.013539	0.004835	0.023679	0.1577	9.8600	20.6720
19.8800	0.005000	0.014565	0.004682	0.019776	0.3643	0.0000	20.6708
19.8900	0.005000	0.015152	0.004682	0.017799	0.1622	9.8600	20.6293
19.9000	0.005000	0.015445	0.004422	0.013425	0.3621	0.0000	20.6281
19.9100	0.005000	0.015738	0.004422	0.012082	0.1600	9.8600	20.6269
19.9200	0.005000	0.016178	0.004269	0.009342	0.3666	0.0000	20.6258
19.9300	0.005000	0.016862	0.004269	0.008408	0.1644	9.8600	20.6246
19.9400	0.005000	0.017693	0.004115	0.006025	0.3755	0.0000	20.6234
19.9500	0.005000	0.018426	0.004115	0.005423	0.1666	9.8600	20.6223
19.9600	0.005000	0.019062	0.004008	0.003813	0.3732	0.0000	20.6211
19.9700	0.005000	0.019550	0.004008	0.003431	0.1666	9.8600	20.6199
19.9800	0.005000	0.019844	0.003939	0.002397	0.3732	0.0000	20.6187
19.9900	0.005000	0.019941	0.003939	0.002157	0.1644	9.8600	20.5402
20.0000	0.005000	0.019990	0.003898	0.001530	0.3710	0.0000	20.5390
20.0100	0.005000	0.019990	0.003898	0.001377	0.1666	9.8600	20.5379
20.0200	0.005000	0.019941	0.003875	0.001010	0.3732	0.0000	20.5367
20.0300	0.005000	0.019941	0.003875	0.000909	0.1622	9.8600	20.5356
20.0400	0.005000	0.019892	0.003852	0.000594	0.3710	0.0000	20.5344
20.0500	0.005000	0.019892	0.003852	0.000535	0.1644	9.8600	20.5332
20.0600	0.005000	0.019892	0.003836	0.000313	0.3732	0.0000	20.5321
20.0700	0.005000	0.019892	0.003836	0.000282	0.1644	9.8600	20.5309
20.0800	0.005000	0.019892	0.003823	0.000128	0.3732	0.0000	20.5298
20.0900	0.005000	0.019844	0.003823	0.000115	0.1644	9.8600	20.4267
20.1000	0.005000	0.019892	0.003806	-0.000069	0.3643	0.0000	20.4255
20.1100	0.005000	0.019892	0.003806	-0.000062	0.1644	9.8600	20.4244
20.1200	0.005000	0.019844	0.003793	-0.000186	0.3732	0.0000	20.4233
20.1300	0.005000	0.019844	0.003793	-0.000167	0.1666	9.8600	20.4221
20.1400	0.005000	0.019844	0.003780	-0.000274	0.3688	0.0000	20.4210
20.1500	0.005000	0.019844	0.003780	-0.000246	0.1666	9.8600	20.4199
20.1600	0.005000	0.019844	0.003769	-0.000340	0.3710	0.0000	20.4187
20.1700	0.005000	0.019844	0.003769	-0.000306	0.1666	9.8600	20.4176
20.1800	0.005000	0.019844	0.003757	-0.000391	0.3710	0.0000	20.4165
20.1900	0.005000	0.019844	0.003757	-0.000352	0.1644	9.8600	20.2999
20.2000	0.005000	0.019892	0.003759	-0.000298	0.3732	0.0000	20.2988
20.2100	0.005000	0.019844	0.003759	-0.000268	0.1644	9.8600	20.2977
20.2200	0.005000	0.019844	0.003758	-0.000254	0.3710	0.0000	20.2966
20.2300	0.005000	0.019844	0.003758	-0.000229	0.1644	9.8600	20.2955
20.2400	0.005000	0.019844	0.003759	-0.000189	0.3710	0.0000	20.2944
20.2500	0.005000	0.019844	0.003759	-0.000170	0.1644	9.8600	20.2933
20.2600	0.005000	0.019844	0.003761	-0.000140	0.3710	0.0000	20.2922
20.2700	0.005000	0.019844	0.003761	-0.000126	0.1688	9.8600	20.2911
20.2800	0.005000	0.019892	0.003767	-0.000052	0.3755	0.0000	20.2900
20.2900	0.005000	0.019844	0.003767	-0.000047	0.1644	9.8600	20.1652
20.3000	0.005000	0.019892	0.003771	0.000004	0.3732	0.0000	20.1641
20.3100	0.005000	0.019892	0.003771	0.000004	0.1666	9.8600	20.1631
20.3200	0.005000	0.019844	0.003780	0.000091	0.3755	0.0000	20.1620
20.3300	0.005000	0.019844	0.003780	0.000082	0.1644	9.8600	20.1609
20.3400	0.005000	0.019892	0.003787	0.000139	0.3710	0.0000	20.1598
20.3500	0.005000	0.019844	0.003787	0.000125	0.1622	9.8600	20.1587
20.3600	0.005000	0.019892	0.003799	0.000240	0.3777	0.0000	20.1577
20.3700	0.005000	0.019844	0.003799	0.000216	0.1666	9.8600	20.1566
20.3800	0.005000	0.019892	0.003814	0.000342	0.3799	0.0000	20.1555
20.3900	0.005000	0.019844	0.003814	0.000308	0.1688	9.8600	20.0253
20.4000	0.005000	0.019892	0.003825	0.000388	0.3732	0.0000	20.0243
20.4100	0.005000	0.019892	0.003825	0.000349	0.1666	9.8600	20.0232
20.4200	0.005000	0.019892	0.003831	0.000371	0.3732	0.0000	20.0222
20.4300	0.005000	0.019844	0.003831	0.000334	0.1688	9.8600	20.0211
20.4400	0.005000	0.019892	0.003838	0.000370	0.3732	0.0000	20.0201
20.4500	0.005000	0.019892	0.003838	0.000333	0.1644	9.8600	20.0190
20.4600	0.005000	0.019892	0.003838	0.000299	0.3732	0.0000	20.0180
20.4700	0.005000	0.019892	0.003838	0.000269	0.1688	9.8600	20.0169
20.4800	0.005000	0.019892	0.003830	0.000163	0.3732	0.0000	20.0159
20.4900	0.005000	0.019892	0.003830	0.000147	0.1666	9.8600	19.8855
20.5000	0.005000	0.019892	0.003821	0.000047	0.3710	0.0000	19.8844
20.5100	0.005000	0.019892	0.003821	0.000042	0.1666	9.8600	19.8834
20.5200	0.005000	0.019892	0.003818	-0.000000	0.3755	0.0000	19.8824
20.5300	0.005000	0.019892	0.003818	-0.000000	0.1666	9.8600	19.8814
20.5400	0.005000	0.019892	0.003807	-0.000107	0.3666	0.0000	19.8803
20.5500	0.005000	0.019892	0.003807	-0.000096	0.1666	9.8600	19.8793
20.5600	0.005000	0.019892	0.003794	-0.000219	0.3688	0.0000	19.8783
20.5700	0.005000	0.019892	0.003794	-0.000197	0.1688	9.8600	19.8773
20.5800	0.005000	0.019892	0.003789	-0.000225	0.3777	0.0000	19.8763
20.5900	0.005000	0.019892	0.003789	-0.000202	0.1666	9.8600	19.7493
20.6000	0.005000	0.019892	0.003783	-0.000243	0.3688	0.0000	19.7484
20.6100	0.005000	0.019892	0.003783	-0.000219	0.1644	9.8600	19.7474
20.6200	0.005000	0.019892	0.003776	-0.000269	0.3732	0.0000	19.7464
20.6300	0.005000	0.019892	0.003776	-0.000242	0.1666	9.8600	19.7454
20.6400	0.005000	0.019892	0.003778	-0.000194	0.3732	0.0000	19.7444
20.6500	0.005000	0.019892	0.003778	-0.000174	0.1666	9.8600	19.7434
20.6600	0.005000	0.019892	0.003788	-0.000060	0.3755	0.0000	19.7424
20.6700	0.005000	0.019892	0.003788	-0.000054	0.1666	9.8600	19.7414
20.6800	0.005000	0.019892	0.003792	-0.000002	0.3755	0.0000	19.7404
20.6900	0.005000	0.019892	0.003792	-0.000002	0.1688	9.8600	19.6181
20.7000	0.005000	0.019892	0.003798	0.000059	0.3710	0.0000	19.6171
20.7100	0.005000	0.019892	0.003798	0.000053	0.1622	9.8600	19.6161
20.7200	0.005000	0.019892	0.003800	0.000067	0.3710	0.0000	19.6152
20.7300	0.005000	0.019892	0.003800	0.000061	0.1644	9.8600	19.6142
20.7400	0.005000	0.019892	0.003805	0.000095	0.3755	0.0000	19.6132
20.7500	0.005000	0.019892	0.003805	0.000086	0.1688	9.8600	19.6123
20.7600	0.005000	0.019892	0.003802	0.000056	0.3710	0.0000	19.6113
20.7700	0.005000	0.019892	0.003802	0.000050	0.1644	9.8600	19.6103
20.7800	0.005000	0.019892	0.003801	0.000029	0.3755	0.0000	19.6093
20.7900	0.005000	0.019892	0.003801	0.000026	0.1688	9.8600	19.4938
20.8000	0.005000	0.019892	0.003800	0.000011	0.3710	0.0000	19.4928
20.8100	0.005000	0.019892	0.003800	0.000010	0.1666	9.8600	19.4919
20.8200	0.005000	0.019892	0.003801	0.000026	0.3732	0.0000	19.4909
20.8300	0.005000	0.019892	0.003801	0.000023	0.1688	9.8600	19.4900
20.8400	0.005000	0.019892	0.003800	0.000008	0.3732	0.0000	19.4891
20.8500	0.005000	0.019892	0.003800	0.000007	0.1688	9.8600	19.4881
20.8600	0.005000	0.019892	0.003801	0.000022	0.3732	0.0000	19.4872
20.8700	0.005000	0.019892	0.003801	0.000020	0.1644	9.8600	19.4862
20.8800	0.005000	0.019892	0.003797	-0.000022	0.3710	0.0000	19.4853
20.8900	0.005000	0.019892	0.003797	-0.000020	0.1688	9.8600	19.3763
20.9000	0.005000	0.019892	0.003794	-0.000048	0.3710	0.0000	19.3753
20.9100	0.005000	0.019892	0.003794	-0.000043	0.1666	9.8600	19.3744
20.9200	0.005000	0.019892	0.003787	-0.000114	0.3688	0.0000	19.3735
20.9300	0.005000	0.019892	0.003787	-0.000103	0.1666	9.8600	19.3726
20.9400	0.005000	0.019892	0.003781	-0.000149	0.3732	0.0000	19.3716
20.9500	0.005000	0.019892	0.003781	-0.000134	0.1666	9.8600	19.3707
20.9600	0.005000	0.019892	0.003777	-0.000162	0.3732	0.0000	19.3698
20.9700	0.005000	0.019892	0.003777	-0.000146	0.1666	9.8600	19.3689
20.9800	0.005000	0.019892	0.003774	-0.000163	0.3710	0.0000	19.3680
20.9900	0.005000	0.019892	0.003774	-0.000147	0.1644	9.8600	19.2674
21.0000	0.005000	0.019892	0.003774	-0.000130	0.3732	0.0000	19.2665
21.0100	0.005000	0.019892	0.003774	-0.000117	0.1644	9.8600	19.2656
21.0200	0.005000	0.019892	0.003777	-0.000077	0.3710	0.0000	19.2647
21.0300	0.005000	0.019892	0.003777	-0.000069	0.1666	9.8600	19.2638
21.0400	0.005000	0.019892	0.003782	-0.000015	0.3755	0.0000	19.2629
21.0500	0.005000	0.019892	0.003782	-0.000014	0.1666	9.8600	19.2620
21.0600	0.005000	0.019892	0.003780	-0.000029	0.3688	0.0000	19.2611
21.0700	0.005000	0.019892	0.003780	-0.000026	0.1644	9.8600	19.2602
21.0800	0.005000	0.019892	0.003776	-0.000063	0.3688	0.0000	19.2593
21.0900	0.005000	0.019892	0.003776	-0.000056	0.1644	9.8600	19.1675
21.1000	0.005000	0.019892	0.003771	-0.000106	0.3710	0.0000	19.1666
21.1100	0.005000	0.019892	0.003771	-0.000095	0.1622	9.8600	19.1657
21.1200	0.005000	0.019892	0.003766	-0.000127	0.3710	0.0000	19.1648
21.1300	0.005000	0.019892	0.003766	-0.000115	0.1644	9.8600	19.1640
21.1400	0.005000	0.019892	0.003761	-0.000160	0.3732	0.0000	19.1631
21.1500	0.005000	0.019892	0.003761	-0.000144	0.1666	9.8600	19.1622
21.1600	0.005000	0.019892	0.003762	-0.000121	0.3732	0.0000	19.1613
21.1700	0.005000	0.019892	0.003762	-0.000109	0.1666	9.8600	19.1604
21.1800	0.005000	0.019892	0.003768	-0.000038	0.3732	0.0000	19.1596
21.1900	0.005000	0.019892	0.003768	-0.000034	0.1666	9.8600	19.0754
21.2000	0.005000	0.019892	0.003775	0.000040	0.3732	0.0000	19.0745
21.2100	0.005000	0.019892	0.003775	0.000036	0.1644	9.8600	19.0737
21.2200	0.005000	0.019892	0.003780	0.000085	0.3710	0.0000	19.0728
21.2300	0.005000	0.019892	0.003780	0.000077	0.1666	9.8600	19.0719
21.2400	0.005000	0.019892	0.003787	0.000135	0.3755	0.0000	19.0711
21.2500	0.005000	0.019892	0.003787	0.000121	0.1688	9.8600	19.0702
21.2600	0.005000	0.019892	0.003791	0.000159	0.3732	0.0000	19.0693
21.2700	0.005000	0.019892	0.003791	0.000143	0.1666	9.8600	19.0685
21.2800	0.005000	0.019892	0.003795	0.000166	0.3732	0.0000	19.0676
21.2900	0.005000	0.019892	0.003795	0.000149	0.1666	9.8600	18.9894
21.3000	0.005000	0.019892	0.003795	0.000136	0.3710	0.0000	18.9885
21.3100	0.005000	0.019892	0.003795	0.000122	0.1644	9.8600	18.9877
21.3200	0.005000	0.019892	0.003793	0.000085	0.3688	0.0000	18.9868
21.3300	0.005000	0.019892	0.003793	0.000077	0.1644	9.8600	18.9860
21.3400	0.005000	0.019892	0.003786	-0.000002	0.3710	0.0000	18.9851
21.3500	0.005000	0.019892	0.003786	-0.000002	0.1688	9.8600	18.9843
21.3600	0.005000	0.019892	0.003780	-0.000055	0.3732	0.0000	18.9834
21.3700	0.005000	0.019892	0.003780	-0.000050	0.1666	9.8600	18.9826
21.3800	0.005000	0.019892	0.003779	-0.000058	0.3755	0.0000	18.9818
21.3900	0.005000	0.019892	0.003779	-0.000053	0.1688	9.8600	18.9102
21.4000	0.005000	0.019892	0.003783	-0.000005	0.3755	0.0000	18.9093
21.4100	0.005000	0.019892	0.003783	-0.000005	0.1666	9.8600	18.9085
21.4200	0.005000	0.019892	0.003789	0.000053	0.3710	0.0000	18.9077
21.4300	0.005000	0.019892	0.003789	0.000048	0.1644	9.8600	18.9068
21.4400	0.005000	0.019892	0.003796	0.000113	0.3732	0.0000	18.9060
21.4500	0.005000	0.019892	0.003796	0.000101	0.1666	9.8600	18.9052
21.4600	0.005000	0.019892	0.003799	0.000117	0.3710	0.0000	18.9044
21.4700	0.005000	0.019892	0.003799	0.000105	0.1644	9.8600	18.9035
21.4800	0.005000	0.019892	0.003795	0.000062	0.3710	0.0000	18.9027
21.4900	0.005000	0.019892	0.003795	0.000056	0.1666	9.8600	18.8379
21.5000	0.005000	0.019892	0.003788	-0.000027	0.3710	0.0000	18.8371
21.5100	0.005000	0.019892	0.003788	-0.000024	0.1666	9.8600	18.8363
21.5200	0.005000	0.019892	0.003782	-0.000079	0.3710	0.0000	18.8355
21.5300	0.005000	0.019892	0.003782	-0.000072	0.1688	9.8600	18.8346
21.5400	0.005000	0.019892	0.003777	-0.000108	0.3732	0.0000	18.8338
21.5500	0.005000	0.019892	0.003777	-0.000097	0.1666	9.8600	18.8330
21.5600	0.005000	0.019892	0.003777	-0.000094	0.3732	0.0000	18.8322
21.5700	0.005000	0.019892	0.003777	-0.000084	0.1666	9.8600	18.8314
21.5800	0.005000	0.019892	0.003779	-0.000054	0.3732	0.0000	18.8306
21.5900	0.005000	0.019892	0.003779	-0.000049	0.1666	9.8600	18.7712
21.6000	0.005000	0.019892	0.003783	-0.000002	0.3732	0.0000	18.7704
21.6100	0.005000	0.019892	0.003783	-0.000002	0.1688	9.8600	18.7696
21.6200	0.005000	0.019892	0.003786	0.000030	0.3710	0.0000	18.7688
21.6300	0.005000	0.019892	0.003786	0.000027	0.1644	9.8600	18.7680
21.6400	0.005000	0.019892	0.003791	0.000074	0.3755	0.0000	18.7672
21.6500	0.005000	0.019892	0.003791	0.000067	0.1688	9.8600	18.7664
21.6600	0.005000	0.019892	0.003790	0.000045	0.3688	0.0000	18.7656
21.6700	0.005000	0.019892	0.003790	0.000041	0.1688	9.8600	18.7648
21.6800	0.005000	0.019892	0.003791	0.000052	0.3755	0.0000	18.7640
21.6900	0.005000	0.019892	0.003791	0.000047	0.1644	9.8600	18.7095
21.7000	0.005000	0.019892	0.003795	0.000079	0.3755	0.0000	18.7087
21.7100	0.005000	0.019892	0.003795	0.000071	0.1688	9.8600	18.7079
21.7200	0.005000	0.019892	0.003793	0.000040	0.3666	0.0000	18.7071
21.7300	0.005000	0.019892	0.003793	0.000036	0.1666	9.8600	18.7064
21.7400	0.005000	0.019892	0.003791	0.000014	0.3755	0.0000	18.7056
21.7500	0.005000	0.019892	0.003791	0.000013	0.1688	9.8600	18.7048
21.7600	0.005000	0.019892	0.003795	0.000050	0.3732	0.0000	18.7040
21.7700	0.005000	0.019892	0.003795	0.000045	0.1666	9.8600	18.7032
21.7800	0.005000	0.019892	0.003798	0.000070	0.3755	0.0000	18.7024
21.7900	0.005000	0.019892	0.003797	0.000054	0.1644	9.8600	18.6524
21.8000	0.005000	0.019892	0.003799	0.000068	0.3688	0.0000	18.6517
21.8100	0.005000	0.019892	0.003797	0.000046	0.1666	9.8600	18.6509
21.8200	0.005000	0.019892	0.003793	0.000004	0.3710	0.0000	18.6501
21.8300	0.005000	0.019892	0.003787	-0.000057	0.1666	9.8600	18.6493
21.8400	0.005000	0.019892	0.003778	-0.000145	0.3688	0.0000	18.6486
21.8500	0.005000	0.019892	0.004638	0.008470	0.1644	9.8600	18.6478
21.8600	0.005000	0.019892	0.005259	0.013837	0.3732	0.0000	18.6470
21.8700	0.005000	0.019892	0.006635	0.026206	0.1644	9.8600	18.6462
21.8800	0.005000	0.019892	0.007608	0.033314	0.3732	0.0000	18.6455
21.8900	0.005000	0.019892	0.008873	0.042633	0.1644	9.8600	18.6023
21.9000	0.005000	0.019892	0.009164	0.041285	0.3666	0.0000	18.6015
21.9100	0.005000	0.019892	0.009431	0.039828	0.1644	9.8600	18.6007
21.9200	0.005000	0.019892	0.009089	0.032419	0.3710	0.0000	18.6000
21.9300	0.005000	0.019892	0.008819	0.026476	0.1644	9.8600	18.5992
21.9400	0.005000	0.019892	0.008368	0.019325	0.3710	0.0000	18.5984
21.9500	0.005000	0.019892	0.007698	0.010687	0.1644	9.8600	18.5977
21.9600	0.005000	0.019892	0.007364	0.006280	0.3710	0.0000	18.5969
21.9700	0.005000	0.019892	0.006712	-0.000864	0.1644	9.8600	18.5962
21.9800	0.005000	0.019892	0.006409	-0.003810	0.3732	0.0000	18.5954
21.9900	0.005000	0.019892	0.005802	-0.009494	0.1644	9.8600	18.5589
22.0000	0.005000	0.019892	0.005531	-0.011263	0.3732	0.0000	18.5581
22.0100	0.005000	0.019892	0.004989	-0.015557	0.1644	9.8600	18.5574
22.0200	0.005000	0.019892	0.004756	-0.016324	0.3710	0.0000	18.5566
22.0300	0.005000	0.019892	0.004284	-0.019413	0.1666	9.8600	18.5559
22.0400	0.005000	0.019892	0.004076	-0.019554	0.3710	0.0000	18.5551
22.0500	0.005000	0.019892	0.003671	-0.021651	0.1644	9.8600	18.5543
22.0600	0.005000	0.019892	0.003498	-0.021215	0.3666	0.0000	18.5536
22.0700	0.005000	0.019892	0.003163	-0.022446	0.1666	9.8600	18.5528
22.0800	0.005000	0.019892	0.003026	-0.021564	0.3755	0.0000	18.5521
22.0900	0.005000	0.019892	0.002756	-0.022112	0.1666	9.8600	18.5199
22.1000	0.005000	0.019892	0.002645	-0.021005	0.3732	0.0000	18.5192
22.1100	0.005000	0.019892	0.002426	-0.021096	0.1688	9.8600	18.5184
22.1200	0.005000	0.019892	0.002336	-0.019885	0.3732	0.0000	18.5177
22.1300	0.005000	0.019892	0.002159	-0.019671	0.1688	9.8600	18.5169
22.1400	0.005000	0.019892	0.002086	-0.018434	0.3732	0.0000	18.5162
22.1500	0.005000	0.019892	0.001942	-0.018028	0.1666	9.8600	18.5154
22.1600	0.005000	0.019892	0.001883	-0.016819	0.3755	0.0000	18.5147
22.1700	0.005000	0.019892	0.001766	-0.016303	0.1666	9.8600	18.5140
22.1800	0.005000	0.019892	0.001718	-0.015155	0.3710	0.0000	18.5132
22.1900	0.005000	0.019892	0.001623	-0.014587	0.1644	9.8600	18.4831
22.2000	0.005000	0.019892	0.001584	-0.013520	0.3732	0.0000	18.4824
22.2100	0.005000	0.019892	0.001507	-0.012937	0.1644	9.8600	18.4817
22.2200	0.005000	0.019892	0.001475	-0.011962	0.3732	0.0000	18.4809
22.2300	0.005000	0.019892	0.001413	-0.011391	0.1666	9.8600	18.4802
22.2400	0.005000	0.019892	0.001387	-0.010511	0.3732	0.0000	18.4794
22.2500	0.005000	0.019892	0.001336	-0.009968	0.1644	9.8600	18.4787
22.2600	0.005000	0.019892	0.001315	-0.009182	0.3710	0.0000	18.4779
22.2700	0.005000	0.019892	0.001274	-0.008677	0.1733	9.8600	18.4772
22.2800	0.005000	0.019892	0.001257	-0.007981	0.3799	0.0000	18.4765
22.2900	0.005000	0.019892	0.001223	-0.007519	0.1688	9.8600	18.4476
22.3000	0.005000	0.019892	0.001209	-0.006906	0.3710	0.0000	18.4468
22.3100	0.005000	0.019892	0.001182	-0.006489	0.1644	9.8600	18.4461
22.3200	0.005000	0.019892	0.001170	-0.005953	0.3710	0.0000	18.4454
22.3300	0.005000	0.019892	0.001148	-0.005581	0.1644	9.8600	18.4446
22.3400	0.005000	0.019892	0.001139	-0.005115	0.3710	0.0000	18.4439
22.3500	0.005000	0.019892	0.001121	-0.004785	0.1688	9.8600	18.4432
22.3600	0.005000	0.019892	0.001113	-0.004381	0.3688	0.0000	18.4424
22.3700	0.005000	0.019892	0.001098	-0.004090	0.1688	9.8600	18.4417
22.3800	0.005000	0.019892	0.001092	-0.003742	0.3688	0.0000	18.4410
22.3900	0.005000	0.019892	0.001080	-0.003488	0.1666	9.8600	18.4167
22.4000	0.005000	0.019892	0.001075	-0.003189	0.3710	0.0000	18.4160
22.4100	0.005000	0.019892	0.001066	-0.002968	0.1644	9.8600	18.4152
22.4200	0.005000	0.019892	0.001062	-0.002711	0.3688	0.0000	18.4145
22.4300	0.005000	0.019892	0.001054	-0.002520	0.1644	9.8600	18.4138
22.4400	0.005000	0.019892	0.001050	-0.002300	0.3710	0.0000	18.4131
22.4500	0.005000	0.019892	0.001044	-0.002135	0.1644	9.8600	18.4123
22.4600	0.005000	0.019892	0.001041	-0.001948	0.3755	0.0000	18.4116
22.4700	0.005000	0.019892	0.001036	-0.001806	0.1666	9.8600	18.4109
22.4800	0.005000	0.019892	0.001034	-0.001647	0.3666	0.0000	18.4101
22.4900	0.005000	0.019892	0.001030	-0.001526	0.1666	9.8600	18.3904
22.5000	0.005000	0.019892	0.001028	-0.001390	0.3732	0.0000	18.3897
22.5100	0.005000	0.019892	0.001024	-0.001287	0.1644	9.8600	18.3890
22.5200	0.005000	0.019892	0.002043	0.009029	0.3688	0.0000	18.3882
22.5300	0.005000	0.019892	0.002771	0.015411	0.1666	9.8600	18.3875
22.5400	0.005000	0.019892	0.004399	0.030149	0.3688	0.0000	18.3868
22.5500	0.005000	0.019892	0.005537	0.038509	0.1666	9.8600	18.3861
22.5600	0.005000	0.019892	0.007487	0.054156	0.3688	0.0000	18.3854
22.5700	0.005000	0.019892	0.007770	0.051577	0.1644	9.8600	18.3846
22.5800	0.005000	0.019892	0.009033	0.059051	0.3643	0.0000	18.3839
22.5900	0.005000	0.019892	0.008923	0.052044	0.1644	9.8600	18.3692
22.6000	0.005000	0.019892	0.009852	0.056122	0.3643	0.0000	18.3685
22.6100	0.005000	0.019892	0.009530	0.047294	0.1644	9.8600	18.3678
22.6200	0.005000	0.019892	0.010287	0.050138	0.3666	0.0000	18.3671
22.6300	0.005000	0.019892	0.009850	0.040755	0.1644	9.8600	18.3663
22.6400	0.005000	0.019892	0.010519	0.043365	0.3710	0.0000	18.3656
22.6500	0.005000	0.019892	0.010020	0.034039	0.1644	9.8600	18.3649
22.6600	0.005000	0.019892	0.010116	0.031593	0.3732	0.0000	18.3642
22.6700	0.005000	0.019892	0.009176	0.019031	0.1688	9.8600	18.3635
22.6800	0.005000	0.019892	0.008936	0.014736	0.3732	0.0000	18.3627
22.6900	0.005000	0.019892	0.007711	0.001005	0.1688	9.8600	18.3507
22.7000	0.005000	0.019892	0.007209	-0.004109	0.3732	0.0000	18.3500
22.7100	0.005000	0.019892	0.006349	-0.012303	0.1688	9.8600	18.3493
22.7200	0.005000	0.019892	0.006014	-0.014415	0.3621	0.0000	18.3486
22.7300	0.005000	0.019892	0.005330	-0.019821	0.1622	9.8600	18.3479
22.7400	0.005000	0.019892	0.005061	-0.020526	0.3710	0.0000	18.3471
22.7500	0.005000	0.019892	0.004507	-0.024014	0.1688	9.8600	18.3464
22.7600	0.005000	0.019892	0.004286	-0.023826	0.3710	0.0000	18.3457
22.7700	0.005000	0.019892	0.003841	-0.025888	0.1688	9.8600	18.3450
22.7800	0.005000	0.019892	0.003662	-0.025088	0.3710	0.0000	18.3443
22.7900	0.005000	0.019892	0.003304	-0.026158	0.1666	9.8600	18.3342
22.8000	0.005000	0.019892	0.003159	-0.024994	0.3710	0.0000	18.3335
22.8100	0.005000	0.019844	0.002870	-0.025383	0.1644	9.8600	18.3328
22.8200	0.005000	0.019892	0.002753	-0.024024	0.3732	0.0000	18.3320
22.8300	0.005000	0.019892	0.002519	-0.023957	0.1688	9.8600	18.3313
22.8400	0.005000	0.019892	0.002423	-0.022518	0.3732	0.0000	18.3306
22.8500	0.005000	0.019892	0.002234	-0.022157	0.1688	9.8600	18.3299
22.8600	0.005000	0.019892	0.002156	-0.020719	0.3732	0.0000	18.3292
22.8700	0.005000	0.019892	0.002003	-0.020179	0.1666	9.8600	18.3285
22.8800	0.005000	0.019892	0.001940	-0.018793	0.3755	0.0000	18.3278
22.8900	0.005000	0.019892	0.001816	-0.018156	0.1666	9.8600	18.3171
22.9000	0.005000	0.019892	0.001764	-0.016854	0.3710	0.0000	18.3164
22.9100	0.005000	0.019892	0.001664	-0.016178	0.1688	9.8600	18.3157
22.9200	0.005000	0.019892	0.001622	-0.014977	0.3777	0.0000	18.3150
22.9300	0.005000	0.019892	0.001540	-0.014299	0.1688	9.8600	18.3143
22.9400	0.005000	0.019892	0.001506	-0.013208	0.3710	0.0000	18.3136
22.9500	0.005000	0.019892	0.001439	-0.012553	0.1644	9.8600	18.3129
22.9600	0.005000	0.019892	0.001412	-0.011574	0.3688	0.0000	18.3122
22.9700	0.005000	0.019892	0.001358	-0.010957	0.1644	9.8600	18.3115
22.9800	0.005000	0.019892	0.001335	-0.010086	0.3732	0.0000	18.3108
22.9900	0.005000	0.019892	0.001291	-0.009517	0.1688	9.8600	18.3007
23.0000	0.005000	0.019892	0.001273	-0.008748	0.3710	0.0000	18.3000
23.0100	0.005000	0.019892	0.001237	-0.008231	0.1666	9.8600	18.2993
23.0200	0.005000	0.019892	0.002228	0.002502	0.3710	0.0000	18.2986
23.0300	0.005000	0.019892	0.002920	0.009169	0.1644	9.8600	18.2979
23.0400	0.005000	0.019892	0.004518	0.024235	0.3710	0.0000	18.2972
23.0500	0.005000	0.019892	0.005621	0.032840	0.1688	9.8600	18.2965
23.0600	0.005000	0.019892	0.007544	0.048786	0.3710	0.0000	18.2958
23.0700	0.005000	0.019892	0.007813	0.046595	0.1666	9.8600	18.2951
23.0800	0.005000	0.019892	0.008372	0.047531	0.3710	0.0000	18.2944
23.0900	0.005000	0.019892	0.007795	0.037004	0.1644	9.8600	18.2864
23.1000	0.005000	0.019892	0.007726	0.032610	0.3732	0.0000	18.2857
23.1100	0.005000	0.019892	0.006644	0.018535	0.1644	9.8600	18.2850
23.1200	0.005000	0.019892	0.006179	0.012033	0.3732	0.0000	18.2843
23.1300	0.005000	0.019892	0.005470	0.003737	0.1666	9.8600	18.2836
23.1400	0.005000	0.019892	0.005192	0.000581	0.3732	0.0000	18.2829
23.1500	0.005000	0.019892	0.004626	-0.005136	0.1688	9.8600	18.2822
23.1600	0.005000	0.019892	0.004403	-0.006857	0.3710	0.0000	18.2815
23.1700	0.005000	0.019892	0.003941	-0.010789	0.1644	9.8600	18.2808
23.1800	0.005000	0.019892	0.003755	-0.011571	0.3688	0.0000	18.2801
23.1900	0.005000	0.019892	0.003384	-0.014122	0.1644	9.8600	18.2737
23.2000	0.005000	0.019892	0.004103	-0.005518	0.3666	0.0000	18.2730
23.2100	0.005000	0.019892	0.004432	-0.001675	0.1644	9.8600	18.2723
23.2200	0.005000	0.019892	0.005733	0.011504	0.3710	0.0000	18.2716
23.2300	0.005000	0.019892	0.006490	0.017922	0.1644	9.8600	18.2709
23.2400	0.005000	0.019892	0.008141	0.032636	0.3755	0.0000	18.2702
23.2500	0.005000	0.019892	0.008256	0.030523	0.1666	9.8600	18.2695
23.2600	0.005000	0.019892	0.008720	0.032111	0.3755	0.0000	18.2688
23.2700	0.005000	0.019892	0.008072	0.022418	0.1666	9.8600	18.2681
23.2800	0.005000	0.019892	0.007969	0.019147	0.3732	0.0000	18.2674
23.2900	0.005000	0.019892	0.006858	0.006130	0.1644	9.8600	18.2622
23.3000	0.005000	0.019892	0.006386	0.000795	0.3732	0.0000	18.2615
23.3100	0.005000	0.019892	0.005647	-0.006679	0.1666	9.8600	18.2608
23.3200	0.005000	0.019892	0.005357	-0.008906	0.3732	0.0000	18.2601
23.3300	0.005000	0.019892	0.004768	-0.013912	0.1666	9.8600	18.2594
23.3400	0.005000	0.019892	0.004535	-0.014847	0.3710	0.0000	18.2587
23.3500	0.005000	0.019892	0.004055	-0.018165	0.1666	9.8600	18.2580
23.3600	0.005000	0.019892	0.003862	-0.018281	0.3755	0.0000	18.2573
23.3700	0.005000	0.019892	0.003476	-0.020308	0.1666	9.8600	18.2566
23.3800	0.005000	0.019892	0.003320	-0.019837	0.3710	0.0000	18.2559
23.3900	0.005000	0.019892	0.003009	-0.020962	0.1644	9.8600	18.2512
23.4000	0.005000	0.019892	0.002883	-0.020131	0.3710	0.0000	18.2505
23.4100	0.005000	0.019892	0.002631	-0.020630	0.1644	9.8600	18.2498
23.4200	0.005000	0.019892	0.003444	-0.010437	0.3732	0.0000	18.2491
23.4300	0.005000	0.019892	0.003899	-0.004850	0.1666	9.8600	18.2484
23.4400	0.005000	0.019892	0.005304	0.009686	0.3732	0.0000	18.2477
23.4500	0.005000	0.019892	0.006181	0.017492	0.1688	9.8600	18.2470
23.4600	0.005000	0.019892	0.007104	0.024967	0.3755	0.0000	18.2463
23.4700	0.005000	0.019892	0.006778	0.019217	0.1666	9.8600	18.2456
23.4800	0.005000	0.019892	0.006832	0.017826	0.3710	0.0000	18.2449
23.4900	0.005000	0.019844	0.005855	0.006281	0.1644	9.8600	18.2406
23.5000	0.005000	0.019892	0.005418	0.001277	0.3710	0.0000	18.2399
23.5100	0.005000	0.019892	0.004819	-0.004842	0.1688	9.8600	18.2392
23.5200	0.005000	0.019892	0.004582	-0.006723	0.3755	0.0000	18.2385
23.5300	0.005000	0.019892	0.004103	-0.010840	0.1688	9.8600	18.2378
23.5400	0.005000	0.019844	0.003913	-0.011654	0.3732	0.0000	18.2371
23.5500	0.005000	0.019892	0.003519	-0.014428	0.1644	9.8600	18.2364
23.5600	0.005000	0.019892	0.003360	-0.014584	0.3732	0.0000	18.2357
23.5700	0.005000	0.019892	0.003043	-0.016289	0.1666	9.8600	18.2351
23.5800	0.005000	0.019892	0.002914	-0.015948	0.3732	0.0000	18.2344
23.5900	0.005000	0.019892	0.002659	-0.016908	0.1666	9.8600	18.2298
23.6000	0.005000	0.019892	0.002554	-0.016262	0.3732	0.0000	18.2291
23.6100	0.005000	0.019892	0.002348	-0.016703	0.1666	9.8600	18.2284
23.6200	0.005000	0.019892	0.002263	-0.015882	0.3710	0.0000	18.2277
23.6300	0.005000	0.019892	0.002095	-0.015969	0.1644	9.8600	18.2270
23.6400	0.005000	0.019892	0.002976	-0.005564	0.3710	0.0000	18.2263
23.6500	0.005000	0.019892	0.003521	0.000441	0.1666	9.8600	18.2256
23.6600	0.005000	0.019892	0.005000	0.015190	0.3710	0.0000	18.2250
23.6700	0.005000	0.019892	0.005964	0.023309	0.1644	9.8600	18.2243
23.6800	0.005000	0.019892	0.007779	0.039124	0.3710	0.0000	18.2236
23.6900	0.005000	0.019892	0.007987	0.037291	0.1688	9.8600	18.2206
23.7000	0.005000	0.019892	0.009186	0.045555	0.3732	0.0000	18.2199
23.7100	0.005000	0.019892	0.009037	0.039510	0.1666	9.8600	18.2192
23.7200	0.005000	0.019892	0.009933	0.044519	0.3732	0.0000	18.2185
23.7300	0.005000	0.019892	0.009590	0.036638	0.1622	9.8600	18.2179
23.7400	0.005000	0.019892	0.010331	0.040380	0.3643	0.0000	18.2172
23.7500	0.005000	0.019892	0.009882	0.031858	0.1666	9.8600	18.2165
23.7600	0.005000	0.019892	0.010542	0.035270	0.3710	0.0000	18.2158
23.7700	0.005000	0.019892	0.010037	0.026691	0.1644	9.8600	18.2151
23.7800	0.005000	0.019892	0.010654	0.030196	0.3710	0.0000	18.2144
23.7900	0.005000	0.019892	0.010119	0.021822	0.1666	9.8600	18.2140
23.8000	0.005000	0.019892	0.010714	0.025590	0.3755	0.0000	18.2133
23.8100	0.005000	0.019892	0.010162	0.017515	0.1644	9.8600	18.2126
23.8200	0.005000	0.019892	0.010745	0.021596	0.3732	0.0000	18.2119
23.8300	0.005000	0.019892	0.010185	0.013834	0.1644	9.8600	18.2112
23.8400	0.005000	0.019892	0.010248	0.013074	0.3755	0.0000	18.2105
23.8500	0.005000	0.019892	0.009279	0.002083	0.1666	9.8600	18.2098
23.8600	0.005000	0.019892	0.009027	-0.000647	0.3732	0.0000	18.2091
23.8700	0.005000	0.019892	0.007790	-0.012949	0.1666	9.8600	18.2084
23.8800	0.005000	0.019892	0.007286	-0.016695	0.3710	0.0000	18.2078
23.8900	0.005000	0.019892	0.006414	-0.023744	0.1666	9.8600	18.2070
23.9000	0.005000	0.019892	0.006076	-0.024754	0.3710	0.0000	18.2064
23.9100	0.005000	0.019892	0.005382	-0.029215	0.1666	9.8600	18.2057
23.9200	0.005000	0.019892	0.005110	-0.029014	0.3710	0.0000	18.2050
23.9300	0.005000	0.019892	0.004549	-0.031723	0.1666	9.8600	18.2043
23.9400	0.005000	0.019892	0.005126	-0.022786	0.3710	0.0000	18.2036
23.9500	0.005000	0.019892	0.005264	-0.019120	0.1666	9.8600	18.2029
23.9600	0.005000	0.019892	0.006405	-0.005800	0.3732	0.0000	18.2022
23.9700	0.005000	0.019892	0.006977	0.000499	0.1666	9.8600	18.2015
23.9800	0.005000	0.019892	0.007720	0.007882	0.3732	0.0000	18.2009
23.9900	0.005000	0.019892	0.007274	0.002628	0.1755	9.8600	18.1994
24.0000	0.005000	0.019892	0.007267	0.002300	0.3777	0.0000	18.1987
24.0100	0.005000	0.019892	0.006240	-0.008203	0.1666	9.8600	18.1980
24.0200	0.005000	0.019892	0.005789	-0.011891	0.3688	0.0000	18.1973
24.0300	0.005000	0.019892	0.005136	-0.017229	0.1644	9.8600	18.1966
24.0400	0.005000	0.019892	0.004880	-0.018074	0.3710	0.0000	18.1959
24.0500	0.005000	0.019892	0.004358	-0.021480	0.1666	9.8600	18.1953
24.0600	0.005000	0.019844	0.004152	-0.021394	0.3755	0.0000	18.1946
24.0700	0.005000	0.019892	0.003725	-0.023525	0.1666	9.8600	18.1939
24.0800	0.005000	0.019892	0.003552	-0.022899	0.3710	0.0000	18.1932
24.0900	0.005000	0.019892	0.003210	-0.024038	0.1644	9.8600	18.1926
24.1000	0.005000	0.019892	0.003950	-0.014227	0.3688	0.0000	18.1919
24.1100	0.005000	0.019892	0.004308	-0.009224	0.1622	9.8600	18.1912
24.1200	0.005000	0.019892	0.005614	0.004756	0.3666	0.0000	18.1905
24.1300	0.005000	0.019892	0.006386	0.012000	0.1644	9.8600	18.1898
24.1400	0.005000	0.019892	0.007933	0.026269	0.3710	0.0000	18.1892
24.1500	0.005000	0.019892	0.007989	0.024201	0.1666	9.8600	18.1885
24.1600	0.005000	0.019892	0.009059	0.032479	0.3777	0.0000	18.1878
24.1700	0.005000	0.019892	0.008846	0.027101	0.1666	9.8600	18.1871
24.1800	0.005000	0.019892	0.009689	0.032827	0.3666	0.0000	18.1864
24.1900	0.005000	0.019892	0.009410	0.026754	0.1666	9.8600	18.1883
24.2000	0.005000	0.019892	0.010201	0.031987	0.3688	0.0000	18.1877
24.2100	0.005000	0.019892	0.009787	0.024649	0.1666	9.8600	18.1870
24.2200	0.005000	0.019892	0.010473	0.029044	0.3710	0.0000	18.1863
24.2300	0.005000	0.019892	0.009986	0.021273	0.1688	9.8600	18.1856
24.2400	0.005000	0.019844	0.010618	0.025458	0.3755	0.0000	18.1849
24.2500	0.005000	0.019892	0.010092	0.017656	0.1688	9.8600	18.1842
24.2600	0.005000	0.019892	0.010173	0.016702	0.3755	0.0000	18.1836
24.2700	0.005000	0.019892	0.009221	0.005507	0.1644	9.8600	18.1829
24.2800	0.005000	0.019892	0.009526	0.008012	0.3688	0.0000	18.1822
24.2900	0.005000	0.019892	0.008756	-0.000488	0.1688	9.8600	18.1836
24.3000	0.005000	0.019892	0.009185	0.003844	0.3688	0.0000	18.1830
24.3100	0.005000	0.019892	0.009036	0.001972	0.1666	9.8600	18.1823
24.3200	0.005000	0.019892	0.009932	0.010737	0.3621	0.0000	18.1816
24.3300	0.005000	0.019892	0.009589	0.006235	0.1622	9.8600	18.1809
24.3400	0.005000	0.019844	0.010036	0.010074	0.3643	0.0000	18.1802
24.3500	0.005000	0.019892	0.009374	0.002451	0.1644	9.8600	18.1795
24.3600	0.005000	0.019892	0.009446	0.002927	0.3666	0.0000	18.1789
24.3700	0.005000	0.019844	0.008486	-0.006967	0.1644	9.8600	18.1782
24.3800	0.005000	0.019892	0.008500	-0.006135	0.3732	0.0000	18.1775
24.3900	0.005000	0.019892	0.007794	-0.012574	0.1666	9.8600	18.1833
24.4000	0.005000	0.019892	0.008144	-0.007816	0.3710	0.0000	18.1826
24.4100	0.005000	0.019892	0.007855	-0.009926	0.1666	9.8600	18.1820
24.4200	0.005000	0.019892	0.008638	-0.001106	0.3710	0.0000	18.1813
24.4300	0.005000	0.019892	0.008511	-0.002268	0.1644	9.8600	18.1806
24.4400	0.005000	0.019892	0.009294	0.005797	0.3688	0.0000	18.1799
24.4500	0.005000	0.019892	0.008998	0.002252	0.1622	9.8600	18.1792
24.4600	0.005000	0.019892	0.009428	0.006328	0.3688	0.0000	18.1785
24.4700	0.005000	0.019892	0.008754	-0.001042	0.1666	9.8600	18.1779
24.4800	0.005000	0.019892	0.009209	0.003612	0.3732	0.0000	18.1772
24.4900	0.005000	0.019892	0.008680	-0.002039	0.1688	9.8600	18.1835
24.5000	0.005000	0.019892	0.009280	0.004163	0.3755	0.0000	18.1828
24.5100	0.005000	0.019892	0.009068	0.001627	0.1666	9.8600	18.1821
24.5200	0.005000	0.019892	0.009913	0.009911	0.3688	0.0000	18.1814
24.5300	0.005000	0.019892	0.009575	0.005543	0.1666	9.8600	18.1808
24.5400	0.005000	0.019892	0.010320	0.012436	0.3732	0.0000	18.1801
24.5500	0.005000	0.019892	0.009874	0.006736	0.1644	9.8600	18.1794
24.5600	0.005000	0.019892	0.010536	0.012683	0.3710	0.0000	18.1787
24.5700	0.005000	0.019892	0.010033	0.006378	0.1666	9.8600	18.1780
24.5800	0.005000	0.019892	0.010651	0.011926	0.3710	0.0000	18.1774
24.5900	0.005000	0.019892	0.010117	0.005386	0.1644	9.8600	18.1833
24.6000	0.005000	0.019892	0.010712	0.010804	0.3755	0.0000	18.1826
24.6100	0.005000	0.019892	0.010161	0.004212	0.1666	9.8600	18.1819
24.6200	0.005000	0.019892	0.010228	0.004463	0.3755	0.0000	18.1813
24.6300	0.005000	0.019892	0.009264	-0.005626	0.1666	9.8600	18.1806
24.6400	0.005000	0.019892	0.009014	-0.007566	0.3755	0.0000	18.1799
24.6500	0.005000	0.019892	0.007779	-0.019160	0.1666	9.8600	18.1792
24.6600	0.005000	0.019892	0.007275	-0.022281	0.3732	0.0000	18.1785
24.6700	0.005000	0.019892	0.006405	-0.028755	0.1666	9.8600	18.1778
24.6800	0.005000	0.019892	0.006067	-0.029257	0.3732	0.0000	18.1772
24.6900	0.005000	0.019892	0.005375	-0.033255	0.1644	9.8600	18.1809
24.7000	0.005000	0.019892	0.005103	-0.032645	0.3732	0.0000	18.1803
24.7100	0.005000	0.019892	0.004543	-0.034980	0.1644	9.8600	18.1796
24.7200	0.005000	0.019892	0.005120	-0.025711	0.3688	0.0000	18.1789
24.7300	0.005000	0.019892	0.005260	-0.021742	0.1666	9.8600	18.1782
24.7400	0.005000	0.019892	0.006402	-0.008152	0.3710	0.0000	18.1775
24.7500	0.005000	0.019892	0.006974	-0.001608	0.1688	9.8600	18.1769
24.7600	0.005000	0.019892	0.008477	0.013574	0.3755	0.0000	18.1762
24.7700	0.005000	0.019892	0.008507	0.012518	0.1666	9.8600	18.1755
24.7800	0.005000	0.019892	0.008917	0.015370	0.3755	0.0000	18.1748
24.7900	0.005000	0.019892	0.008228	0.006946	0.1688	9.8600	18.1774
24.8000	0.005000	0.019892	0.008106	0.005030	0.3732	0.0000	18.1767
24.8100	0.005000	0.019892	0.006980	-0.006738	0.1666	9.8600	18.1760
24.8200	0.005000	0.019892	0.006503	-0.010828	0.3688	0.0000	18.1754
24.8300	0.005000	0.019892	0.005747	-0.017311	0.1666	9.8600	18.1747
24.8400	0.005000	0.019892	0.006184	-0.011206	0.3710	0.0000	18.1740
24.8500	0.005000	0.019892	0.006136	-0.010562	0.1622	9.8600	18.1733
24.8600	0.005000	0.019892	0.007117	0.000302	0.3710	0.0000	18.1726
24.8700	0.005000	0.019892	0.007498	0.004080	0.1644	9.8600	18.1720
24.8800	0.005000	0.019892	0.008842	0.017114	0.3688	0.0000	18.1713
24.8900	0.005000	0.019892	0.008781	0.014786	0.1644	9.8600	18.1760
24.9000	0.005000	0.019892	0.009750	0.022997	0.3710	0.0000	18.1753
24.9100	0.005000	0.019892	0.009455	0.017749	0.1666	9.8600	18.1746
24.9200	0.005000	0.019892	0.010233	0.023757	0.3710	0.0000	18.1740
24.9300	0.005000	0.019892	0.009811	0.017157	0.1644	9.8600	18.1733
24.9400	0.005000	0.019892	0.010490	0.022237	0.3755	0.0000	18.1726
24.9500	0.005000	0.019892	0.009999	0.015101	0.1688	9.8600	18.1719
24.9600	0.005000	0.019892	0.010627	0.019868	0.3710	0.0000	18.1712
24.9700	0.005000	0.019892	0.010099	0.012601	0.1644	9.8600	18.1706
24.9800	0.005000	0.019892	0.010699	0.017346	0.3666	0.0000	18.1699
24.9900	0.005000	0.019892	0.010151	0.010134	0.1644	9.8600	18.1754
25.0000	0.005000	0.019892	0.010738	0.014982	0.3732	0.0000	18.1747
25.0100	0.005000	0.019892	0.010179	0.007903	0.1666	9.8600	18.1740
25.0200	0.005000	0.019892	0.010758	0.012897	0.3732	0.0000	18.1733
25.0300	0.005000	0.019892	0.010194	0.005971	0.1688	9.8600	18.1726
25.0400	0.005000	0.019892	0.010769	0.011119	0.3710	0.0000	18.1720
25.0500	0.005000	0.019892	0.010202	0.004341	0.1666	9.8600	18.1713
25.0600	0.005000	0.019892	0.010775	0.009630	0.3710	0.0000	18.1706
25.0700	0.005000	0.019892	0.010206	0.002985	0.1666	9.8600	18.1699
25.0800	0.005000	0.019892	0.010778	0.008399	0.3755	0.0000	18.1692
25.0900	0.005000	0.019892	0.010209	0.001869	0.1688	9.8600	18.1730
25.1000	0.005000	0.019892	0.010266	0.002258	0.3755	0.0000	18.1723
25.1100	0.005000	0.019892	0.009294	-0.007692	0.1688	9.8600	18.1716
25.1200	0.005000	0.019892	0.009040	-0.009462	0.3688	0.0000	18.1710
25.1300	0.005000	0.019892	0.007802	-0.020898	0.1644	9.8600	18.1703
25.1400	0.005000	0.019892	0.007297	-0.023853	0.3732	0.0000	18.1696
25.1500	0.005000	0.019892	0.006424	-0.030203	0.1644	9.8600	18.1689
25.1600	0.005000	0.019892	0.006782	-0.023603	0.3710	0.0000	18.1682
25.1700	0.005000	0.019892	0.006624	-0.022820	0.1711	9.8600	18.1676
25.1800	0.005000	0.019892	0.006791	-0.018869	0.3732	0.0000	18.1669
25.1900	0.005000	0.019892	0.006570	-0.019189	0.1644	9.8600	18.1703
25.2000	0.005000	0.019892	0.007408	-0.008895	0.3732	0.0000	18.1696
25.2100	0.005000	0.019892	0.007025	-0.011828	0.1688	9.8600	18.1689
25.2200	0.005000	0.019892	0.007051	-0.010388	0.3777	0.0000	18.1682
25.2300	0.005000	0.019892	0.006784	-0.012024	0.1688	9.8600	18.1676
25.2400	0.005000	0.019892	0.006878	-0.009874	0.3666	0.0000	18.1669
25.2500	0.005000	0.019892	0.005937	-0.018298	0.1644	9.8600	18.1662
25.2600	0.005000	0.019892	0.006250	-0.013337	0.3732	0.0000	18.1655
25.2700	0.005000	0.019892	0.006176	-0.012747	0.1622	9.8600	18.1648
25.2800	0.005000	0.019892	0.007134	-0.001889	0.3710	0.0000	18.1642
25.2900	0.005000	0.019892	0.007511	0.002064	0.1644	9.8600	18.1680
25.3000	0.005000	0.019892	0.008851	0.015262	0.3732	0.0000	18.1673
25.3100	0.005000	0.019892	0.008787	0.013097	0.1666	9.8600	18.1667
25.3200	0.005000	0.019892	0.009754	0.021459	0.3755	0.0000	18.1660
25.3300	0.005000	0.019892	0.009458	0.016352	0.1666	9.8600	18.1653
25.3400	0.005000	0.019892	0.010236	0.022491	0.3688	0.0000	18.1646
25.3500	0.005000	0.019892	0.009813	0.016010	0.1666	9.8600	18.1639
25.3600	0.005000	0.019892	0.010492	0.021200	0.3688	0.0000	18.1633
25.3700	0.005000	0.019892	0.010000	0.014163	0.1644	9.8600	18.1626
25.3800	0.005000	0.019892	0.010627	0.019022	0.3732	0.0000	18.1619
25.3900	0.005000	0.019892	0.010099	0.011837	0.1688	9.8600	18.1657
25.4000	0.005000	0.019892	0.010700	0.016657	0.3710	0.0000	18.1651
25.4100	0.005000	0.019892	0.010152	0.009514	0.1644	9.8600	18.1644
25.4200	0.005000	0.019892	0.010738	0.014423	0.3732	0.0000	18.1637
25.4300	0.005000	0.019844	0.010180	0.007399	0.1666	9.8600	18.1630
25.4400	0.005000	0.019892	0.010758	0.012444	0.3732	0.0000	18.1623
25.4500	0.005000	0.019844	0.010194	0.005563	0.1666	9.8600	18.1617
25.4600	0.005000	0.019892	0.010255	0.005611	0.3755	0.0000	18.1610
25.4700	0.005000	0.019892	0.009285	-0.004650	0.1666	9.8600	18.1603
25.4800	0.005000	0.019892	0.009579	-0.001243	0.3710	0.0000	18.1596
25.4900	0.005000	0.019892	0.008800	-0.008908	0.1644	9.8600	18.1635
25.5000	0.005000	0.019892	0.009222	-0.003796	0.3710	0.0000	18.1628
25.5100	0.005000	0.019892	0.009064	-0.005000	0.1644	9.8600	18.1621
25.5200	0.005000	0.019844	0.009952	0.004383	0.3688	0.0000	18.1614
25.5300	0.005000	0.019892	0.009604	0.000464	0.1666	9.8600	18.1608
25.5400	0.005000	0.019892	0.010341	0.007785	0.3732	0.0000	18.1601
25.5500	0.005000	0.019892	0.009890	0.002494	0.1688	9.8600	18.1594
25.5600	0.005000	0.019892	0.010012	0.003468	0.3821	0.0000	18.1587
25.5700	0.005000	0.019892	0.009094	-0.006060	0.1666	9.8600	18.1581
25.5800	0.005000	0.019892	0.008865	-0.007744	0.3732	0.0000	18.1574
25.5900	0.005000	0.019892	0.007648	-0.019141	0.1644	9.8600	18.1604
25.6000	0.005000	0.019892	0.007149	-0.022219	0.3710	0.0000	18.1597
25.6100	0.005000	0.019844	0.006297	-0.028512	0.1688	9.8600	18.1590
25.6200	0.005000	0.019844	0.005966	-0.028970	0.3710	0.0000	18.1583
25.6300	0.005000	0.019892	0.005288	-0.032850	0.1644	9.8600	18.1577
25.6400	0.005000	0.019892	0.005781	-0.024639	0.3732	0.0000	18.1570
25.6500	0.005000	0.019892	0.005800	-0.021983	0.1666	9.8600	18.1563
25.6600	0.005000	0.019892	0.006838	-0.009402	0.3688	0.0000	18.1556
25.6700	0.005000	0.019892	0.007294	-0.003912	0.1666	9.8600	18.1549
25.6800	0.005000	0.019892	0.008699	0.010535	0.3732	0.0000	18.1543
25.6900	0.005000	0.019892	0.008673	0.009226	0.1688	9.8600	18.1576
25.7000	0.005000	0.019892	0.009048	0.012053	0.3755	0.0000	18.1569
25.7100	0.005000	0.019844	0.008333	0.003690	0.1688	9.8600	18.1562
25.7200	0.005000	0.019892	0.008198	0.001972	0.3755	0.0000	18.1555
25.7300	0.005000	0.019892	0.007060	-0.009600	0.1688	9.8600	18.1549
25.7400	0.005000	0.019892	0.006581	-0.013431	0.3777	0.0000	18.1542
25.7500	0.005000	0.019892	0.005813	-0.019768	0.1622	9.8600	18.1535
25.7600	0.005000	0.019892	0.005513	-0.020792	0.3732	0.0000	18.1528
25.7700	0.005000	0.019892	0.004901	-0.024834	0.1666	9.8600	18.1522
25.7800	0.005000	0.019892	0.005440	-0.016957	0.3666	0.0000	18.1515
25.7900	0.005000	0.019892	0.005521	-0.014455	0.1644	9.8600	18.1544
25.8000	0.005000	0.019892	0.006612	-0.002099	0.3710	0.0000	18.1537
25.8100	0.005000	0.019892	0.007128	0.003270	0.1644	9.8600	18.1531
25.8200	0.005000	0.019892	0.008584	0.017498	0.3732	0.0000	18.1524
25.8300	0.005000	0.019844	0.008587	0.015782	0.1666	9.8600	18.1517
25.8400	0.005000	0.019892	0.009611	0.024450	0.3732	0.0000	18.1510
25.8500	0.005000	0.019892	0.009353	0.019417	0.1644	9.8600	18.1504
25.8600	0.005000	0.019892	0.010160	0.025545	0.3732	0.0000	18.1497
25.8700	0.005000	0.019892	0.009757	0.018961	0.1688	9.8600	18.1490
25.8800	0.005000	0.019892	0.010451	0.024010	0.3755	0.0000	18.1483
25.8900	0.005000	0.019892	0.009970	0.016801	0.1644	9.8600	18.1514
25.9000	0.005000	0.019892	0.010606	0.021477	0.3710	0.0000	18.1507
25.9100	0.005000	0.019892	0.010084	0.014105	0.1688	9.8600	18.1501
25.9200	0.005000	0.019892	0.010688	0.018741	0.3710	0.0000	18.1494
25.9300	0.005000	0.019892	0.010143	0.011420	0.1711	9.8600	18.1487
25.9400	0.005000	0.019892	0.010214	0.010985	0.3732	0.0000	18.1480
25.9500	0.005000	0.019892	0.009253	0.000273	0.1688	9.8600	18.1473
25.9600	0.005000	0.019892	0.009004	-0.002243	0.3710	0.0000	18.1467
25.9700	0.005000	0.019844	0.007770	-0.014357	0.1644	9.8600	18.1460
25.9800	0.005000	0.019892	0.007267	-0.017956	0.3732	0.0000	18.1453
25.9900	0.005000	0.019892	0.006398	-0.024850	0.1644	9.8600	18.1484
26.0000	0.005000	0.019892	0.006759	-0.018756	0.3710	0.0000	18.1477
26.0100	0.005000	0.019892	0.006605	-0.018415	0.1666	9.8600	18.1470
26.0200	0.005000	0.019892	0.007497	-0.007651	0.3732	0.0000	18.1463
26.0300	0.005000	0.019892	0.007778	-0.004077	0.1666	9.8600	18.1457
26.0400	0.005000	0.019892	0.009039	0.008939	0.3755	0.0000	18.1450
26.0500	0.005000	0.019892	0.008928	0.006930	0.1666	9.8600	18.1443
26.0600	0.005000	0.019892	0.009855	0.015507	0.3688	0.0000	18.1436
26.0700	0.005000	0.019892	0.009532	0.010733	0.1644	9.8600	18.1430
26.0800	0.005000	0.019892	0.010289	0.017227	0.3710	0.0000	18.1423
26.0900	0.005000	0.019892	0.009852	0.011130	0.1622	9.8600	18.1468
26.1000	0.005000	0.019892	0.010520	0.016700	0.3710	0.0000	18.1461
26.1100	0.005000	0.019892	0.010021	0.010037	0.1666	9.8600	18.1454
26.1200	0.005000	0.019844	0.010643	0.015252	0.3710	0.0000	18.1448
26.1300	0.005000	0.019892	0.010110	0.008403	0.1666	9.8600	18.1441
26.1400	0.005000	0.019892	0.010708	0.013537	0.3732	0.0000	18.1434
26.1500	0.005000	0.019892	0.010158	0.006684	0.1644	9.8600	18.1427
26.1600	0.005000	0.019892	0.010742	0.011860	0.3666	0.0000	18.1421
26.1700	0.005000	0.019892	0.010183	0.005081	0.1688	9.8600	18.1414
26.1800	0.005000	0.019892	0.010760	0.010349	0.3732	0.0000	18.1407
26.1900	0.005000	0.019892	0.010196	0.003671	0.1666	9.8600	18.1459
26.2000	0.005000	0.019892	0.010770	0.009043	0.3666	0.0000	18.1452
26.2100	0.005000	0.019892	0.010203	0.002470	0.1688	9.8600	18.1446
26.2200	0.005000	0.019892	0.010775	0.007943	0.3755	0.0000	18.1439
26.2300	0.005000	0.019892	0.010207	0.001466	0.1644	9.8600	18.1432
26.2400	0.005000	0.019892	0.010778	0.007030	0.3755	0.0000	18.1426
26.2500	0.005000	0.019892	0.010209	0.000637	0.1666	9.8600	18.1419
26.2600	0.005000	0.019892	0.010779	0.006278	0.3732	0.0000	18.1412
26.2700	0.005000	0.019892	0.010210	-0.000044	0.1666	9.8600	18.1405
26.2800	0.005000	0.019892	0.010780	0.005663	0.3732	0.0000	18.1399
26.2900	0.005000	0.019892	0.010211	-0.000600	0.1688	9.8600	18.1442
26.3000	0.005000	0.019844	0.010268	0.000032	0.3777	0.0000	18.1435
26.3100	0.005000	0.019892	0.009295	-0.009699	0.1688	9.8600	18.1428
26.3200	0.005000	0.019892	0.009041	-0.011270	0.3710	0.0000	18.1422
26.3300	0.005000	0.019892	0.007803	-0.022526	0.1666	9.8600	18.1415
26.3400	0.005000	0.019892	0.007298	-0.025318	0.3710	0.0000	18.1408
26.3500	0.005000	0.019892	0.006424	-0.031523	0.1666	9.8600	18.1401
26.3600	0.005000	0.019892	0.006782	-0.024792	0.3688	0.0000	18.1395
26.3700	0.005000	0.019892	0.006624	-0.023892	0.1644	9.8600	18.1388
26.3800	0.005000	0.019844	0.007513	-0.012616	0.3710	0.0000	18.1381
26.3900	0.005000	0.019844	0.007790	-0.008586	0.1688	9.8600	18.1425
26.4000	0.005000	0.019892	0.009047	0.004846	0.3710	0.0000	18.1418
26.4100	0.005000	0.019892	0.008934	0.003225	0.1644	9.8600	18.1412
26.4200	0.005000	0.019892	0.009859	0.012156	0.3710	0.0000	18.1405
26.4300	0.005000	0.019844	0.009535	0.007706	0.1688	9.8600	18.1398
26.4400	0.005000	0.019892	0.010291	0.014493	0.3710	0.0000	18.1391
26.4500	0.005000	0.019892	0.009853	0.008664	0.1644	9.8600	18.1385
26.4600	0.005000	0.019892	0.010521	0.014476	0.3710	0.0000	18.1378
26.4700	0.005000	0.019892	0.010022	0.008032	0.1666	9.8600	18.1371
26.4800	0.005000	0.019892	0.010643	0.013445	0.3688	0.0000	18.1364
26.4900	0.005000	0.019844	0.010111	0.006775	0.1666	9.8600	18.1422
26.5000	0.005000	0.019892	0.010708	0.012071	0.3755	0.0000	18.1416
26.5100	0.005000	0.019844	0.010158	0.005363	0.1644	9.8600	18.1409
26.5200	0.005000	0.019844	0.010742	0.010671	0.3710	0.0000	18.1402
26.5300	0.005000	0.019892	0.010183	0.004010	0.1666	9.8600	18.1395
26.5400	0.005000	0.019892	0.010760	0.009385	0.3732	0.0000	18.1389
26.5500	0.005000	0.019892	0.010196	0.002803	0.1688	9.8600	18.1382
26.5600	0.005000	0.019892	0.010770	0.008263	0.3710	0.0000	18.1375
26.5700	0.005000	0.019892	0.010203	0.001767	0.1666	9.8600	18.1368
26.5800	0.005000	0.019844	0.010775	0.007311	0.3732	0.0000	18.1362
26.5900	0.005000	0.019892	0.010207	0.000896	0.1666	9.8600	18.1413
26.6000	0.005000	0.019844	0.010778	0.006517	0.3732	0.0000	18.1407
26.6100	0.005000	0.019892	0.010209	0.000175	0.1666	9.8600	18.1400
26.6200	0.005000	0.019892	0.010266	0.000733	0.3755	0.0000	18.1393
26.6300	0.005000	0.019844	0.009294	-0.009065	0.1666	9.8600	18.1386
26.6400	0.005000	0.019892	0.009587	-0.005233	0.3710	0.0000	18.1380
26.6500	0.005000	0.019892	0.008806	-0.012511	0.1644	9.8600	18.1373
26.6600	0.005000	0.019892	0.009228	-0.007048	0.3732	0.0000	18.1366
26.6700	0.005000	0.019892	0.009068	-0.007940	0.1688	9.8600	18.1359
26.6800	0.005000	0.019892	0.009360	-0.004226	0.3755	0.0000	18.1353
26.6900	0.005000	0.019892	0.008579	-0.011609	0.1666	9.8600	18.1394
26.7000	0.005000	0.019892	0.008414	-0.012100	0.3732	0.0000	18.1388
26.7100	0.005000	0.019892	0.007251	-0.022523	0.1644	9.8600	18.1381
26.7200	0.005000	0.019892	0.007422	-0.018557	0.3710	0.0000	18.1374
26.7300	0.005000	0.019892	0.007139	-0.019534	0.1644	9.8600	18.1367
26.7400	0.005000	0.019892	0.007926	-0.009705	0.3710	0.0000	18.1361
26.7500	0.005000	0.019892	0.008096	-0.007036	0.1666	9.8600	18.1354
26.7600	0.005000	0.019892	0.009263	0.005339	0.3710	0.0000	18.1347
26.7700	0.005000	0.019892	0.009095	0.003116	0.1688	9.8600	18.1340
26.7800	0.005000	0.019892	0.009974	0.011601	0.3710	0.0000	18.1334
26.7900	0.005000	0.019892	0.009620	0.006902	0.1644	9.8600	18.1387
26.8000	0.005000	0.019844	0.010353	0.013534	0.3710	0.0000	18.1381
26.8100	0.005000	0.019892	0.009898	0.007637	0.1644	9.8600	18.1374
26.8200	0.005000	0.019892	0.010554	0.013428	0.3732	0.0000	18.1367
26.8300	0.005000	0.019892	0.010045	0.007002	0.1666	9.8600	18.1361
26.8400	0.005000	0.019892	0.010660	0.012452	0.3710	0.0000	18.1354
26.8500	0.005000	0.019892	0.010123	0.005835	0.1644	9.8600	18.1347
26.8600	0.005000	0.019892	0.010717	0.011190	0.3732	0.0000	18.1340
26.8700	0.005000	0.019892	0.010165	0.004546	0.1688	9.8600	18.1334
26.8800	0.005000	0.019892	0.010747	0.009917	0.3710	0.0000	18.1327
26.8900	0.005000	0.019892	0.010186	0.003318	0.1644	9.8600	18.1387
26.9000	0.005000	0.019892	0.010763	0.008753	0.3732	0.0000	18.1380
26.9100	0.005000	0.019892	0.010198	0.002227	0.1644	9.8600	18.1374
26.9200	0.005000	0.019892	0.010771	0.007739	0.3688	0.0000	18.1367
26.9300	0.005000	0.019892	0.010204	0.001292	0.1644	9.8600	18.1360
26.9400	0.005000	0.019892	0.010776	0.006881	0.3688	0.0000	18.1353
26.9500	0.005000	0.019844	0.010207	0.000507	0.1666	9.8600	18.1347
26.9600	0.005000	0.019844	0.010778	0.006165	0.3732	0.0000	18.1340
26.9700	0.005000	0.019892	0.010209	-0.000143	0.1644	9.8600	18.1333
26.9800	0.005000	0.019892	0.010629	0.004071	0.3666	0.0000	18.1327
26.9900	0.005000	0.019844	0.009948	-0.003151	0.1644	9.8600	18.1408
27.0000	0.005000	0.019892	0.010385	0.001538	0.3732	0.0000	18.1402
27.0100	0.005000	0.019892	0.009717	-0.005299	0.1688	9.8600	18.1395
27.0200	0.005000	0.019892	0.010216	0.000223	0.3710	0.0000	18.1388
27.0300	0.005000	0.019892	0.009746	-0.004502	0.1666	9.8600	18.1382
27.0400	0.005000	0.019892	0.010389	0.002383	0.3710	0.0000	18.1375
27.0500	0.005000	0.019892	0.009925	-0.002497	0.1644	9.8600	18.1368
27.0600	0.005000	0.019892	0.010573	0.004234	0.3732	0.0000	18.1361
27.0700	0.005000	0.019892	0.010059	-0.001325	0.1688	9.8600	18.1355
27.0800	0.005000	0.019844	0.010671	0.004920	0.3732	0.0000	18.1348
27.0900	0.005000	0.019892	0.010131	-0.000972	0.1644	9.8600	18.1420
27.1000	0.005000	0.019844	0.010723	0.005043	0.3710	0.0000	18.1414
27.1100	0.005000	0.019892	0.010169	-0.001001	0.1644	9.8600	18.1407
27.1200	0.005000	0.019892	0.010750	0.004914	0.3732	0.0000	18.1400
27.1300	0.005000	0.019892	0.010189	-0.001192	0.1666	9.8600	18.1393
27.1400	0.005000	0.019892	0.010765	0.004687	0.3755	0.0000	18.1387
27.1500	0.005000	0.019892	0.010199	-0.001435	0.1666	9.8600	18.1380
27.1600	0.005000	0.019892	0.010772	0.004440	0.3755	0.0000	18.1373
27.1700	0.005000	0.019892	0.010205	-0.001679	0.1688	9.8600	18.1366
27.1800	0.005000	0.019844	0.010263	-0.000928	0.3755	0.0000	18.1360
27.1900	0.005000	0.019844	0.009291	-0.010553	0.1644	9.8600	18.1416
27.2000	0.005000	0.019892	0.009584	-0.006567	0.3688	0.0000	18.1409
27.2100	0.005000	0.019844	0.008805	-0.013709	0.1644	9.8600	18.1403
27.2200	0.005000	0.019892	0.009226	-0.008123	0.3710	0.0000	18.1396
27.2300	0.005000	0.019892	0.009067	-0.008904	0.1666	9.8600	18.1389
27.2400	0.005000	0.019892	0.009954	0.000862	0.3732	0.0000	18.1382
27.2500	0.005000	0.019844	0.009606	-0.002710	0.1666	9.8600	18.1376
27.2600	0.005000	0.019892	0.010342	0.004924	0.3688	0.0000	18.1369
27.2700	0.005000	0.019892	0.009890	-0.000084	0.1644	9.8600	18.1362
27.2800	0.005000	0.019844	0.010548	0.006500	0.3710	0.0000	18.1355
27.2900	0.005000	0.019892	0.010041	0.000782	0.1688	9.8600	18.1422
27.3000	0.005000	0.019844	0.010657	0.006866	0.3710	0.0000	18.1415
27.3100	0.005000	0.019844	0.010121	0.000815	0.1666	9.8600	18.1408
27.3200	0.005000	0.019892	0.010715	0.006678	0.3732	0.0000	18.1402
27.3300	0.005000	0.019892	0.010163	0.000489	0.1666	9.8600	18.1395
27.3400	0.005000	0.019892	0.010746	0.006269	0.3710	0.0000	18.1388
27.3500	0.005000	0.019892	0.010186	0.000038	0.1666	9.8600	18.1382
27.3600	0.005000	0.019844	0.010763	0.005802	0.3732	0.0000	18.1375
27.3700	0.005000	0.019892	0.010198	-0.000427	0.1666	9.8600	18.1368
27.3800	0.005000	0.019892	0.010771	0.005351	0.3710	0.0000	18.1361
27.3900	0.005000	0.019892	0.010204	-0.000857	0.1666	9.8600	18.1425
27.4000	0.005000	0.019892	0.010776	0.004947	0.3732	0.0000	18.1418
27.4100	0.005000	0.019892	0.010207	-0.001232	0.1688	9.8600	18.1411
27.4200	0.005000	0.019892	0.010265	-0.000530	0.3755	0.0000	18.1405
27.4300	0.005000	0.019892	0.009293	-0.010200	0.1666	9.8600	18.1398
27.4400	0.005000	0.019892	0.009586	-0.006252	0.3688	0.0000	18.1391
27.4500	0.005000	0.019892	0.008806	-0.013427	0.1644	9.8600	18.1384
27.4600	0.005000	0.019892	0.009227	-0.007871	0.3755	0.0000	18.1378
27.4700	0.005000	0.019892	0.009067	-0.008679	0.1688	9.8600	18.1371
27.4800	0.005000	0.019892	0.009955	0.001061	0.3621	0.0000	18.1364
27.4900	0.005000	0.019892	0.009606	-0.002532	0.1644	9.8600	18.1432
27.5000	0.005000	0.019892	0.010342	0.005083	0.3732	0.0000	18.1425
27.5100	0.005000	0.019892	0.009891	0.000059	0.1666	9.8600	18.1419
27.5200	0.005000	0.019892	0.010548	0.006628	0.3732	0.0000	18.1412
27.5300	0.005000	0.019892	0.010041	0.000897	0.1688	9.8600	18.1405
27.5400	0.005000	0.019892	0.010658	0.006969	0.3755	0.0000	18.1399
27.5500	0.005000	0.019892	0.010121	0.000908	0.1644	9.8600	18.1392
27.5600	0.005000	0.019892	0.010716	0.006762	0.3710	0.0000	18.1385
27.5700	0.005000	0.019892	0.010163	0.000564	0.1688	9.8600	18.1378
27.5800	0.005000	0.019844	0.010746	0.006337	0.3710	0.0000	18.1372
27.5900	0.005000	0.019892	0.010186	0.000098	0.1666	9.8600	18.1428
27.6000	0.005000	0.019844	0.010763	0.005856	0.3710	0.0000	18.1421
27.6100	0.005000	0.019892	0.010198	-0.000379	0.1644	9.8600	18.1415
27.6200	0.005000	0.019892	0.010771	0.005395	0.3710	0.0000	18.1408
27.6300	0.005000	0.019892	0.010204	-0.000817	0.1666	9.8600	18.1401
27.6400	0.005000	0.019892	0.010776	0.004983	0.3732	0.0000	18.1394
27.6500	0.005000	0.019892	0.010207	-0.001200	0.1666	9.8600	18.1388
27.6600	0.005000	0.019892	0.010778	0.004629	0.3710	0.0000	18.1381
27.6700	0.005000	0.019892	0.010209	-0.001525	0.1644	9.8600	18.1374
27.6800	0.005000	0.019892	0.010780	0.004332	0.3688	0.0000	18.1367
27.6900	0.005000	0.019892	0.010210	-0.001797	0.1711	9.8600	18.1428
27.7000	0.005000	0.019892	0.010780	0.004085	0.3710	0.0000	18.1422
27.7100	0.005000	0.019892	0.010211	-0.002021	0.1644	9.8600	18.1415
27.7200	0.005000	0.019892	0.010781	0.003882	0.3666	0.0000	18.1408
27.7300	0.005000	0.019892	0.010211	-0.002204	0.1644	9.8600	18.1401
27.7400	0.005000	0.019892	0.010781	0.003716	0.3710	0.0000	18.1395
27.7500	0.005000	0.019892	0.010211	-0.002354	0.1666	9.8600	18.1388
27.7600	0.005000	0.019892	0.010781	0.003581	0.3710	0.0000	18.1381
27.7700	0.005000	0.019892	0.010211	-0.002476	0.1666	9.8600	18.1374
27.7800	0.005000	0.019844	0.010781	0.003471	0.3710	0.0000	18.1368
27.7900	0.005000	0.019892	0.010211	-0.002575	0.1688	9.8600	18.1440
27.8000	0.005000	0.019892	0.010781	0.003382	0.3777	0.0000	18.1433
27.8100	0.005000	0.019892	0.010211	-0.002655	0.1688	9.8600	18.1426
27.8200	0.005000	0.019892	0.010268	-0.001819	0.3755	0.0000	18.1420
27.8300	0.005000	0.019892	0.009295	-0.011365	0.1711	9.8600	18.1413
27.8400	0.005000	0.019892	0.009041	-0.012770	0.3732	0.0000	18.1406
27.8500	0.005000	0.019892	0.007803	-0.023877	0.1666	9.8600	18.1400
27.8600	0.005000	0.019892	0.007928	-0.020238	0.3666	0.0000	18.1393
27.8700	0.005000	0.019892	0.007549	-0.022000	0.1666	9.8600	18.1386
27.8800	0.005000	0.019844	0.008262	-0.012669	0.3732	0.0000	18.1379
27.8900	0.005000	0.019892	0.008347	-0.010561	0.1666	9.8600	18.1431
27.9000	0.005000	0.019892	0.008791	-0.005059	0.3755	0.0000	18.1425
27.9100	0.005000	0.019892	0.008128	-0.011181	0.1688	9.8600	18.1418
27.9200	0.005000	0.019892	0.008018	-0.011162	0.3755	0.0000	18.1411
27.9300	0.005000	0.019844	0.006902	-0.021207	0.1666	9.8600	18.1404
27.9400	0.005000	0.019892	0.007103	-0.017080	0.3688	0.0000	18.1398
27.9500	0.005000	0.019892	0.006879	-0.017609	0.1644	9.8600	18.1391
27.9600	0.005000	0.019892	0.007714	-0.007497	0.3688	0.0000	18.1384
27.9700	0.005000	0.019892	0.007939	-0.004502	0.1666	9.8600	18.1377
27.9800	0.005000	0.019892	0.009152	0.008082	0.3732	0.0000	18.1371
27.9900	0.005000	0.019892	0.009012	0.005870	0.1644	9.8600	18.1424
28.0000	0.005000	0.019892	0.009915	0.014313	0.3666	0.0000	18.1418
28.0100	0.005000	0.019844	0.009577	0.009500	0.1622	9.8600	18.1411
