# t	yd	y_sensor	y_luenberger	v_luenberger	y_clasico	v_clasico	ie	u
0.0000	0.005000	0.003715	0.003715	0.000000	0.005000	0.000000	0.0200	0.0000
0.0100	0.005000	0.003666	0.003636	0.094734	0.005300	0.030000	0.0200	0.0000
0.0200	0.005000	0.003617	0.004552	0.191341	0.005600	0.030000	0.0200	0.0000
0.0300	0.005000	0.003421	0.004656	0.216851	0.005900	0.030000	0.0200	0.0000
0.0400	0.005000	0.003372	0.004771	0.232605	0.006200	0.030000	0.0200	0.0000
0.0500	0.005000	0.003226	0.004625	0.231637	0.006500	0.030000	0.0200	0.0000
0.0600	0.005000	0.003128	0.004546	0.233745	0.006800	0.030000	0.0200	0.0000
0.0700	0.005000	0.003030	0.004458	0.234620	0.007100	0.030000	0.0200	0.0000
0.0800	0.005000	0.002933	0.004363	0.234923	0.007400	0.030000	0.0178	0.0000
0.0900	0.005000	0.002884	0.004345	0.238157	0.007700	0.030000	0.0178	0.0000
0.1000	0.005000	0.002835	0.004310	0.239436	0.008000	0.030000	0.0178	0.0000
0.1100	0.005000	0.002835	0.004344	0.242945	0.008300	0.030000	0.0178	0.0000
0.1200	0.005000	0.002835	0.004359	0.244298	0.008600	0.030000	0.0178	0.0000
0.1300	0.005000	0.002786	0.004285	0.241572	0.008900	0.030000	0.0178	0.0000
0.1400	0.005000	0.002786	0.004302	0.243553	0.009200	0.030000	0.0178	0.0000
0.1500	0.005000	0.002737	0.004234	0.241326	0.009500	0.030000	0.0178	0.0000
0.1600	0.005000	0.002737	0.004252	0.243437	0.009800	0.030000	0.0200	0.0000
0.1700	0.005000	0.002737	0.004262	0.244387	0.010100	0.030000	0.0178	0.0000
0.1800	0.005000	0.002737	0.004266	0.244666	0.010400	0.030000	0.0200	0.0000
0.1900	0.005000	0.002786	0.004345	0.247886	0.010700	0.030000	0.0178	0.0000
0.2000	0.005000	0.002835	0.004408	0.249192	0.011000	0.030000	0.0178	0.0000
0.2100	0.005000	0.002884	0.004461	0.249590	0.011300	0.030000	0.0178	0.0000
0.2200	0.005000	0.002933	0.004511	0.249657	0.011600	0.030000	0.0200	0.0000
0.2300	0.005000	0.002933	0.004482	0.246518	0.011900	0.030000	0.0200	0.0000
0.2400	0.005000	0.002981	0.004546	0.248387	0.012200	0.030000	0.0200	0.0000
0.2500	0.005000	0.003030	0.004605	0.249263	0.012500	0.030000	0.0200	0.0000
0.2600	0.005000	0.003128	0.004735	0.252670	0.012800	0.030000	0.0200	0.0000
0.2700	0.005000	0.003226	0.004847	0.254004	0.013100	0.030000	0.0200	0.0000
0.2800	0.005000	0.003275	0.004871	0.251281	0.013400	0.030000	0.0200	0.0000
0.2900	0.005000	0.003275	0.004830	0.247014	0.013700	0.030000	0.0200	0.0000
0.3000	0.005000	0.003275	0.004812	0.245415	0.014000	0.030000	0.0200	0.0000
0.3100	0.005000	0.003275	0.004806	0.244944	0.014300	0.030000	0.0200	0.0000
0.3200	0.005000	0.003324	0.004883	0.247948	0.014600	0.030000	0.0200	0.0000
0.3300	0.005000	0.003519	0.005180	0.258555	0.014900	0.030000	0.0200	0.0000
0.3400	0.005000	0.003763	0.005499	0.265818	0.015200	0.030000	0.0200	0.0000
0.3500	0.005000	0.004057	0.005849	0.271443	0.015500	0.030000	0.0200	0.0000
0.3600	0.005000	0.004350	0.006165	0.273419	0.015800	0.030000	0.0200	0.0000
0.3700	0.005000	0.004545	0.006308	0.267743	0.016100	0.030000	0.0200	0.0000
0.3800	0.005000	0.004741	0.006478	0.265332	0.016400	0.030000	0.0244	0.0000
0.3900	0.005000	0.004839	0.006508	0.258305	0.016700	0.030000	0.0244	0.0000
0.4000	0.005000	0.004936	0.006576	0.255630	0.017000	0.030000	0.0222	0.0000
0.4100	0.005000	0.005034	0.006665	0.254866	0.017300	0.030000	0.0222	0.0000
0.4200	0.005000	0.005083	0.006682	0.251508	0.017600	0.030000	0.0244	0.0000
0.4300	0.005000	0.005132	0.006717	0.250211	0.017900	0.030000	0.0222	0.0000
0.4400	0.005000	0.005230	0.006840	0.252977	0.018200	0.030000	0.0222	0.0000
0.4500	0.005000	0.005376	0.007028	0.257267	0.018500	0.030000	0.0222	0.0000
0.4600	0.005000	0.005425	0.007036	0.252591	0.018800	0.030000	0.0244	0.0000
0.4700	0.005000	0.005474	0.007063	0.250565	0.019100	0.030000	0.0222	0.0000
0.4800	0.005000	0.005523	0.007105	0.249962	0.019400	0.030000	0.0222	0.0000
0.4900	0.005000	0.005523	0.007074	0.246675	0.019700	0.030000	0.0222	0.0000
0.5000	0.005000	0.005572	0.007138	0.248513	0.020000	0.030000	0.0222	0.0000
0.5100	0.005000	0.005572	0.007118	0.246252	0.020300	0.030000	0.0222	0.0000
0.5200	0.005000	0.005572	0.007107	0.245275	0.020600	0.030000	0.0222	0.0000
0.5300	0.005000	0.005474	0.006947	0.238718	0.020900	0.030000	0.0222	0.0000
0.5400	0.005000	0.005376	0.006821	0.236130	0.021200	0.030000	0.0222	0.0000
0.5500	0.005000	0.005279	0.006714	0.235317	0.021500	0.030000	0.0244	0.0000
0.5600	0.005000	0.005083	0.006457	0.228848	0.021800	0.030000	0.0222	0.0000
0.5700	0.005000	0.004888	0.006234	0.226304	0.022000	0.030000	0.0222	0.0000
0.5800	0.005000	0.004643	0.005952	0.222406	0.022000	0.030000	0.0222	0.0000
0.5900	0.005000	0.004350	0.005613	0.217843	0.022000	0.030000	0.0200	0.0000
0.6000	0.005000	0.004106	0.005380	0.219308	0.022000	0.030000	0.0200	0.0000
0.6100	0.005000	0.003959	0.005300	0.226320	0.022000	0.030000	0.0200	0.0000
0.6200	0.005000	0.003959	0.005418	0.238443	0.022000	0.030000	0.0200	0.0000
0.6300	0.005000	0.003959	0.005468	0.242975	0.022000	0.030000	0.0222	0.0000
0.6400	0.005000	0.003959	0.005483	0.244322	0.022000	0.030000	0.0200	0.0000
0.6500	0.005000	0.003910	0.005409	0.241577	0.022000	0.030000	0.0200	0.0000
0.6600	0.005000	0.003861	0.005348	0.240423	0.022000	0.030000	0.0200	0.0000
0.6700	0.005000	0.003715	0.005139	0.233811	0.022000	0.030000	0.0200	0.0000
0.6800	0.005000	0.003568	0.004964	0.231205	0.022000	0.030000	0.0200	0.0000
0.6900	0.005000	0.003372	0.004730	0.227289	0.022000	0.030000	0.0200	0.0000
0.7000	0.005000	0.003177	0.004518	0.225814	0.022000	0.030000	0.0200	0.0000
0.7100	0.005000	0.002981	0.004318	0.225320	0.022000	0.030000	0.0222	0.0000
0.7200	0.005000	0.002835	0.004198	0.228358	0.022000	0.030000	0.0178	0.0000
0.7300	0.005000	0.002639	0.003987	0.226466	0.022000	0.030000	0.0200	0.0000
0.7400	0.005000	0.002542	0.003939	0.231851	0.022000	0.030000	0.0178	0.0000
0.7500	0.005000	0.002493	0.003944	0.237229	0.022000	0.030000	0.0178	0.0000
0.7600	0.005000	0.002395	0.003838	0.236036	0.022000	0.030000	0.0178	0.0000
0.7700	0.005000	0.002297	0.003733	0.235339	0.022000	0.030000	0.0178	0.0000
0.7800	0.005000	0.002199	0.003633	0.235102	0.022000	0.030000	0.0178	0.0000
0.7900	0.005000	0.002151	0.003612	0.238105	0.022000	0.030000	0.0200	0.0000
0.8000	0.005000	0.002053	0.003498	0.236204	0.022000	0.030000	0.0178	0.0000
0.8100	0.005000	0.001955	0.003391	0.235349	0.022000	0.030000	0.0178	0.0000
0.8200	0.005000	0.001857	0.003290	0.235075	0.022000	0.030000	0.0178	0.0000
0.8300	0.005000	0.001808	0.003270	0.238120	0.022000	0.030000	0.0178	0.0000
0.8400	0.005000	0.001711	0.003156	0.236217	0.022000	0.030000	0.0178	0.0000
0.8500	0.005000	0.001662	0.003127	0.238455	0.022000	0.030000	0.0178	0.0000
0.8600	0.005000	0.001613	0.003089	0.239422	0.022000	0.030000	0.0178	0.0000
0.8700	0.005000	0.001564	0.003043	0.239716	0.022000	0.030000	0.0178	0.0000
0.8800	0.005000	0.001515	0.002995	0.239792	0.022000	0.030000	0.0178	0.0000
0.8900	0.005000	0.001466	0.002947	0.239858	0.022000	0.030000	0.0156	0.0000
0.9000	0.005000	0.001417	0.002898	0.239909	0.022000	0.030000	0.0156	0.0000
0.9100	0.005000	0.001369	0.002850	0.239924	0.022000	0.030000	0.0156	0.0000
0.9200	0.005000	0.001271	0.002723	0.236742	0.022000	0.030000	0.0178	0.0000
0.9300	0.005000	0.001222	0.002689	0.238556	0.022000	0.030000	0.0178	0.0000
0.9400	0.005000	0.001173	0.002649	0.239459	0.022000	0.030000	0.0156	0.0000
0.9500	0.005000	0.001124	0.002604	0.239778	0.022000	0.030000	0.0156	0.0000
0.9600	0.005000	0.001075	0.002556	0.239866	0.022000	0.030000	0.0156	0.0000
0.9700	0.005000	0.001075	0.002586	0.243013	0.022000	0.030000	0.0156	0.0000
0.9800	0.005000	0.001075	0.002599	0.244268	0.022000	0.030000	0.0156	0.0000
0.9900	0.005000	0.001075	0.002604	0.244646	0.022000	0.030000	0.0156	0.0000
1.0000	0.005000	0.001026	0.002527	0.241619	0.022000	0.030000	0.0156	0.0000
1.0100	0.005000	0.001026	0.002542	0.243518	0.022000	0.030000	0.0156	0.0000
1.0200	0.005000	0.001026	0.002552	0.244397	0.022000	0.030000	0.0156	0.0000
1.0300	0.005000	0.001026	0.002555	0.244674	0.022000	0.030000	0.0156	0.0000
1.0400	0.005000	0.001026	0.002556	0.244750	0.022000	0.030000	0.0156	0.0000
1.0500	0.005000	0.001075	0.002634	0.247897	0.022000	0.030000	0.0156	0.0000
1.0600	0.005000	0.001124	0.002697	0.249157	0.022000	0.030000	0.0156	0.0000
1.0700	0.005000	0.001173	0.002750	0.249540	0.022000	0.030000	0.0156	0.0000
1.0800	0.005000	0.001271	0.002879	0.252720	0.022000	0.030000	0.0178	0.0000
1.0900	0.005000	0.001320	0.002912	0.250878	0.022000	0.030000	0.0156	0.0000
1.1000	0.005000	0.001466	0.003108	0.256308	0.022000	0.030000	0.0156	0.0000
1.1100	0.005000	0.001515	0.003123	0.252256	0.022000	0.030000	0.0178	0.0000
1.1200	0.005000	0.001662	0.003308	0.256649	0.022000	0.030000	0.0178	0.0000
1.1300	0.005000	0.001760	0.003397	0.255395	0.022000	0.030000	0.0200	0.0000
1.1400	0.005000	0.001808	0.003409	0.251622	0.022000	0.030000	0.0178	0.0000
1.1500	0.005000	0.001906	0.003521	0.253327	0.022000	0.030000	0.0178	0.0000
1.1600	0.005000	0.001955	0.003549	0.251037	0.022000	0.030000	0.0178	0.0000
1.1700	0.005000	0.002004	0.003587	0.250057	0.022000	0.030000	0.0178	0.0000
1.1800	0.005000	0.002053	0.003633	0.249759	0.022000	0.030000	0.0178	0.0000
1.1900	0.005000	0.002102	0.003681	0.249682	0.022000	0.030000	0.0178	0.0000
1.2000	0.005000	0.002151	0.003729	0.249667	0.022000	0.030000	0.0178	0.0000
1.2100	0.005000	0.002199	0.003778	0.249667	0.022000	0.030000	0.0178	0.0000
1.2200	0.005000	0.002248	0.003827	0.249622	0.022000	0.030000	0.0200	0.0000
1.2300	0.005000	0.002248	0.003797	0.246498	0.022000	0.030000	0.0178	0.0000
1.2400	0.005000	0.002297	0.003862	0.248408	0.022000	0.030000	0.0178	0.0000
1.2500	0.005000	0.002297	0.003842	0.246171	0.022000	0.030000	0.0178	0.0000
1.2600	0.005000	0.002297	0.003832	0.245201	0.022000	0.030000	0.0178	0.0000
1.2700	0.005000	0.002248	0.003750	0.241773	0.022000	0.030000	0.0178	0.0000
1.2800	0.005000	0.002199	0.003687	0.240388	0.022000	0.030000	0.0200	0.0000
1.2900	0.005000	0.002102	0.003555	0.236858	0.022000	0.030000	0.0178	0.0000
1.3000	0.005000	0.002053	0.003520	0.238651	0.022000	0.030000	0.0178	0.0000
1.3100	0.005000	0.001955	0.003402	0.236377	0.022000	0.030000	0.0178	0.0000
1.3200	0.005000	0.001906	0.003372	0.238517	0.022000	0.030000	0.0178	0.0000
1.3300	0.005000	0.001906	0.003412	0.242588	0.022000	0.030000	0.0178	0.0000
1.3400	0.005000	0.001906	0.003429	0.244131	0.022000	0.030000	0.0178	0.0000
1.3500	0.005000	0.002004	0.003590	0.250844	0.022000	0.030000	0.0178	0.0000
1.3600	0.005000	0.002102	0.003717	0.253475	0.022000	0.030000	0.0178	0.0000
1.3700	0.005000	0.002248	0.003902	0.257397	0.022000	0.030000	0.0178	0.0000
1.3800	0.005000	0.002346	0.003987	0.255743	0.022000	0.030000	0.0178	0.0000
1.3900	0.005000	0.002493	0.004154	0.258061	0.022000	0.030000	0.0178	0.0000
1.4000	0.005000	0.002737	0.004468	0.265273	0.022000	0.030000	0.0200	0.0000
1.4100	0.005000	0.003030	0.004821	0.271184	0.022000	0.030000	0.0200	0.0000
1.4200	0.005000	0.003568	0.005528	0.288922	0.022000	0.030000	0.0200	0.0000
1.4300	0.005000	0.004448	0.006689	0.317628	0.022000	0.030000	0.0244	0.0000
1.4400	0.005000	0.005572	0.008078	0.344088	0.022000	0.030000	0.0222	0.0000
1.4500	0.005000	0.006843	0.009542	0.362930	0.022000	0.030000	0.0267	0.0000
1.4600	0.005000	0.008113	0.010885	0.369429	0.022000	0.030000	0.0267	9.8600
1.4700	0.005000	0.009286	0.012021	0.353690	0.016750	1.175000	0.2510	9.8600
1.4800	0.005000	0.010215	0.012668	0.289773	0.013518	-0.323176	0.5399	9.0786
1.4900	0.005000	0.010655	0.012345	0.196339	0.011533	-0.198546	0.6509	2.5791
1.5000	0.005000	0.010850	0.011917	0.180138	0.009849	-0.168427	0.3488	9.8249
1.5100	0.005000	0.011144	0.012481	0.189162	0.008629	-0.121944	0.4954	9.4334
1.5200	0.005000	0.011828	0.013328	0.182756	0.008111	-0.051773	0.6443	9.4656
1.5300	0.005000	0.012561	0.013929	0.162246	0.007911	-0.020061	0.7109	9.8600
1.5400	0.005000	0.013343	0.014614	0.148787	0.007877	-0.003346	0.7576	9.8600
1.5500	0.005000	0.014174	0.015398	0.145137	0.008327	0.045020	0.7820	9.8600
1.5600	0.005000	0.014858	0.015986	0.139073	0.008989	0.066183	0.7909	9.8002
1.5700	0.005000	0.015543	0.016667	0.141105	0.009659	0.066943	0.8020	9.8600
1.5800	0.005000	0.015982	0.016983	0.131490	0.010263	0.060444	0.8042	9.6402
1.5900	0.005000	0.016569	0.017636	0.142055	0.010760	0.049721	0.7976	9.8600
1.6000	0.005000	0.017204	0.018366	0.154934	0.011150	0.038997	0.7976	9.7202
1.6100	0.005000	0.017889	0.019151	0.168070	0.011453	0.030222	0.7998	9.8600
1.6200	0.005000	0.018622	0.019985	0.180752	0.011682	0.022911	0.8042	9.6402
1.6300	0.005000	0.019257	0.020628	0.184656	0.011849	0.016695	0.7998	9.8600
1.6400	0.005000	0.019697	0.020985	0.177621	0.011979	0.013009	0.8020	9.6669
1.6500	0.005000	0.019941	0.021091	0.164626	0.012081	0.010244	0.8020	9.8600
1.6600	0.005000	0.020039	0.021054	0.151180	0.012163	0.008171	0.8042	9.6402
1.6700	0.005000	0.020039	0.020942	0.140252	0.012222	0.005884	0.8020	9.8600
1.6800	0.005000	0.020039	0.020900	0.135865	0.012271	0.004901	0.8042	9.6402
1.6900	0.005000	0.019990	0.020803	0.131147	0.012307	0.003676	0.8020	9.8600
1.7000	0.005000	0.019990	0.020814	0.132292	0.012335	0.002757	0.8020	9.6669
1.7100	0.005000	0.019941	0.020741	0.129649	0.012353	0.001824	0.8020	9.8600
1.7200	0.005000	0.019990	0.020836	0.134571	0.012367	0.001368	0.8020	9.6669
1.7300	0.005000	0.019990	0.020828	0.133696	0.012375	0.000782	0.8020	9.8600
1.7400	0.005000	0.019990	0.020824	0.133320	0.012381	0.000587	0.8020	9.6669
1.7500	0.005000	0.019990	0.020823	0.133174	0.012385	0.000440	0.8020	9.8600
1.7600	0.005000	0.019941	0.020744	0.129990	0.012388	0.000330	0.8020	9.6669
1.7700	0.005000	0.019941	0.020760	0.131574	0.012391	0.000247	0.8020	9.8600
1.7800	0.005000	0.019941	0.020766	0.132225	0.012393	0.000186	0.8020	9.6669
1.7900	0.005000	0.019941	0.020769	0.132478	0.012394	0.000139	0.8020	9.8600
1.8000	0.005000	0.019892	0.020692	0.129447	0.012395	0.000104	0.8020	9.6669
1.8100	0.005000	0.019844	0.020629	0.127961	0.012396	0.000078	0.8020	9.8600
1.8200	0.005000	0.019795	0.020574	0.127108	0.012396	0.000059	0.8020	9.6669
1.8300	0.005000	0.019697	0.020442	0.123369	0.012397	0.000044	0.8020	9.8600
1.8400	0.005000	0.019501	0.020171	0.115319	0.012395	-0.000211	0.7998	9.6936
1.8500	0.005000	0.019257	0.019862	0.108004	0.012391	-0.000402	0.7998	9.8600
1.8600	0.005000	0.018768	0.019192	0.088003	0.012385	-0.000545	0.7998	9.6936
1.8700	0.005000	0.017840	0.017908	0.049048	0.012376	-0.000896	0.7976	9.8600
1.8800	0.005000	0.016373	0.015943	-0.007035	0.012362	-0.001403	0.7953	9.7469
1.8900	0.005000	0.014272	0.013199	-0.083106	0.012349	-0.001296	0.7976	6.4034
1.9000	0.005000	0.011730	0.010018	-0.126986	0.012106	-0.024372	0.5865	0.0000
1.9100	0.005000	0.009042	0.007187	-0.099688	0.011355	-0.075026	0.2022	0.0000
1.9200	0.005000	0.006891	0.005718	-0.022126	0.010228	-0.112773	0.0733	0.0000
1.9300	0.005000	0.005230	0.004716	0.044185	0.010228	0.000000	0.0378	0.0000
1.9400	0.005000	0.003910	0.003869	0.090436	0.010528	0.030000	0.0244	0.0000
1.9500	0.005000	0.003030	0.003432	0.134660	0.010828	0.030000	0.0200	0.0000
1.9600	0.005000	0.002346	0.003041	0.163076	0.011128	0.030000	0.0178	0.0000
1.9700	0.005000	0.002004	0.003012	0.194568	0.011428	0.030000	0.0178	0.0000
1.9800	0.005000	0.001808	0.003032	0.215399	0.011728	0.030000	0.0178	0.0000
1.9900	0.005000	0.001760	0.003150	0.231856	0.012028	0.030000	0.0178	0.0000
2.0000	0.005000	0.001760	0.003244	0.240740	0.012328	0.030000	0.0178	0.0000
2.0100	0.005000	0.001808	0.003355	0.246821	0.012628	0.030000	0.0156	0.0000
2.0200	0.005000	0.002004	0.003662	0.258271	0.012928	0.030000	0.0178	0.0000
2.0300	0.005000	0.002297	0.004061	0.268852	0.013228	0.030000	0.0178	0.0000
2.0400	0.005000	0.002737	0.004631	0.282034	0.013528	0.030000	0.0178	0.0000
2.0500	0.005000	0.003324	0.005359	0.296257	0.013828	0.030000	0.0200	0.0000
2.0600	0.005000	0.004057	0.006238	0.310776	0.014128	0.030000	0.0222	0.0000
2.0700	0.005000	0.004888	0.007185	0.322293	0.014428	0.030000	0.0222	1.5522
2.0800	0.005000	0.005718	0.008061	0.326174	0.014428	0.420000	0.0333	9.8600
2.0900	0.005000	0.006696	0.009139	0.316181	0.011969	-0.245840	0.2777	9.8600
2.1000	0.005000	0.007478	0.009643	0.237703	0.009857	-0.211191	0.5532	8.4040
2.1100	0.005000	0.007625	0.008790	0.124233	0.008310	-0.154737	0.6198	0.0000
2.1200	0.005000	0.006989	0.007151	0.095856	0.007149	-0.116053	0.2155	2.5072
2.1300	0.005000	0.006305	0.006756	0.134130	0.006279	-0.087040	0.1355	2.6598
2.1400	0.005000	0.006452	0.007610	0.208340	0.005626	-0.065280	0.1155	9.4746
2.1500	0.005000	0.007771	0.009951	0.281726	0.004912	-0.071384	0.3488	9.8600
2.1600	0.005000	0.009971	0.012800	0.310290	0.004340	-0.057194	0.5865	9.8600
2.1700	0.005000	0.010606	0.012393	0.194781	0.004379	0.003858	0.7087	9.8600
2.1800	0.005000	0.010117	0.010700	0.058114	0.004936	0.055741	0.7642	6.9062
2.1900	0.005000	0.009189	0.008863	-0.009226	0.005710	0.077348	0.6065	0.7954
2.2000	0.005000	0.008162	0.007649	0.028967	0.006217	0.050743	0.2510	4.7419
2.2100	0.005000	0.007527	0.007743	0.106477	0.006264	0.004709	0.2111	7.3389
2.2200	0.005000	0.007087	0.007758	0.131282	0.005888	-0.037661	0.3332	3.7955
2.2300	0.005000	0.006061	0.006355	0.100745	0.005077	-0.081093	0.2666	0.0000
2.2400	0.005000	0.004790	0.004858	0.095302	0.004113	-0.096361	0.0978	0.0000
2.2500	0.005000	0.003666	0.003903	0.116331	0.004113	0.000000	0.0400	0.0000
2.2600	0.005000	0.002835	0.003357	0.145650	0.004413	0.030000	0.0267	0.0000
2.2700	0.005000	0.002346	0.003196	0.178839	0.004713	0.030000	0.0178	0.0000
2.2800	0.005000	0.002102	0.003234	0.206696	0.005013	0.030000	0.0178	0.0000
2.2900	0.005000	0.001857	0.003099	0.216508	0.005313	0.030000	0.0178	0.0000
2.3000	0.005000	0.001760	0.003121	0.228697	0.005613	0.030000	0.0178	0.0000
2.3100	0.005000	0.001711	0.003151	0.236305	0.005913	0.030000	0.0178	0.0000
2.3200	0.005000	0.001711	0.003209	0.241991	0.006213	0.030000	0.0178	0.0000
2.3300	0.005000	0.001760	0.003310	0.247093	0.006513	0.030000	0.0178	0.0000
2.3400	0.005000	0.001906	0.003535	0.255169	0.006813	0.030000	0.0178	0.0000
2.3500	0.005000	0.002199	0.003950	0.267593	0.007113	0.030000	0.0178	0.0000
2.3600	0.005000	0.002639	0.004529	0.281600	0.007413	0.030000	0.0200	0.0000
2.3700	0.005000	0.003128	0.005104	0.289842	0.007713	0.030000	0.0200	0.0000
2.3800	0.005000	0.003666	0.005701	0.295744	0.008013	0.030000	0.0200	0.0000
2.3900	0.005000	0.004350	0.006497	0.307154	0.008313	0.030000	0.0222	0.0000
2.4000	0.005000	0.005181	0.007463	0.320881	0.008613	0.030000	0.0222	5.0517
2.4100	0.005000	0.006012	0.008350	0.323024	0.006766	0.265229	0.1022	9.8600
2.4200	0.005000	0.006843	0.009169	0.288828	0.005479	-0.128630	0.3732	9.8600
2.4300	0.005000	0.007283	0.009039	0.183291	0.004809	-0.066979	0.6021	7.0067
2.4400	0.005000	0.007136	0.007827	0.086565	0.004611	-0.019811	0.5599	0.0000
2.4500	0.005000	0.006598	0.006727	0.095637	0.004463	-0.014858	0.1933	1.6394
2.4600	0.005000	0.006354	0.007087	0.165938	0.004351	-0.011144	0.1089	6.0018
2.4700	0.005000	0.007136	0.008825	0.255776	0.004168	-0.018307	0.1911	9.8600
2.4800	0.005000	0.008407	0.010713	0.278268	0.003865	-0.030304	0.4510	9.8600
2.4900	0.005000	0.008553	0.010040	0.162288	0.003723	-0.014197	0.6376	3.4007
2.5000	0.005000	0.007771	0.008033	0.084809	0.003731	0.000763	0.3866	0.6062
2.5100	0.005000	0.006891	0.007055	0.103142	0.003737	0.000572	0.1577	2.7321
2.5200	0.005000	0.006843	0.007747	0.183309	0.003741	0.000429	0.1177	9.8600
2.5300	0.005000	0.007771	0.009619	0.247814	0.003637	-0.010403	0.3532	9.8600
2.5400	0.005000	0.008456	0.010236	0.196336	0.003508	-0.012921	0.5910	9.1490
2.5500	0.005000	0.008358	0.009194	0.082638	0.003733	0.022484	0.6798	0.0000
2.5600	0.005000	0.008016	0.008135	0.092170	0.003901	0.016863	0.2399	8.1940
2.5700	0.005000	0.008113	0.009022	0.157811	0.004093	0.019183	0.3421	9.8600
2.5800	0.005000	0.009189	0.010867	0.193369	0.004464	0.037056	0.5599	9.8600
2.5900	0.005000	0.010459	0.012149	0.176366	0.004858	0.039491	0.6976	9.8600
2.6000	0.005000	0.011193	0.012382	0.122671	0.005242	0.038393	0.7598	9.8600
2.6100	0.005000	0.011681	0.012487	0.084047	0.006071	0.082861	0.7753	9.8600
2.6200	0.005000	0.012121	0.012742	0.063740	0.007187	0.111626	0.7931	9.7735
2.6300	0.005000	0.012561	0.013090	0.057448	0.008283	0.109556	0.7953	9.8600
2.6400	0.005000	0.013196	0.013835	0.072048	0.009217	0.093379	0.7998	9.6936
2.6500	0.005000	0.014027	0.014863	0.099544	0.009958	0.074178	0.7976	9.8600
2.6600	0.005000	0.014956	0.016007	0.128934	0.010539	0.058071	0.7976	9.7202
2.6700	0.005000	0.015738	0.016866	0.143010	0.010980	0.044041	0.7976	9.8600
2.6800	0.005000	0.016471	0.017664	0.153447	0.011317	0.033762	0.8020	9.6669
2.6900	0.005000	0.017204	0.018463	0.164308	0.011570	0.025321	0.7998	9.8600
2.7000	0.005000	0.017937	0.019265	0.174831	0.011763	0.019235	0.7998	9.6936
2.7100	0.005000	0.018671	0.020062	0.184388	0.011909	0.014670	0.7998	9.8600
2.7200	0.005000	0.018964	0.020149	0.164597	0.012024	0.011490	0.8020	9.6669
2.7300	0.005000	0.019110	0.020133	0.149223	0.012108	0.008374	0.7998	9.8600
2.7400	0.005000	0.019159	0.020067	0.137905	0.012171	0.006280	0.7998	9.6936
2.7500	0.005000	0.019208	0.020072	0.133447	0.012220	0.004954	0.8020	9.8600
2.7600	0.005000	0.019159	0.019946	0.125835	0.012258	0.003715	0.7998	9.6936
2.7700	0.005000	0.019110	0.019867	0.122398	0.012285	0.002787	0.8020	9.8600
2.7800	0.005000	0.019110	0.019880	0.123441	0.012311	0.002577	0.8042	9.6402
2.7900	0.005000	0.019062	0.019805	0.121110	0.012330	0.001933	0.7998	9.8600
2.8000	0.005000	0.019062	0.019827	0.123324	0.012343	0.001206	0.7998	9.6936
2.8100	0.005000	0.019013	0.019758	0.120817	0.012354	0.001148	0.8020	9.8600
2.8200	0.005000	0.018964	0.019696	0.119616	0.012360	0.000617	0.7998	9.6936
2.8300	0.005000	0.018915	0.019643	0.118996	0.012360	-0.000024	0.7998	9.8600
2.8400	0.005000	0.018817	0.019512	0.115314	0.012360	-0.000018	0.7998	9.6936
2.8500	0.005000	0.018719	0.019397	0.113221	0.012360	-0.000014	0.7998	9.8600
2.8600	0.005000	0.018524	0.019132	0.105501	0.012357	-0.000254	0.7998	9.6936
2.8700	0.005000	0.018377	0.018979	0.104254	0.012355	-0.000191	0.7998	9.8600
2.8800	0.005000	0.018133	0.018668	0.096505	0.012354	-0.000143	0.7998	9.6936
2.8900	0.005000	0.017644	0.017995	0.076362	0.012350	-0.000351	0.7976	9.8600
2.9000	0.005000	0.016764	0.016790	0.039849	0.012345	-0.000507	0.7976	9.7202
2.9100	0.005000	0.015836	0.015662	0.014768	0.012339	-0.000624	0.7976	9.8600
2.9200	0.005000	0.014907	0.014602	-0.004862	0.012334	-0.000468	0.7998	9.6936
2.9300	0.005000	0.014027	0.013634	-0.019305	0.012323	-0.001082	0.7931	9.8600
2.9400	0.005000	0.013196	0.012741	-0.032501	0.012308	-0.001543	0.7909	9.8002
2.9500	0.005000	0.012561	0.012128	-0.038734	0.012294	-0.001401	0.7953	9.8600
2.9600	0.005000	0.012072	0.011651	-0.044273	0.012283	-0.001051	0.7976	9.7202
2.9700	0.005000	0.011584	0.011100	-0.055734	0.012271	-0.001275	0.7953	9.8600
2.9800	0.005000	0.011095	0.010534	-0.069800	0.012261	-0.000957	0.7931	9.7735
2.9900	0.005000	0.010606	0.009951	-0.087122	0.012256	-0.000474	0.7931	9.8600
3.0000	0.005000	0.010166	0.009424	-0.105415	0.012253	-0.000355	0.7953	9.5562
3.0100	0.005000	0.009775	0.008932	-0.119140	0.012231	-0.002216	0.7798	9.4484
3.0200	0.005000	0.009286	0.008308	-0.137283	0.012182	-0.004831	0.7665	7.4878
3.0300	0.005000	0.008700	0.007562	-0.119332	0.011976	-0.020685	0.6376	8.5144
3.0400	0.005000	0.007967	0.007016	-0.107561	0.011633	-0.034282	0.6221	5.5648
3.0500	0.005000	0.007234	0.006289	-0.063126	0.011010	-0.062273	0.4621	7.2404
3.0600	0.005000	0.006500	0.005996	-0.025689	0.010187	-0.082291	0.4554	5.0952
3.0700	0.005000	0.005865	0.005529	0.014598	0.009126	-0.106080	0.3621	5.6251
3.0800	0.005000	0.005279	0.005274	0.052885	0.007989	-0.113684	0.3266	4.9600
3.0900	0.005000	0.004643	0.004794	0.075247	0.006769	-0.122068	0.2866	3.1780
3.1000	0.005000	0.004301	0.004758	0.121204	0.005656	-0.111249	0.2088	5.4304
3.1100	0.005000	0.004252	0.005161	0.159507	0.004632	-0.102404	0.2399	6.9568
3.1200	0.005000	0.004692	0.006006	0.176775	0.003840	-0.079241	0.3399	9.1130
3.1300	0.005000	0.005621	0.007157	0.150296	0.003453	-0.038712	0.5154	9.8600
3.1400	0.005000	0.005816	0.006515	0.028805	0.003569	0.011671	0.6576	7.2525
3.1500	0.005000	0.004888	0.004199	-0.093831	0.003986	0.041614	0.5821	0.0000
3.1600	0.005000	0.003617	0.002329	-0.054395	0.004298	0.031210	0.1999	0.0000
3.1700	0.005000	0.002688	0.002360	0.062997	0.004469	0.017115	0.0666	0.0000
3.1800	0.005000	0.002395	0.003046	0.162428	0.004469	0.000000	0.0333	0.0000
3.1900	0.005000	0.002639	0.004020	0.234086	0.004769	0.030000	0.0244	0.0000
3.2000	0.005000	0.003715	0.005872	0.312391	0.005069	0.030000	0.0222	9.8600
3.2100	0.005000	0.004399	0.006639	0.293173	0.004792	0.032288	0.2444	9.8600
3.2200	0.005000	0.004790	0.006612	0.177938	0.004445	-0.034677	0.5310	7.8271
3.2300	0.005000	0.004741	0.005398	0.046775	0.004170	-0.027470	0.5687	0.0000
3.2400	0.005000	0.004301	0.004111	0.057888	0.003964	-0.020603	0.1999	3.4598
3.2500	0.005000	0.004008	0.004525	0.138373	0.003810	-0.015452	0.1422	6.4183
3.2600	0.005000	0.004399	0.005707	0.198037	0.003694	-0.011589	0.2466	9.8600
3.2700	0.005000	0.004888	0.006376	0.150566	0.003556	-0.013810	0.4843	6.4847
3.2800	0.005000	0.004839	0.005422	0.069845	0.003352	-0.020351	0.4777	1.4118
3.2900	0.005000	0.004448	0.004562	0.084524	0.003200	-0.015263	0.2244	4.1143
3.3000	0.005000	0.004301	0.004990	0.149495	0.003085	-0.011448	0.1822	7.5478
3.3100	0.005000	0.004643	0.005930	0.178847	0.003040	-0.004487	0.3199	8.9386
3.3200	0.005000	0.004888	0.006051	0.113254	0.003028	-0.001171	0.5043	3.3577
3.3300	0.005000	0.004692	0.005010	0.086749	0.002844	-0.018428	0.3177	4.1119
3.3400	0.005000	0.004350	0.004822	0.116548	0.002706	-0.013821	0.2399	4.5465
3.3500	0.005000	0.004350	0.005232	0.160307	0.002602	-0.010366	0.2266	7.4280
3.3600	0.005000	0.004594	0.005815	0.166109	0.002551	-0.005093	0.3444	7.1497
3.3700	0.005000	0.004741	0.005758	0.126858	0.002421	-0.013082	0.4199	4.3757
3.3800	0.005000	0.004692	0.005321	0.116487	0.002325	-0.009568	0.3199	5.2652
3.3900	0.005000	0.004594	0.005323	0.133023	0.002258	-0.006733	0.2866	6.0400
3.4000	0.005000	0.004741	0.005722	0.150816	0.002246	-0.001195	0.3177	7.4663
3.4100	0.005000	0.004985	0.006052	0.134889	0.002310	0.006416	0.4110	6.3745
3.4200	0.005000	0.005181	0.006007	0.113555	0.002351	0.004081	0.4132	6.3570
3.4300	0.005000	0.005327	0.006055	0.108010	0.002469	0.011835	0.3999	7.0931
3.4400	0.005000	0.005474	0.006206	0.101083	0.002711	0.024232	0.4266	7.0854
3.4500	0.005000	0.005718	0.006437	0.094884	0.003037	0.032555	0.4488	7.9430
3.4600	0.005000	0.005963	0.006627	0.074709	0.003381	0.034410	0.5021	7.4009
3.4700	0.005000	0.006158	0.006624	0.055406	0.003744	0.036288	0.5088	7.4573
3.4800	0.005000	0.006207	0.006511	0.039381	0.004135	0.039160	0.5088	6.7468
3.4900	0.005000	0.006109	0.006262	0.035380	0.004478	0.034245	0.4710	6.5097
3.5000	0.005000	0.006109	0.006372	0.057605	0.004713	0.023490	0.4288	8.6059
3.5100	0.005000	0.006158	0.006606	0.043440	0.004918	0.020542	0.5287	6.3516
3.5200	0.005000	0.006305	0.006558	0.048490	0.005026	0.010776	0.4665	9.0152
3.5300	0.005000	0.006549	0.007029	0.038079	0.005165	0.013931	0.5621	8.2350
3.5400	0.005000	0.006843	0.007112	0.013130	0.005404	0.023854	0.5932	8.3946
3.5500	0.005000	0.007087	0.007203	-0.005818	0.005780	0.037634	0.6087	8.5857
3.5600	0.005000	0.007283	0.007272	-0.022312	0.006167	0.038706	0.6243	8.6536
3.5700	0.005000	0.007380	0.007222	-0.039861	0.006643	0.047554	0.6354	8.1259
3.5800	0.005000	0.007527	0.007311	-0.038182	0.007058	0.041516	0.6154	9.5925
3.5900	0.005000	0.007722	0.007587	-0.054129	0.007467	0.040886	0.6820	8.9270
3.6000	0.005000	0.008016	0.007731	-0.067403	0.007866	0.039927	0.6931	9.8600
3.6100	0.005000	0.008358	0.008060	-0.079197	0.008280	0.041401	0.7287	9.8600
3.6200	0.005000	0.008651	0.008214	-0.101069	0.008734	0.045432	0.7665	9.6226
3.6300	0.005000	0.008944	0.008372	-0.113131	0.009248	0.051379	0.7731	9.8600
3.6400	0.005000	0.009140	0.008469	-0.121811	0.009741	0.049259	0.7798	9.8600
3.6500	0.005000	0.009286	0.008559	-0.127767	0.010213	0.047182	0.7865	9.8600
3.6600	0.005000	0.009433	0.008680	-0.130660	0.010637	0.042455	0.7931	9.7735
3.6700	0.005000	0.009531	0.008735	-0.132333	0.010985	0.034766	0.7931	9.8600
3.6800	0.005000	0.009580	0.008763	-0.132312	0.011265	0.028024	0.7909	9.8002
3.6900	0.005000	0.009580	0.008746	-0.134355	0.011490	0.022481	0.7931	9.8600
3.7000	0.005000	0.009531	0.008658	-0.137103	0.011661	0.017104	0.7887	9.8269
3.7100	0.005000	0.009433	0.008527	-0.144110	0.011789	0.012828	0.7931	9.8600
3.7200	0.005000	0.009238	0.008223	-0.159104	0.011888	0.009865	0.7953	9.3622
3.7300	0.005000	0.008993	0.007864	-0.166599	0.011937	0.004961	0.7687	9.2195
3.7400	0.005000	0.008651	0.007457	-0.171441	0.011921	-0.001641	0.7442	8.1644
3.7500	0.005000	0.008309	0.007106	-0.149791	0.011775	-0.014637	0.6665	9.2789
3.7600	0.005000	0.007918	0.006907	-0.147653	0.011550	-0.022434	0.6887	7.0292
3.7700	0.005000	0.007674	0.006657	-0.107201	0.011141	-0.040956	0.5754	9.8600
3.7800	0.005000	0.007478	0.006899	-0.101831	0.010712	-0.042904	0.6576	8.3067
3.7900	0.005000	0.007429	0.006729	-0.104652	0.010283	-0.042903	0.6465	8.6698
3.8000	0.005000	0.007331	0.006646	-0.105779	0.009937	-0.034614	0.6443	8.1034
3.8100	0.005000	0.007283	0.006606	-0.095346	0.009599	-0.033761	0.6176	8.9720
3.8200	0.005000	0.007234	0.006656	-0.097760	0.009421	-0.017764	0.6443	8.1995
3.8300	0.005000	0.007234	0.006602	-0.093669	0.009251	-0.016979	0.6243	8.9868
3.8400	0.005000	0.007283	0.006754	-0.096698	0.009131	-0.012003	0.6532	8.7810
3.8500	0.005000	0.007283	0.006633	-0.109647	0.009061	-0.007053	0.6620	8.1281
3.8600	0.005000	0.007283	0.006576	-0.101432	0.009015	-0.004558	0.6243	9.2904
3.8700	0.005000	0.007185	0.006536	-0.116679	0.009008	-0.000737	0.6687	7.1390
3.8800	0.005000	0.007087	0.006251	-0.095097	0.008944	-0.006403	0.5710	9.5399
3.8900	0.005000	0.006891	0.006325	-0.104495	0.008884	-0.006021	0.6421	6.4894
3.9000	0.005000	0.006745	0.005952	-0.082304	0.008702	-0.018165	0.5376	8.8054
3.9100	0.005000	0.006500	0.006007	-0.075814	0.008515	-0.018743	0.5776	6.6557
3.9200	0.005000	0.006354	0.005804	-0.052834	0.008199	-0.031606	0.5088	8.3670
3.9300	0.005000	0.006207	0.005921	-0.047342	0.007940	-0.025898	0.5510	6.8804
3.9400	0.005000	0.006109	0.005749	-0.033446	0.007592	-0.034780	0.5021	8.0425
3.9500	0.005000	0.006061	0.005913	-0.024645	0.007319	-0.027303	0.5265	7.7393
3.9600	0.005000	0.006158	0.006059	-0.024148	0.007077	-0.024134	0.5443	8.3059
3.9700	0.005000	0.006256	0.006133	-0.033023	0.006960	-0.011763	0.5665	8.2013
3.9800	0.005000	0.006354	0.006156	-0.046329	0.006908	-0.005166	0.5843	7.9311
3.9900	0.005000	0.006452	0.006166	-0.047795	0.006942	0.003438	0.5687	8.8429
4.0000	0.005000	0.006500	0.006224	-0.065735	0.007063	0.012084	0.6132	7.5048
4.0100	0.005000	0.006598	0.006166	-0.059817	0.007178	0.011501	0.5665	9.4317
4.0200	0.005000	0.006598	0.006260	-0.084764	0.007347	0.016913	0.6421	6.8291
4.0300	0.005000	0.006549	0.005876	-0.078183	0.007440	0.009272	0.5532	8.5510
4.0400	0.005000	0.006500	0.006094	-0.068561	0.007519	0.007929	0.5776	8.1437
4.0500	0.005000	0.006403	0.005903	-0.077103	0.007547	0.002778	0.5843	7.1103
4.0600	0.005000	0.006354	0.005854	-0.057249	0.007527	-0.002060	0.5287	8.8176
4.0700	0.005000	0.006256	0.005925	-0.066369	0.007450	-0.007639	0.5865	6.7028
4.0800	0.005000	0.006256	0.005791	-0.048468	0.007352	-0.009873	0.5154	9.1070
4.0900	0.005000	0.006207	0.005972	-0.060276	0.007292	-0.005942	0.5910	6.8142
4.1000	0.005000	0.006207	0.005745	-0.052047	0.007184	-0.010794	0.5265	8.6065
4.1100	0.005000	0.006207	0.005964	-0.049935	0.007142	-0.004195	0.5643	7.9695
4.1200	0.005000	0.006207	0.005854	-0.058845	0.007091	-0.005097	0.5687	7.6173
4.1300	0.005000	0.006109	0.005674	-0.062682	0.007094	0.000321	0.5532	6.9612
4.1400	0.005000	0.006061	0.005666	-0.037023	0.006990	-0.010484	0.4932	9.0493
4.1500	0.005000	0.005963	0.005771	-0.054409	0.006970	-0.002013	0.5798	6.0446
4.1600	0.005000	0.005914	0.005456	-0.038365	0.006864	-0.010528	0.4821	8.5066
4.1700	0.005000	0.005816	0.005649	-0.039428	0.006756	-0.010821	0.5421	6.5400
4.1800	0.005000	0.005816	0.005522	-0.023889	0.006597	-0.015916	0.4821	8.6460
4.1900	0.005000	0.005816	0.005754	-0.032702	0.006543	-0.005356	0.5532	6.8826
4.2000	0.005000	0.005816	0.005527	-0.031604	0.006423	-0.012060	0.5065	7.9440
4.2100	0.005000	0.005767	0.005596	-0.031907	0.006381	-0.004170	0.5265	7.1037
4.2200	0.005000	0.005767	0.005551	-0.023187	0.006301	-0.008003	0.4976	8.1825
4.2300	0.005000	0.005718	0.005587	-0.034461	0.006307	0.000579	0.5421	6.4579
4.2400	0.005000	0.005670	0.005375	-0.022824	0.006226	-0.008097	0.4754	8.0168
4.2500	0.005000	0.005572	0.005462	-0.023346	0.006172	-0.005341	0.5132	6.5378
4.2600	0.005000	0.005572	0.005404	-0.006939	0.006062	-0.011074	0.4621	8.4879
4.2700	0.005000	0.005572	0.005603	-0.018526	0.006020	-0.004162	0.5354	6.5782
4.2800	0.005000	0.005572	0.005368	-0.016483	0.005923	-0.009703	0.4821	7.7963
4.2900	0.005000	0.005572	0.005529	-0.011949	0.005879	-0.004352	0.5021	7.5433
4.3000	0.005000	0.005572	0.005478	-0.016403	0.005840	-0.003995	0.5065	7.3522
4.3100	0.005000	0.005523	0.005386	-0.020775	0.005856	0.001635	0.5043	6.8021
4.3200	0.005000	0.005474	0.005319	-0.009655	0.005795	-0.006086	0.4688	7.6665
4.3300	0.005000	0.005425	0.005392	-0.008602	0.005762	-0.003346	0.4932	6.9373
4.3400	0.005000	0.005376	0.005281	-0.007570	0.005710	-0.005191	0.4777	7.0134
4.3500	0.005000	0.005327	0.005280	0.001700	0.005622	-0.008768	0.4621	7.4139
4.3600	0.005000	0.005376	0.005451	0.006024	0.005532	-0.009013	0.4821	7.6737
4.3700	0.005000	0.005376	0.005392	-0.006558	0.005503	-0.002860	0.5043	6.7036
4.3800	0.005000	0.005425	0.005380	0.001173	0.005455	-0.004826	0.4688	8.1008
4.3900	0.005000	0.005425	0.005464	-0.011863	0.005465	0.001011	0.5199	6.4772
4.4000	0.005000	0.005425	0.005283	-0.005800	0.005475	0.001002	0.4643	7.8938
4.4100	0.005000	0.005425	0.005452	-0.005050	0.005500	0.002458	0.4976	7.2507
4.4200	0.005000	0.005376	0.005280	-0.013985	0.005508	0.000868	0.4954	6.5929
4.4300	0.005000	0.005376	0.005294	0.001938	0.005498	-0.001055	0.4532	8.1415
4.4400	0.005000	0.005327	0.005367	-0.010791	0.005483	-0.001522	0.5132	6.0677
4.4500	0.005000	0.005376	0.005274	0.006066	0.005444	-0.003823	0.4399	8.7666
4.4600	0.005000	0.005327	0.005420	-0.015842	0.005457	0.001276	0.5354	5.5224
4.4700	0.005000	0.005376	0.005192	0.004051	0.005389	-0.006842	0.4243	9.1516
4.4800	0.005000	0.005327	0.005449	-0.017686	0.005435	0.004618	0.5421	5.4514
4.4900	0.005000	0.005425	0.005234	0.002293	0.005377	-0.005799	0.4288	9.4987
4.5000	0.005000	0.005376	0.005485	-0.024325	0.005460	0.008326	0.5554	5.3629
4.5100	0.005000	0.005425	0.005146	-0.009286	0.005415	-0.004481	0.4377	8.8424
4.5200	0.005000	0.005327	0.005343	-0.023988	0.005499	0.008339	0.5310	5.4254
4.5300	0.005000	0.005327	0.005078	-0.002612	0.005430	-0.006908	0.4221	8.7023
4.5400	0.005000	0.005230	0.005295	-0.014613	0.005475	0.004569	0.5176	5.4610
4.5500	0.005000	0.005279	0.005123	0.006852	0.005361	-0.011442	0.4199	8.8984
4.5600	0.005000	0.005279	0.005441	-0.006928	0.005370	0.000925	0.5243	6.1510
4.5700	0.005000	0.005376	0.005269	-0.001165	0.005299	-0.007106	0.4599	8.4832
4.5800	0.005000	0.005376	0.005429	-0.017677	0.005365	0.006614	0.5310	6.1529
4.5900	0.005000	0.005425	0.005246	-0.007404	0.005349	-0.001621	0.4577	8.4507
4.6000	0.005000	0.005376	0.005381	-0.020962	0.005454	0.010484	0.5265	6.0138
4.6100	0.005000	0.005376	0.005164	-0.006429	0.005445	-0.000912	0.4443	8.4039
4.6200	0.005000	0.005279	0.005283	-0.017822	0.005499	0.005410	0.5154	5.7109
4.6300	0.005000	0.005230	0.005020	-0.000520	0.005422	-0.007642	0.4243	8.0958
4.6400	0.005000	0.005132	0.005194	-0.003263	0.005399	-0.002319	0.4888	5.9353
4.6500	0.005000	0.005034	0.004906	0.006701	0.005267	-0.013195	0.4221	7.1418
4.6600	0.005000	0.004936	0.005022	0.019973	0.005156	-0.011115	0.4332	6.7871
4.6700	0.005000	0.004936	0.005085	0.026889	0.004985	-0.017111	0.4354	7.2047
4.6800	0.005000	0.004936	0.005116	0.022871	0.004891	-0.009421	0.4554	6.6322
4.6900	0.005000	0.004936	0.005057	0.025311	0.004762	-0.012916	0.4354	7.1385
4.7000	0.005000	0.004985	0.005195	0.026595	0.004699	-0.006274	0.4532	7.1717
4.7100	0.005000	0.005083	0.005282	0.024179	0.004684	-0.001537	0.4621	7.6185
4.7200	0.005000	0.005132	0.005284	0.008119	0.004735	0.005185	0.4932	6.5601
4.7300	0.005000	0.005230	0.005278	0.014482	0.004772	0.003645	0.4532	8.3062
4.7400	0.005000	0.005327	0.005502	0.000453	0.004889	0.011752	0.5176	7.0774
4.7500	0.005000	0.005425	0.005384	-0.008480	0.005026	0.013689	0.4976	7.7616
4.7600	0.005000	0.005474	0.005443	-0.016620	0.005187	0.016116	0.5154	7.2469
4.7700	0.005000	0.005474	0.005326	-0.020740	0.005316	0.012819	0.4999	7.3272
4.7800	0.005000	0.005523	0.005434	-0.013745	0.005456	0.014001	0.4932	8.1101
4.7900	0.005000	0.005474	0.005361	-0.032800	0.005580	0.012451	0.5354	6.0792
4.8000	0.005000	0.005474	0.005214	-0.013593	0.005622	0.004220	0.4510	8.6502
4.8100	0.005000	0.005474	0.005494	-0.021634	0.005671	0.004871	0.5310	6.7682
4.8200	0.005000	0.005523	0.005324	-0.022155	0.005700	0.002922	0.4932	7.9535
4.8300	0.005000	0.005523	0.005421	-0.026572	0.005751	0.005116	0.5199	7.1191
4.8400	0.005000	0.005523	0.005319	-0.024711	0.005746	-0.000550	0.4954	7.7270
4.8500	0.005000	0.005474	0.005320	-0.030066	0.005812	0.006656	0.5154	6.6954
4.8600	0.005000	0.005474	0.005266	-0.017689	0.005799	-0.001345	0.4732	8.1382
4.8700	0.005000	0.005474	0.005422	-0.022794	0.005818	0.001916	0.5199	7.0342
4.8800	0.005000	0.005474	0.005277	-0.023204	0.005803	-0.001488	0.4932	7.6168
4.8900	0.005000	0.005523	0.005438	-0.019777	0.005804	0.000103	0.5065	7.8410
4.9000	0.005000	0.005523	0.005376	-0.032942	0.005820	0.001540	0.5287	6.8454
4.9100	0.005000	0.005523	0.005282	-0.026312	0.005848	0.002861	0.4888	7.8918
4.9200	0.005000	0.005523	0.005405	-0.026983	0.005865	0.001658	0.5154	7.3464
4.9300	0.005000	0.005523	0.005324	-0.030969	0.005897	0.003194	0.5110	7.3154
4.9400	0.005000	0.005523	0.005333	-0.023880	0.005906	0.000933	0.4932	7.9854
4.9500	0.005000	0.005572	0.005477	-0.030504	0.005916	0.000943	0.5310	7.3779
4.9600	0.005000	0.005621	0.005402	-0.033259	0.005952	0.003632	0.5154	7.9451
4.9700	0.005000	0.005621	0.005419	-0.044647	0.006008	0.005649	0.5421	6.8487
4.9800	0.005000	0.005621	0.005295	-0.034623	0.006029	0.002043	0.4910	8.3156
4.9900	0.005000	0.005621	0.005470	-0.042727	0.006100	0.007138	0.5443	6.9392
5.0000	0.005000	0.005670	0.005362	-0.036434	0.006122	0.002185	0.5021	8.4991
5.0100	0.005000	0.005718	0.005568	-0.046137	0.006182	0.006026	0.5554	7.3827
5.0200	0.005000	0.005767	0.005426	-0.053023	0.006223	0.004032	0.5376	7.8111
5.0300	0.005000	0.005767	0.005442	-0.055984	0.006309	0.008630	0.5421	7.4845
5.0400	0.005000	0.005767	0.005403	-0.051717	0.006352	0.004279	0.5243	8.0572
5.0500	0.005000	0.005767	0.005469	-0.057821	0.006437	0.008572	0.5510	7.3084
5.0600	0.005000	0.005816	0.005446	-0.050604	0.006465	0.002773	0.5221	8.6183
5.0700	0.005000	0.005816	0.005532	-0.065740	0.006525	0.005979	0.5732	6.9932
5.0800	0.005000	0.005816	0.005329	-0.062188	0.006550	0.002535	0.5243	8.1342
5.0900	0.005000	0.005718	0.005330	-0.067469	0.006596	0.004582	0.5487	6.6462
5.1000	0.005000	0.005670	0.005199	-0.048477	0.006560	-0.003632	0.4865	8.4697
5.1100	0.005000	0.005621	0.005389	-0.054895	0.006562	0.000201	0.5487	6.7086
5.1200	0.005000	0.005670	0.005289	-0.040393	0.006473	-0.008868	0.4910	9.0100
5.1300	0.005000	0.005670	0.005494	-0.056799	0.006455	-0.001776	0.5687	6.8200
5.1400	0.005000	0.005670	0.005207	-0.059085	0.006410	-0.004501	0.5199	7.7138
5.1500	0.005000	0.005621	0.005278	-0.052365	0.006413	0.000281	0.5199	7.5170
5.1600	0.005000	0.005572	0.005224	-0.051735	0.006384	-0.002958	0.5199	7.2698
5.1700	0.005000	0.005523	0.005185	-0.044101	0.006374	-0.001000	0.5021	7.6301
5.1800	0.005000	0.005474	0.005207	-0.042835	0.006305	-0.006843	0.5132	7.1707
5.1900	0.005000	0.005474	0.005206	-0.033710	0.006225	-0.008058	0.4932	8.0580
5.2000	0.005000	0.005474	0.005298	-0.042467	0.006179	-0.004581	0.5332	6.9450
5.2100	0.005000	0.005474	0.005155	-0.037337	0.006115	-0.006360	0.4932	7.9985
5.2200	0.005000	0.005474	0.005292	-0.040945	0.006094	-0.002089	0.5265	7.1796
5.2300	0.005000	0.005474	0.005174	-0.040319	0.006069	-0.002542	0.5043	7.7009
5.2400	0.005000	0.005474	0.005251	-0.040608	0.006077	0.000775	0.5176	7.4028
5.2500	0.005000	0.005474	0.005202	-0.041142	0.006058	-0.001856	0.5110	7.5516
5.2600	0.005000	0.005425	0.005148	-0.043719	0.006066	0.000801	0.5132	7.0201
5.2700	0.005000	0.005425	0.005154	-0.032285	0.006028	-0.003786	0.4865	8.0959
5.2800	0.005000	0.005376	0.005187	-0.042118	0.006024	-0.000402	0.5265	6.5764
5.2900	0.005000	0.005376	0.005069	-0.030838	0.005975	-0.004933	0.4754	8.1430
5.3000	0.005000	0.005327	0.005174	-0.036215	0.005945	-0.002968	0.5176	6.7271
5.3100	0.005000	0.005327	0.005057	-0.030304	0.005889	-0.005639	0.4821	7.7701
5.3200	0.005000	0.005279	0.005108	-0.031215	0.005864	-0.002523	0.5021	6.9494
5.3300	0.005000	0.005279	0.005069	-0.025526	0.005796	-0.006767	0.4821	7.6672
5.3400	0.005000	0.005230	0.005071	-0.030039	0.005774	-0.002150	0.5021	6.7073
5.3500	0.005000	0.005230	0.005024	-0.018316	0.005700	-0.007463	0.4643	8.0315
5.3600	0.005000	0.005230	0.005170	-0.025049	0.005676	-0.002428	0.5110	6.8586
5.3700	0.005000	0.005230	0.005015	-0.026140	0.005638	-0.003771	0.4843	7.3686
5.3800	0.005000	0.005181	0.005019	-0.022641	0.005610	-0.002828	0.4821	7.1412
5.3900	0.005000	0.005132	0.004973	-0.021458	0.005564	-0.004559	0.4799	6.9235
5.4000	0.005000	0.005132	0.005012	-0.009729	0.005525	-0.003907	0.4599	7.8875
5.4100	0.005000	0.005181	0.005185	-0.017052	0.005491	-0.003417	0.5065	7.0803
5.4200	0.005000	0.005230	0.005086	-0.021647	0.005472	-0.001832	0.4910	7.5485
5.4300	0.005000	0.005181	0.005021	-0.030031	0.005481	0.000820	0.5021	6.4862
5.4400	0.005000	0.005181	0.004976	-0.013666	0.005455	-0.002554	0.4510	8.2485
5.4500	0.005000	0.005181	0.005167	-0.023646	0.005497	0.004178	0.5154	6.6064
5.4600	0.005000	0.005230	0.005031	-0.020864	0.005494	-0.000279	0.4754	7.9340
5.4700	0.005000	0.005230	0.005140	-0.027863	0.005514	0.001985	0.5110	6.8376
5.4800	0.005000	0.005279	0.005083	-0.023583	0.005507	-0.000705	0.4821	7.9865
5.4900	0.005000	0.005327	0.005238	-0.027480	0.005570	0.006296	0.5132	7.5463
5.5000	0.005000	0.005376	0.005184	-0.038707	0.005624	0.005453	0.5221	7.2587
5.5100	0.005000	0.005327	0.005026	-0.042847	0.005697	0.007259	0.5043	6.9490
5.5200	0.005000	0.005327	0.005080	-0.028517	0.005715	0.001788	0.4777	8.0932
5.5300	0.005000	0.005327	0.005191	-0.036394	0.005772	0.005728	0.5221	6.9683
5.5400	0.005000	0.005327	0.005045	-0.035012	0.005791	0.001859	0.4910	7.6877
5.5500	0.005000	0.005279	0.005068	-0.038457	0.005790	-0.000068	0.5088	6.7782
5.5600	0.005000	0.005279	0.005020	-0.028157	0.005758	-0.003220	0.4754	7.9403
5.5700	0.005000	0.005279	0.005152	-0.032615	0.005773	0.001485	0.5132	7.0325
5.5800	0.005000	0.005327	0.005107	-0.029538	0.005750	-0.002299	0.4910	8.0293
5.5900	0.005000	0.005327	0.005165	-0.041613	0.005774	0.002420	0.5287	6.7237
5.6000	0.005000	0.005376	0.005087	-0.032153	0.005763	-0.001110	0.4821	8.4379
5.6100	0.005000	0.005425	0.005306	-0.045732	0.005832	0.006967	0.5465	6.9516
5.6200	0.005000	0.005425	0.005039	-0.048858	0.005875	0.004250	0.5043	7.6511
5.6300	0.005000	0.005425	0.005168	-0.044705	0.005931	0.005625	0.5132	7.5652
5.6400	0.005000	0.005474	0.005211	-0.043755	0.005959	0.002756	0.5154	8.0132
5.6500	0.005000	0.005425	0.005116	-0.062087	0.006050	0.009136	0.5465	6.2199
5.6600	0.005000	0.005425	0.004990	-0.038994	0.006026	-0.002410	0.4621	8.8945
5.6700	0.005000	0.005376	0.005218	-0.055354	0.006062	0.003555	0.5532	6.1345
5.6800	0.005000	0.005376	0.004918	-0.044591	0.006044	-0.001721	0.4732	8.2869
5.6900	0.005000	0.005327	0.005128	-0.047098	0.006041	-0.000316	0.5243	6.7369
5.7000	0.005000	0.005327	0.004976	-0.040077	0.005971	-0.007062	0.4843	7.9390
5.7100	0.005000	0.005327	0.005137	-0.041723	0.005978	0.000797	0.5176	7.1786
5.7200	0.005000	0.005327	0.005024	-0.040917	0.005924	-0.005496	0.4976	7.6628
5.7300	0.005000	0.005327	0.005100	-0.042416	0.005926	0.000266	0.5132	7.2588
5.7400	0.005000	0.005327	0.005040	-0.039043	0.005897	-0.002969	0.4954	7.7928
5.7500	0.005000	0.005279	0.005032	-0.047397	0.005913	0.001673	0.5199	6.5778
5.7600	0.005000	0.005279	0.004953	-0.031693	0.005870	-0.004351	0.4665	8.3542
5.7700	0.005000	0.005230	0.005079	-0.045059	0.005874	0.000393	0.5310	6.1868
5.7800	0.005000	0.005181	0.004791	-0.033162	0.005813	-0.006043	0.4554	7.9088
5.7900	0.005000	0.005083	0.004926	-0.030452	0.005763	-0.005020	0.4910	6.5722
5.8000	0.005000	0.005083	0.004873	-0.018802	0.005657	-0.010590	0.4577	7.8842
5.8100	0.005000	0.005034	0.004943	-0.026682	0.005614	-0.004286	0.4999	6.3345
5.8200	0.005000	0.005034	0.004822	-0.014302	0.005489	-0.012477	0.4465	7.9858
5.8300	0.005000	0.004936	0.004862	-0.024300	0.005440	-0.004970	0.4954	5.8286
5.8400	0.005000	0.004936	0.004738	-0.004564	0.005327	-0.011284	0.4221	8.2452
5.8500	0.005000	0.004936	0.005010	-0.010098	0.005281	-0.004563	0.4932	6.6193
5.8600	0.005000	0.004985	0.004870	-0.011256	0.005208	-0.007322	0.4643	7.5727
5.8700	0.005000	0.004985	0.004942	-0.016020	0.005197	-0.001104	0.4865	6.7917
5.8800	0.005000	0.005034	0.004929	-0.009142	0.005150	-0.004728	0.4599	7.9991
5.8900	0.005000	0.005034	0.005006	-0.025568	0.005214	0.006447	0.5132	6.1930
5.9000	0.005000	0.005034	0.004796	-0.016976	0.005214	-0.000039	0.4488	7.8212
5.9100	0.005000	0.004985	0.004929	-0.017621	0.005236	0.002164	0.4843	6.6697
5.9200	0.005000	0.005034	0.004921	-0.008299	0.005218	-0.001789	0.4554	8.1262
5.9300	0.005000	0.005034	0.005019	-0.026502	0.005268	0.004995	0.5176	6.0816
5.9400	0.005000	0.005083	0.004856	-0.012717	0.005227	-0.004053	0.4421	8.5586
5.9500	0.005000	0.005083	0.005092	-0.029589	0.005282	0.005491	0.5265	6.1301
5.9600	0.005000	0.005181	0.004938	-0.018291	0.005291	0.000950	0.4554	8.8183
5.9700	0.005000	0.005181	0.005143	-0.040811	0.005396	0.010462	0.5443	6.0146
5.9800	0.005000	0.005230	0.004873	-0.029659	0.005409	0.001265	0.4577	8.6093
5.9900	0.005000	0.005230	0.005147	-0.042190	0.005521	0.011186	0.5354	6.4473
6.0000	0.005000	0.005279	0.004936	-0.035387	0.005548	0.002784	0.4754	8.3434
6.0100	0.005000	0.005230	0.005052	-0.049179	0.005655	0.010619	0.5332	6.1290
6.0200	0.005000	0.005230	0.004844	-0.032931	0.005637	-0.001786	0.4554	8.4196
6.0300	0.005000	0.005230	0.005132	-0.036696	0.005692	0.005486	0.5199	6.9866
6.0400	0.005000	0.005279	0.005000	-0.036825	0.005686	-0.000517	0.4932	7.9641
6.0500	0.005000	0.005279	0.005078	-0.046749	0.005739	0.005218	0.5265	6.7717
6.0600	0.005000	0.005279	0.004932	-0.040672	0.005724	-0.001449	0.4843	7.8443
6.0700	0.005000	0.005230	0.005002	-0.043638	0.005774	0.005007	0.5110	6.7805
6.0800	0.005000	0.005230	0.004930	-0.032576	0.005761	-0.001363	0.4732	8.0809
6.0900	0.005000	0.005181	0.005006	-0.042821	0.005780	0.001902	0.5199	6.3698
6.1000	0.005000	0.005181	0.004858	-0.028486	0.005718	-0.006129	0.4577	8.2885
6.1100	0.005000	0.005181	0.005090	-0.035900	0.005711	-0.000697	0.5199	6.7628
6.1200	0.005000	0.005181	0.004876	-0.036612	0.005677	-0.003448	0.4843	7.4793
6.1300	0.005000	0.005132	0.004919	-0.035317	0.005673	-0.000392	0.4932	6.8844
6.1400	0.005000	0.005083	0.004828	-0.028085	0.005614	-0.005900	0.4688	7.3649
6.1500	0.005000	0.005083	0.004955	-0.021833	0.005594	-0.001988	0.4799	7.4533
6.1600	0.005000	0.005132	0.005020	-0.023825	0.005550	-0.004416	0.4932	7.5428
6.1700	0.005000	0.005132	0.004961	-0.035596	0.005544	-0.000631	0.5088	6.6864
6.1800	0.005000	0.005132	0.004879	-0.025187	0.005507	-0.003642	0.4643	7.9728
6.1900	0.005000	0.005132	0.005032	-0.032278	0.005526	0.001900	0.5110	6.7686
6.2000	0.005000	0.005132	0.004869	-0.030718	0.005538	0.001181	0.4777	7.5257
6.2100	0.005000	0.005083	0.004904	-0.029202	0.005540	0.000155	0.4865	6.9975
6.2200	0.005000	0.005034	0.004820	-0.027358	0.005504	-0.003540	0.4754	6.9841
6.2300	0.005000	0.004985	0.004811	-0.018177	0.005473	-0.003143	0.4599	7.3433
6.2400	0.005000	0.004985	0.004908	-0.016440	0.005413	-0.006013	0.4777	7.1359
6.2500	0.005000	0.004985	0.004867	-0.017895	0.005365	-0.004754	0.4754	7.1468
6.2600	0.005000	0.004985	0.004877	-0.017576	0.005317	-0.004784	0.4754	7.1308
6.2700	0.005000	0.004985	0.004874	-0.015735	0.005276	-0.004075	0.4710	7.3013
6.2800	0.005000	0.005034	0.004973	-0.014575	0.005268	-0.000863	0.4799	7.5592
6.2900	0.005000	0.005034	0.004925	-0.025575	0.005283	0.001547	0.4976	6.7232
6.3000	0.005000	0.004985	0.004766	-0.023915	0.005285	0.000185	0.4665	6.9811
6.3100	0.005000	0.004936	0.004800	-0.012568	0.005262	-0.002299	0.4532	7.3657
6.3200	0.005000	0.004936	0.004893	-0.012490	0.005250	-0.001237	0.4754	7.0229
6.3300	0.005000	0.004936	0.004838	-0.013485	0.005228	-0.002146	0.4688	7.1377
6.3400	0.005000	0.004936	0.004861	-0.011105	0.005178	-0.005022	0.4665	7.2648
6.3500	0.005000	0.004888	0.004793	-0.017756	0.005153	-0.002548	0.4777	6.3836
6.3600	0.005000	0.004888	0.004767	-0.003267	0.005114	-0.003861	0.4354	7.8614
6.3700	0.005000	0.004888	0.004927	-0.010002	0.005097	-0.001677	0.4865	6.5969
6.3800	0.005000	0.004888	0.004764	-0.009036	0.005068	-0.002964	0.4532	7.3435
6.3900	0.005000	0.004888	0.004872	-0.008551	0.005050	-0.001735	0.4710	6.9421
6.4000	0.005000	0.004936	0.004890	-0.004774	0.005018	-0.003251	0.4599	7.7330
6.4100	0.005000	0.004936	0.004917	-0.017569	0.005059	0.004142	0.4954	6.4422
6.4200	0.005000	0.004936	0.004773	-0.012068	0.005051	-0.000793	0.4510	7.5311
6.4300	0.005000	0.004888	0.004836	-0.014967	0.005072	0.002086	0.4777	6.4520
6.4400	0.005000	0.004888	0.004769	-0.004300	0.005054	-0.001848	0.4399	7.7318
6.4500	0.005000	0.004888	0.004916	-0.010089	0.005067	0.001295	0.4843	6.6027
6.4600	0.005000	0.004936	0.004848	-0.005475	0.005030	-0.003660	0.4532	7.8256
6.4700	0.005000	0.004936	0.004935	-0.015512	0.005049	0.001886	0.4932	6.5402
6.4800	0.005000	0.004936	0.004782	-0.011760	0.005036	-0.001266	0.4532	7.5012
6.4900	0.005000	0.004936	0.004911	-0.012949	0.005071	0.003438	0.4799	6.8617
6.5000	0.005000	0.004936	0.004822	-0.011892	0.005072	0.000141	0.4621	7.2877
6.5100	0.005000	0.004839	0.004730	-0.017041	0.005093	0.002056	0.4710	6.0977
6.5200	0.005000	0.004839	0.004734	0.003573	0.005028	-0.006502	0.4199	8.0672
6.5300	0.005000	0.004790	0.004859	-0.008040	0.005015	-0.001220	0.4865	5.9316
6.5400	0.005000	0.004790	0.004668	0.002446	0.004943	-0.007252	0.4221	7.7532
6.5500	0.005000	0.004741	0.004809	-0.001361	0.004896	-0.004708	0.4688	6.2368
6.5600	0.005000	0.004692	0.004608	0.003456	0.004812	-0.008406	0.4266	6.9895
6.5700	0.005000	0.004692	0.004777	0.014780	0.004763	-0.004842	0.4332	7.3177
6.5800	0.005000	0.004643	0.004711	0.002991	0.004700	-0.006313	0.4621	5.9061
6.5900	0.005000	0.004643	0.004633	0.016415	0.004638	-0.006197	0.4088	7.5297
6.6000	0.005000	0.004594	0.004736	0.013673	0.004570	-0.006841	0.4488	6.2263
6.6100	0.005000	0.004594	0.004646	0.018378	0.004511	-0.005862	0.4199	7.0643
6.6200	0.005000	0.004594	0.004747	0.021714	0.004467	-0.004397	0.4332	6.9018
6.6300	0.005000	0.004643	0.004798	0.019869	0.004412	-0.005491	0.4421	7.0341
6.6400	0.005000	0.004643	0.004749	0.011949	0.004417	0.000513	0.4510	6.4400
6.6500	0.005000	0.004692	0.004777	0.021385	0.004392	-0.002540	0.4221	7.7623
6.6600	0.005000	0.004692	0.004855	0.005771	0.004436	0.004432	0.4777	5.9462
6.6700	0.005000	0.004790	0.004809	0.018217	0.004452	0.001618	0.4177	8.4277
6.6800	0.005000	0.004790	0.004961	-0.004806	0.004533	0.008038	0.5043	5.6382
6.6900	0.005000	0.004888	0.004796	0.007951	0.004559	0.002616	0.4199	8.6353
6.7000	0.005000	0.004839	0.004944	-0.016780	0.004681	0.012199	0.5154	5.1821
6.7100	0.005000	0.004888	0.004686	0.002662	0.004692	0.001106	0.4043	8.6830
6.7200	0.005000	0.004839	0.004957	-0.010218	0.004790	0.009848	0.4999	5.7802
6.7300	0.005000	0.004839	0.004666	-0.002128	0.004777	-0.001389	0.4243	7.7363
6.7400	0.005000	0.004790	0.004843	-0.002712	0.004820	0.004321	0.4688	6.3153
6.7500	0.005000	0.004790	0.004731	0.005884	0.004757	-0.006265	0.4288	7.5584
6.7600	0.005000	0.004790	0.004884	0.004509	0.004776	0.001882	0.4643	6.7375
6.7700	0.005000	0.004839	0.004857	0.005229	0.004736	-0.003951	0.4510	7.4142
6.7800	0.005000	0.004790	0.004802	-0.004542	0.004758	0.002155	0.4710	6.1199
6.7900	0.005000	0.004839	0.004815	0.011778	0.004723	-0.003502	0.4221	8.1719
6.8000	0.005000	0.004839	0.004971	-0.002136	0.004765	0.004198	0.4910	6.1999
6.8100	0.005000	0.004888	0.004816	0.001404	0.004772	0.000711	0.4421	7.7069
6.8200	0.005000	0.004888	0.004944	-0.003352	0.004807	0.003458	0.4777	6.6782
6.8300	0.005000	0.004985	0.004976	0.002169	0.004816	0.000888	0.4554	8.1240
6.8400	0.005000	0.004985	0.005012	-0.020325	0.004925	0.010903	0.5154	5.8744
6.8500	0.005000	0.005034	0.004844	-0.004956	0.004941	0.001596	0.4310	8.5804
6.8600	0.005000	0.005034	0.005099	-0.019066	0.005033	0.009241	0.5154	6.2735
6.8700	0.005000	0.005083	0.004883	-0.016149	0.005083	0.004981	0.4599	7.9152
6.8800	0.005000	0.005083	0.005042	-0.019276	0.005164	0.008123	0.4954	6.9441
6.8900	0.005000	0.005083	0.004915	-0.022218	0.005186	0.002192	0.4799	7.1419
6.9000	0.005000	0.005083	0.004962	-0.015777	0.005246	0.006031	0.4710	7.5276
6.9100	0.005000	0.005132	0.005076	-0.018044	0.005267	0.002086	0.4932	7.3891
6.9200	0.005000	0.005132	0.004985	-0.025184	0.005319	0.005221	0.4932	7.0646
6.9300	0.005000	0.005181	0.005047	-0.019397	0.005341	0.002209	0.4799	7.9041
6.9400	0.005000	0.005181	0.005067	-0.032216	0.005397	0.005557	0.5154	6.6389
6.9500	0.005000	0.005230	0.005005	-0.024059	0.005441	0.004411	0.4732	8.1780
6.9600	0.005000	0.005230	0.005124	-0.035198	0.005506	0.006477	0.5221	6.7067
6.9700	0.005000	0.005279	0.005019	-0.030199	0.005542	0.003639	0.4821	8.1071
6.9800	0.005000	0.005279	0.005132	-0.038785	0.005616	0.007361	0.5221	6.8977
6.9900	0.005000	0.005279	0.004979	-0.037007	0.005642	0.002595	0.4888	7.6600
7.0000	0.005000	0.005279	0.005089	-0.032613	0.005688	0.004628	0.4976	7.6533
7.0100	0.005000	0.005279	0.005067	-0.043973	0.005723	0.003471	0.5221	6.7311
7.0200	0.005000	0.005279	0.004966	-0.034540	0.005744	0.002116	0.4777	7.9724
7.0300	0.005000	0.005279	0.005121	-0.035768	0.005748	0.000368	0.5110	7.2851
7.0400	0.005000	0.005279	0.005016	-0.040340	0.005767	0.001982	0.5043	7.2818
7.0500	0.005000	0.005230	0.004955	-0.037646	0.005775	0.000755	0.4910	7.2484
7.0600	0.005000	0.005230	0.005018	-0.030376	0.005742	-0.003333	0.4865	7.6995
7.0700	0.005000	0.005230	0.005053	-0.035829	0.005751	0.000912	0.5088	7.0798
7.0800	0.005000	0.005279	0.005056	-0.030618	0.005733	-0.001753	0.4888	8.0841
7.0900	0.005000	0.005230	0.005028	-0.045880	0.005744	0.001123	0.5265	6.2976
7.1000	0.005000	0.005230	0.004892	-0.030354	0.005719	-0.002570	0.4599	8.3096
7.1100	0.005000	0.005132	0.004972	-0.043304	0.005739	0.001972	0.5221	5.7961
7.1200	0.005000	0.005132	0.004795	-0.020659	0.005670	-0.006808	0.4332	8.6725
7.1300	0.005000	0.005034	0.004971	-0.037209	0.005658	-0.001206	0.5243	5.4545
7.1400	0.005000	0.005083	0.004778	-0.012451	0.005532	-0.012604	0.4199	9.1389
7.1500	0.005000	0.005034	0.005063	-0.035086	0.005523	-0.000922	0.5376	5.4814
7.1600	0.005000	0.005083	0.004744	-0.019020	0.005416	-0.010685	0.4310	8.7730
7.1700	0.005000	0.005083	0.005096	-0.030528	0.005436	0.001980	0.5243	6.3246
7.1800	0.005000	0.005083	0.004770	-0.029330	0.005385	-0.005096	0.4643	7.6045
7.1900	0.005000	0.005034	0.004900	-0.025774	0.005418	0.003246	0.4843	6.8119
7.2000	0.005000	0.005034	0.004857	-0.017936	0.005359	-0.005853	0.4621	7.6473
7.2100	0.005000	0.004985	0.004883	-0.025229	0.005383	0.002435	0.4932	6.3081
7.2200	0.005000	0.004985	0.004795	-0.009562	0.005307	-0.007679	0.4377	8.1292
7.2300	0.005000	0.004936	0.004926	-0.020529	0.005288	-0.001860	0.4999	6.0688
7.2400	0.005000	0.004985	0.004816	-0.005974	0.005220	-0.006757	0.4354	8.4286
7.2500	0.005000	0.004936	0.004949	-0.024152	0.005226	0.000538	0.5132	5.6925
7.2600	0.005000	0.004985	0.004765	-0.006305	0.005154	-0.007152	0.4243	8.6776
7.2700	0.005000	0.004936	0.004976	-0.024703	0.005188	0.003410	0.5176	5.6204
7.2800	0.005000	0.004985	0.004744	-0.008136	0.005131	-0.005729	0.4243	8.6576
7.2900	0.005000	0.004985	0.005049	-0.022578	0.005178	0.004721	0.5176	6.1135
7.3000	0.005000	0.005034	0.004800	-0.016875	0.005145	-0.003284	0.4510	8.0903
7.3100	0.005000	0.005034	0.005006	-0.022843	0.005206	0.006068	0.5021	6.6672
7.3200	0.005000	0.005034	0.004823	-0.020709	0.005193	-0.001299	0.4643	7.5319
7.3300	0.005000	0.005034	0.004954	-0.020372	0.005252	0.005851	0.4865	7.0109
7.3400	0.005000	0.005083	0.004957	-0.018533	0.005252	0.000001	0.4777	7.6445
7.3500	0.005000	0.005083	0.004974	-0.024729	0.005300	0.004875	0.4954	6.9717
7.3600	0.005000	0.005132	0.004980	-0.021579	0.005313	0.001219	0.4799	7.7687
7.3700	0.005000	0.005181	0.005086	-0.026531	0.005366	0.005302	0.5043	7.4144
7.3800	0.005000	0.005230	0.005051	-0.033764	0.005427	0.006170	0.5065	7.4104
7.3900	0.005000	0.005279	0.005078	-0.034402	0.005500	0.007309	0.5021	7.7708
7.4000	0.005000	0.005279	0.005055	-0.045323	0.005584	0.008406	0.5221	6.8757
7.4100	0.005000	0.005279	0.004959	-0.038270	0.005652	0.006792	0.4843	7.8989
7.4200	0.005000	0.005279	0.005087	-0.040268	0.005713	0.006069	0.5132	7.2601
7.4300	0.005000	0.005327	0.005069	-0.040313	0.005756	0.004308	0.5043	7.8595
7.4400	0.005000	0.005279	0.005001	-0.054017	0.005818	0.006156	0.5287	6.3620
7.4500	0.005000	0.005230	0.004827	-0.036363	0.005793	-0.002452	0.4577	8.1761
7.4600	0.005000	0.005181	0.005030	-0.039331	0.005807	0.001330	0.5132	6.6602
7.4700	0.005000	0.005230	0.004956	-0.031410	0.005777	-0.002902	0.4777	8.1872
7.4800	0.005000	0.005230	0.005080	-0.041691	0.005778	0.000017	0.5243	6.7891
7.4900	0.005000	0.005230	0.004903	-0.038831	0.005729	-0.004862	0.4843	7.7218
7.5000	0.005000	0.005230	0.005038	-0.036472	0.005741	0.001228	0.5021	7.4316
7.5100	0.005000	0.005230	0.004980	-0.040689	0.005741	-0.000054	0.5043	7.2649
7.5200	0.005000	0.005181	0.004894	-0.041617	0.005760	0.001910	0.4954	6.9873
7.5300	0.005000	0.005181	0.004937	-0.029954	0.005721	-0.003930	0.4754	7.9000
7.5400	0.005000	0.005132	0.004950	-0.039374	0.005720	-0.000023	0.5110	6.4804
7.5500	0.005000	0.005181	0.004926	-0.022511	0.005671	-0.004892	0.4577	8.6975
7.5600	0.005000	0.005181	0.005109	-0.045684	0.005681	0.000962	0.5465	6.0027
7.5700	0.005000	0.005181	0.004767	-0.035161	0.005644	-0.003666	0.4554	8.2905
7.5800	0.005000	0.005132	0.004999	-0.040024	0.005661	0.001638	0.5154	6.4545
7.5900	0.005000	0.005132	0.004811	-0.031319	0.005622	-0.003890	0.4643	7.9409
7.6000	0.005000	0.005083	0.004933	-0.034632	0.005641	0.001957	0.5021	6.6276
7.6100	0.005000	0.005083	0.004827	-0.026098	0.005566	-0.007550	0.4643	7.8096
7.6200	0.005000	0.005083	0.004976	-0.027948	0.005556	-0.001032	0.4976	7.0521
7.6300	0.005000	0.005083	0.004868	-0.029979	0.005514	-0.004186	0.4843	7.2555
7.6400	0.005000	0.005034	0.004834	-0.029539	0.005502	-0.001190	0.4821	6.8793
7.6500	0.005000	0.005034	0.004859	-0.017850	0.005447	-0.005523	0.4599	7.8646
7.6600	0.005000	0.005034	0.004961	-0.027253	0.005449	0.000245	0.5043	6.6297
7.6700	0.005000	0.005034	0.004806	-0.022153	0.005412	-0.003716	0.4621	7.7013
7.6800	0.005000	0.004985	0.004872	-0.026286	0.005391	-0.002056	0.4910	6.5397
7.6900	0.005000	0.004936	0.004713	-0.019679	0.005344	-0.004711	0.4532	7.2510
7.7000	0.005000	0.004936	0.004874	-0.008910	0.005309	-0.003533	0.4599	7.5947
7.7100	0.005000	0.004985	0.004963	-0.015881	0.005268	-0.004112	0.4910	7.1375
7.7200	0.005000	0.004985	0.004840	-0.023618	0.005261	-0.000647	0.4843	6.8786
7.7300	0.005000	0.005034	0.004915	-0.013142	0.005225	-0.003654	0.4621	8.0748
7.7400	0.005000	0.005034	0.004975	-0.030038	0.005266	0.004085	0.5154	6.3110
7.7500	0.005000	0.005083	0.004848	-0.019631	0.005291	0.002576	0.4554	8.3090
7.7600	0.005000	0.005034	0.004950	-0.036041	0.005342	0.005101	0.5199	5.9138
7.7700	0.005000	0.005034	0.004724	-0.021252	0.005332	-0.001049	0.4399	8.1938
7.7800	0.005000	0.005034	0.005008	-0.023153	0.005365	0.003357	0.4999	6.9073
7.7900	0.005000	0.005034	0.004819	-0.028704	0.005354	-0.001139	0.4821	7.0876
7.8000	0.005000	0.005034	0.004876	-0.020214	0.005360	0.000608	0.4688	7.6150
7.8100	0.005000	0.005034	0.004927	-0.025176	0.005335	-0.002469	0.4932	6.9565
7.8200	0.005000	0.005034	0.004847	-0.022367	0.005351	0.001561	0.4710	7.5249
7.8300	0.005000	0.004985	0.004845	-0.027191	0.005351	-0.000048	0.4888	6.5665
7.8400	0.005000	0.004985	0.004798	-0.016247	0.005319	-0.003205	0.4532	7.7687
7.8500	0.005000	0.004936	0.004857	-0.023184	0.005319	0.000034	0.4910	6.3556
7.8600	0.005000	0.004936	0.004752	-0.012204	0.005266	-0.005337	0.4443	7.8089
7.8700	0.005000	0.004888	0.004847	-0.018325	0.005243	-0.002296	0.4865	6.3262
7.8800	0.005000	0.004936	0.004807	-0.005032	0.005172	-0.007085	0.4399	8.2767
7.8900	0.005000	0.004936	0.004964	-0.021798	0.005182	0.001024	0.5110	6.1379
7.9000	0.005000	0.005034	0.004858	-0.011276	0.005143	-0.003863	0.4488	8.5804
7.9100	0.005000	0.005132	0.005183	-0.026194	0.005207	0.006365	0.5287	7.0372
7.9200	0.005000	0.005230	0.004996	-0.036546	0.005274	0.006724	0.5043	7.7774
7.9300	0.005000	0.005230	0.005005	-0.047315	0.005415	0.014061	0.5221	6.7481
7.9400	0.005000	0.005279	0.004970	-0.034209	0.005481	0.006646	0.4754	8.5853
7.9500	0.005000	0.005230	0.005044	-0.058107	0.005643	0.016197	0.5510	5.7255
7.9600	0.005000	0.005230	0.004760	-0.035196	0.005667	0.002398	0.4399	8.9835
7.9700	0.005000	0.005132	0.005003	-0.053212	0.005727	0.005942	0.5421	5.5034
7.9800	0.005000	0.005132	0.004677	-0.031142	0.005671	-0.005537	0.4310	8.8262
7.9900	0.005000	0.005034	0.004937	-0.044415	0.005686	0.001453	0.5265	5.6012
8.0000	0.005000	0.005083	0.004727	-0.020597	0.005560	-0.012560	0.4266	9.1454
8.0100	0.005000	0.005034	0.005013	-0.045983	0.005583	0.002280	0.5465	5.3077
8.0200	0.005000	0.005034	0.004587	-0.028053	0.005471	-0.011208	0.4243	8.5846
8.0300	0.005000	0.004936	0.004865	-0.035229	0.005472	0.000125	0.5088	5.7337
8.0400	0.005000	0.004936	0.004627	-0.016530	0.005361	-0.011119	0.4243	8.3496
8.0500	0.005000	0.004888	0.004879	-0.023956	0.005358	-0.000295	0.4999	6.0889
8.0600	0.005000	0.004936	0.004732	-0.011229	0.005236	-0.012165	0.4377	8.3143
8.0700	0.005000	0.004936	0.004947	-0.025043	0.005240	0.000382	0.5110	6.1706
8.0800	0.005000	0.004936	0.004680	-0.020013	0.005177	-0.006294	0.4488	7.6063
8.0900	0.005000	0.004936	0.004890	-0.014855	0.005186	0.000885	0.4754	7.1749
8.1000	0.005000	0.004936	0.004816	-0.020636	0.005171	-0.001530	0.4799	6.8759
8.1100	0.005000	0.004985	0.004881	-0.011251	0.005184	0.001290	0.4599	7.9832
8.1200	0.005000	0.004985	0.004936	-0.027818	0.005193	0.000968	0.5110	6.2497
8.1300	0.005000	0.005034	0.004815	-0.015085	0.005198	0.000482	0.4465	8.4373
8.1400	0.005000	0.005034	0.005015	-0.031324	0.005253	0.005480	0.5221	6.2253
8.1500	0.005000	0.005034	0.004733	-0.025873	0.005267	0.001429	0.4554	7.8074
8.1600	0.005000	0.005034	0.004956	-0.022842	0.005310	0.004240	0.4888	7.1906
8.1700	0.005000	0.004985	0.004774	-0.031284	0.005315	0.000499	0.4865	6.5533
8.1800	0.005000	0.004985	0.004799	-0.014347	0.005318	0.000374	0.4465	8.0233
8.1900	0.005000	0.004936	0.004875	-0.025500	0.005297	-0.002157	0.4999	6.1715
8.2000	0.005000	0.004936	0.004718	-0.013523	0.005264	-0.003324	0.4399	7.9325
8.2100	0.005000	0.004936	0.004932	-0.016153	0.005239	-0.002493	0.4888	6.8320
8.2200	0.005000	0.004936	0.004777	-0.018881	0.005201	-0.003820	0.4688	7.1568
8.2300	0.005000	0.004985	0.004921	-0.010751	0.005194	-0.000671	0.4665	7.8482
8.2400	0.005000	0.004985	0.004916	-0.027892	0.005199	0.000472	0.5088	6.2854
8.2500	0.005000	0.004985	0.004748	-0.018323	0.005212	0.001329	0.4488	7.8362
8.2600	0.005000	0.004985	0.004945	-0.019043	0.005222	0.000997	0.4888	6.9874
8.2700	0.005000	0.005034	0.004898	-0.018949	0.005237	0.001479	0.4754	7.6923
8.2800	0.005000	0.005083	0.005005	-0.024725	0.005284	0.004765	0.4999	7.2711
8.2900	0.005000	0.005083	0.004883	-0.030957	0.005300	0.001624	0.4910	7.1510
8.3000	0.005000	0.005083	0.004894	-0.029015	0.005352	0.005118	0.4843	7.2934
8.3100	0.005000	0.005083	0.004907	-0.026544	0.005383	0.003107	0.4821	7.4505
8.3200	0.005000	0.005034	0.004845	-0.031747	0.005423	0.004037	0.4910	6.6946
8.3300	0.005000	0.004985	0.004752	-0.022727	0.005407	-0.001604	0.4577	7.3859
8.3400	0.005000	0.004936	0.004820	-0.021620	0.005380	-0.002665	0.4777	6.6896
8.3500	0.005000	0.004936	0.004790	-0.011751	0.005324	-0.005655	0.4510	7.7185
8.3600	0.005000	0.004936	0.004907	-0.017343	0.005289	-0.003510	0.4888	6.7524
8.3700	0.005000	0.004936	0.004781	-0.016081	0.005231	-0.005801	0.4621	7.3582
8.3800	0.005000	0.004936	0.004869	-0.015196	0.005207	-0.002401	0.4754	7.0833
8.3900	0.005000	0.004936	0.004825	-0.017101	0.005184	-0.002288	0.4732	7.0608
8.4000	0.005000	0.004985	0.004911	-0.012012	0.005186	0.000234	0.4688	7.7114
8.4100	0.005000	0.005034	0.004988	-0.019407	0.005195	0.000907	0.4954	7.2485
8.4200	0.005000	0.005034	0.004868	-0.028060	0.005234	0.003849	0.4910	6.9261
8.4300	0.005000	0.004985	0.004775	-0.025803	0.005258	0.002399	0.4710	6.9643
8.4400	0.005000	0.004936	0.004775	-0.016810	0.005259	0.000093	0.4577	7.2627
8.4500	0.005000	0.004888	0.004787	-0.016812	0.005262	0.000314	0.4710	6.6925
8.4600	0.005000	0.004888	0.004780	-0.006704	0.005211	-0.005127	0.4465	7.6737
8.4700	0.005000	0.004839	0.004807	-0.016075	0.005165	-0.004577	0.4843	6.1714
8.4800	0.005000	0.004839	0.004697	-0.001765	0.005082	-0.008307	0.4266	8.0005
8.4900	0.005000	0.004790	0.004828	-0.013967	0.005056	-0.002574	0.4910	5.8259
8.5000	0.005000	0.004790	0.004627	-0.001115	0.004981	-0.007537	0.4199	7.8617
8.5100	0.005000	0.004741	0.004798	-0.005260	0.004953	-0.002728	0.4732	6.1996
8.5200	0.005000	0.004741	0.004654	0.003216	0.004869	-0.008383	0.4266	7.5875
8.5300	0.005000	0.004741	0.004825	0.000997	0.004850	-0.001900	0.4665	6.6441
8.5400	0.005000	0.004741	0.004700	-0.000942	0.004790	-0.006056	0.4488	6.9232
8.5500	0.005000	0.004692	0.004678	0.001490	0.004771	-0.001861	0.4443	6.6575
8.5600	0.005000	0.004692	0.004716	0.011510	0.004709	-0.006271	0.4288	7.4415
8.5700	0.005000	0.004692	0.004793	0.006504	0.004698	-0.001047	0.4599	6.6401
8.5800	0.005000	0.004692	0.004697	0.004761	0.004666	-0.003222	0.4443	6.8604
8.5900	0.005000	0.004692	0.004737	0.010200	0.004630	-0.003636	0.4377	7.1694
8.6000	0.005000	0.004692	0.004767	0.007173	0.004612	-0.001752	0.4532	6.7406
8.6100	0.005000	0.004692	0.004719	0.007539	0.004613	0.000149	0.4421	6.9604
8.6200	0.005000	0.004692	0.004751	0.009147	0.004598	-0.001595	0.4443	6.9490
8.6300	0.005000	0.004741	0.004826	0.010519	0.004590	-0.000709	0.4488	7.2872
8.6400	0.005000	0.004741	0.004795	-0.000081	0.004619	0.002881	0.4688	6.3805
8.6500	0.005000	0.004741	0.004708	0.008532	0.004612	-0.000764	0.4266	7.5707
8.6600	0.005000	0.004741	0.004846	0.004027	0.004633	0.002108	0.4665	6.5709
8.6700	0.005000	0.004790	0.004796	0.006123	0.004649	0.001581	0.4443	7.4945
8.6800	0.005000	0.004790	0.004847	-0.003031	0.004690	0.004111	0.4754	6.3874
8.6900	0.005000	0.004839	0.004803	0.006710	0.004681	-0.000817	0.4332	8.0255
8.7000	0.005000	0.004839	0.004927	-0.006710	0.004746	0.006456	0.4910	6.2740
8.7100	0.005000	0.004839	0.004719	-0.004283	0.004768	0.002161	0.4421	7.3540
8.7200	0.005000	0.004839	0.004868	-0.000035	0.004801	0.003327	0.4599	7.0987
8.7300	0.005000	0.004839	0.004821	-0.005232	0.004816	0.001520	0.4665	6.7743
8.7400	0.005000	0.004888	0.004875	0.003347	0.004842	0.002603	0.4465	7.8814
8.7500	0.005000	0.004936	0.005007	-0.008845	0.004867	0.002439	0.4954	6.7538
8.7600	0.005000	0.004985	0.004884	-0.011737	0.004914	0.004754	0.4688	7.4791
8.7700	0.005000	0.004985	0.004929	-0.016110	0.004977	0.006247	0.4843	6.8645
8.7800	0.005000	0.004985	0.004858	-0.013646	0.005021	0.004442	0.4643	7.3641
8.7900	0.005000	0.004936	0.004847	-0.017057	0.005088	0.006744	0.4777	6.5495
8.8000	0.005000	0.004985	0.004898	-0.001560	0.005080	-0.000792	0.4421	8.3556
8.8100	0.005000	0.004985	0.005022	-0.023048	0.005131	0.005012	0.5199	5.9266
8.8200	0.005000	0.005034	0.004811	-0.010765	0.005117	-0.001360	0.4377	8.4850
8.8300	0.005000	0.005083	0.005139	-0.019374	0.005160	0.004343	0.5132	6.9448
8.8400	0.005000	0.005181	0.005012	-0.025102	0.005208	0.004719	0.4910	7.9072
8.8500	0.005000	0.005181	0.005031	-0.038616	0.005328	0.012071	0.5199	6.5716
8.8600	0.005000	0.005181	0.004885	-0.030079	0.005363	0.003447	0.4688	7.9073
8.8700	0.005000	0.005132	0.004980	-0.032198	0.005457	0.009410	0.4999	6.8120
8.8800	0.005000	0.005083	0.004823	-0.032437	0.005491	0.003401	0.4799	6.8721
8.8900	0.005000	0.005083	0.004915	-0.014274	0.005475	-0.001593	0.4532	8.1797
8.9000	0.005000	0.005083	0.005041	-0.030167	0.005463	-0.001194	0.5199	6.2814
8.9100	0.005000	0.005132	0.004885	-0.019679	0.005439	-0.002358	0.4554	8.4043
8.9200	0.005000	0.005132	0.005084	-0.033421	0.005449	0.000912	0.5243	6.4090
8.9300	0.005000	0.005181	0.004905	-0.027242	0.005443	-0.000534	0.4688	8.1770
8.9400	0.005000	0.005132	0.004996	-0.039627	0.005512	0.006911	0.5199	6.1664
8.9500	0.005000	0.005132	0.004817	-0.023412	0.005484	-0.002860	0.4465	8.3926
8.9600	0.005000	0.005132	0.005087	-0.030224	0.005528	0.004436	0.5154	6.7605
8.9700	0.005000	0.005181	0.004935	-0.030794	0.005517	-0.001060	0.4843	7.7773
8.9800	0.005000	0.005132	0.004942	-0.039114	0.005553	0.003592	0.5088	6.4285
8.9900	0.005000	0.005132	0.004855	-0.023181	0.005507	-0.004618	0.4532	8.2501
9.0000	0.005000	0.005083	0.004988	-0.035655	0.005551	0.004336	0.5176	6.0991
9.0100	0.005000	0.005083	0.004783	-0.022224	0.005508	-0.004304	0.4465	8.1629
9.0200	0.005000	0.005034	0.004962	-0.028600	0.005497	-0.001034	0.5043	6.3466
9.0300	0.005000	0.005083	0.004869	-0.016721	0.005429	-0.006869	0.4532	8.3388
9.0400	0.005000	0.005034	0.004966	-0.031830	0.005445	0.001673	0.5154	6.0497
9.0500	0.005000	0.005083	0.004835	-0.016459	0.005377	-0.006789	0.4443	8.5502
9.0600	0.005000	0.005083	0.005067	-0.031425	0.005412	0.003439	0.5243	6.2972
9.0700	0.005000	0.005083	0.004778	-0.028912	0.005394	-0.001808	0.4643	7.6126
9.0800	0.005000	0.005034	0.004899	-0.026731	0.005417	0.002300	0.4865	6.7620
9.0900	0.005000	0.005034	0.004848	-0.018853	0.005375	-0.004125	0.4621	7.6595
9.1000	0.005000	0.005034	0.004957	-0.020604	0.005393	0.001781	0.4888	7.0566
9.1100	0.005000	0.004985	0.004796	-0.026133	0.005358	-0.003539	0.4799	6.6331
9.1200	0.005000	0.004985	0.004838	-0.009247	0.005309	-0.004848	0.4443	8.0503
9.1300	0.005000	0.004985	0.004982	-0.020918	0.005293	-0.001686	0.5043	6.4333
9.1400	0.005000	0.005034	0.004857	-0.013957	0.005273	-0.001996	0.4554	8.1030
9.1500	0.005000	0.004985	0.004923	-0.028500	0.005280	0.000697	0.5088	5.9785
9.1600	0.005000	0.005034	0.004816	-0.010677	0.005236	-0.004352	0.4354	8.6295
9.1700	0.005000	0.004985	0.004980	-0.031165	0.005291	0.005511	0.5243	5.6122
9.1800	0.005000	0.005034	0.004755	-0.012533	0.005247	-0.004398	0.4266	8.8234
9.1900	0.005000	0.005034	0.005076	-0.026473	0.005287	0.004014	0.5221	6.3072
9.2000	0.005000	0.005083	0.004822	-0.026228	0.005273	-0.001377	0.4688	7.7796
9.2100	0.005000	0.005132	0.005055	-0.022695	0.005327	0.005305	0.4932	7.6466
9.2200	0.005000	0.005181	0.005029	-0.035875	0.005357	0.003003	0.5154	7.0235
9.2300	0.005000	0.005181	0.004913	-0.034922	0.005445	0.008834	0.4865	7.5161
9.2400	0.005000	0.005132	0.004914	-0.036169	0.005482	0.003700	0.4954	6.8654
9.2500	0.005000	0.005132	0.004901	-0.025585	0.005510	0.002775	0.4688	7.8975
9.2600	0.005000	0.005132	0.005015	-0.033574	0.005550	0.004031	0.5110	6.7509
9.2700	0.005000	0.005132	0.004867	-0.030290	0.005536	-0.001364	0.4754	7.6057
9.2800	0.005000	0.005132	0.004988	-0.027566	0.005531	-0.000535	0.4910	7.3827
9.2900	0.005000	0.005132	0.004943	-0.031957	0.005527	-0.000402	0.4954	7.1618
9.3000	0.005000	0.005132	0.004926	-0.029432	0.005541	0.001405	0.4843	7.4627
9.3100	0.005000	0.005181	0.005039	-0.027077	0.005532	-0.000896	0.4932	7.7732
9.3200	0.005000	0.005181	0.004995	-0.041676	0.005574	0.004203	0.5199	6.6189
9.3300	0.005000	0.005181	0.004876	-0.033440	0.005586	0.001202	0.4732	7.8347
9.3400	0.005000	0.005132	0.004951	-0.035189	0.005600	0.001389	0.4999	6.8593
9.3500	0.005000	0.005181	0.004967	-0.025040	0.005598	-0.000177	0.4732	8.2944
9.3600	0.005000	0.005132	0.004981	-0.047358	0.005643	0.004498	0.5354	5.7429
9.3700	0.005000	0.005132	0.004749	-0.025108	0.005582	-0.006132	0.4332	8.7745
9.3800	0.005000	0.005132	0.005111	-0.035912	0.005597	0.001494	0.5287	6.4815
9.3900	0.005000	0.005181	0.004864	-0.033744	0.005581	-0.001560	0.4754	8.0905
9.4000	0.005000	0.005132	0.004955	-0.043446	0.005618	0.003705	0.5176	6.3207
9.4100	0.005000	0.005132	0.004803	-0.029042	0.005558	-0.005996	0.4554	8.2147
9.4200	0.005000	0.005083	0.004960	-0.038436	0.005604	0.004521	0.5154	6.2425
9.4300	0.005000	0.005083	0.004772	-0.025547	0.005552	-0.005140	0.4510	8.1520
9.4400	0.005000	0.005034	0.004936	-0.033618	0.005550	-0.000199	0.5088	6.2613
9.4500	0.005000	0.005034	0.004757	-0.022736	0.005476	-0.007461	0.4510	7.9449
9.4600	0.005000	0.004985	0.004895	-0.026959	0.005463	-0.001209	0.4954	6.4675
9.4700	0.005000	0.005034	0.004848	-0.015148	0.005386	-0.007731	0.4532	8.2646
9.4800	0.005000	0.005034	0.004994	-0.030493	0.005401	0.001514	0.5176	6.3073
9.4900	0.005000	0.005034	0.004753	-0.025036	0.005357	-0.004471	0.4577	7.7309
9.5000	0.005000	0.005034	0.004952	-0.023885	0.005367	0.001034	0.4910	7.0356
9.5100	0.005000	0.005083	0.004923	-0.023930	0.005360	-0.000687	0.4821	7.6282
9.5200	0.005000	0.005083	0.004940	-0.029716	0.005404	0.004360	0.4976	7.0077
9.5300	0.005000	0.005132	0.004950	-0.026101	0.005397	-0.000630	0.4821	7.8304
9.5400	0.005000	0.005132	0.004980	-0.036058	0.005451	0.005377	0.5110	6.8009
9.5500	0.005000	0.005132	0.004862	-0.032226	0.005477	0.002571	0.4777	7.6075
9.5600	0.005000	0.005132	0.004971	-0.029330	0.005506	0.002903	0.4910	7.4564
9.5700	0.005000	0.005083	0.004857	-0.040195	0.005535	0.002908	0.5043	6.3932
9.5800	0.005000	0.005083	0.004817	-0.020737	0.005518	-0.001719	0.4465	8.3717
9.5900	0.005000	0.005034	0.004957	-0.035950	0.005515	-0.000314	0.5199	5.9770
9.6000	0.005000	0.005034	0.004721	-0.022407	0.005473	-0.004135	0.4421	8.1828
9.6100	0.005000	0.005034	0.004998	-0.023102	0.005450	-0.002370	0.4976	7.0354
9.6200	0.005000	0.005034	0.004825	-0.031184	0.005415	-0.003484	0.4888	6.9283
9.6300	0.005000	0.005034	0.004848	-0.022961	0.005413	-0.000176	0.4688	7.5548
9.6400	0.005000	0.005034	0.004916	-0.023687	0.005375	-0.003788	0.4865	7.1954
9.6500	0.005000	0.005083	0.004946	-0.024168	0.005395	0.002034	0.4865	7.5640
9.6600	0.005000	0.005083	0.004923	-0.030937	0.005411	0.001526	0.4976	7.0127
9.6700	0.005000	0.005132	0.004948	-0.025625	0.005412	0.000169	0.4799	7.9447
9.6800	0.005000	0.005083	0.004908	-0.039663	0.005462	0.005002	0.5132	6.2970
9.6900	0.005000	0.005083	0.004791	-0.026250	0.005466	0.000339	0.4554	8.0190
9.7000	0.005000	0.005083	0.004996	-0.027708	0.005483	0.001717	0.4999	7.0949
9.7100	0.005000	0.005083	0.004859	-0.033542	0.005488	0.000556	0.4910	7.0785
9.7200	0.005000	0.005083	0.004882	-0.027582	0.005490	0.000173	0.4777	7.5166
9.7300	0.005000	0.005034	0.004849	-0.031774	0.005467	-0.002307	0.4910	6.7218
9.7400	0.005000	0.005034	0.004827	-0.021720	0.005457	-0.000999	0.4621	7.7551
9.7500	0.005000	0.005034	0.004941	-0.024648	0.005442	-0.001481	0.4932	7.0481
9.7600	0.005000	0.005083	0.004922	-0.024206	0.005421	-0.002085	0.4821	7.6955
9.7700	0.005000	0.005083	0.004938	-0.033037	0.005435	0.001361	0.5043	6.8233
9.7800	0.005000	0.005132	0.004918	-0.026391	0.005428	-0.000686	0.4754	8.0341
9.7900	0.005000	0.005132	0.004996	-0.039291	0.005486	0.005823	0.5199	6.5796
9.8000	0.005000	0.005132	0.004820	-0.033293	0.005506	0.001930	0.4710	7.8011
9.8100	0.005000	0.005132	0.004986	-0.030713	0.005535	0.002910	0.4954	7.4116
9.8200	0.005000	0.005132	0.004912	-0.038033	0.005554	0.001939	0.5021	7.0374
9.8300	0.005000	0.005132	0.004883	-0.033233	0.005576	0.002185	0.4821	7.5850
9.8400	0.005000	0.005132	0.004949	-0.033244	0.005566	-0.001042	0.4954	7.3348
9.8500	0.005000	0.005132	0.004909	-0.035979	0.005585	0.001899	0.4954	7.2465
9.8600	0.005000	0.005083	0.004828	-0.038174	0.005594	0.000937	0.4910	6.8325
9.8700	0.005000	0.005083	0.004855	-0.025962	0.005562	-0.003197	0.4665	7.8475
9.8800	0.005000	0.005034	0.004882	-0.035198	0.005562	0.000040	0.5043	6.3819
9.8900	0.005000	0.005034	0.004773	-0.021882	0.005514	-0.004845	0.4510	8.0641
9.9000	0.005000	0.005034	0.004972	-0.026798	0.005485	-0.002903	0.5021	6.8729
9.9100	0.005000	0.005034	0.004804	-0.029831	0.005451	-0.003396	0.4799	7.2284
9.9200	0.005000	0.005034	0.004874	-0.024659	0.005438	-0.001328	0.4777	7.4112
9.9300	0.005000	0.004985	0.004805	-0.029617	0.005408	-0.002946	0.4865	6.6803
9.9400	0.005000	0.004985	0.004797	-0.017867	0.005391	-0.001722	0.4554	7.8168
9.9500	0.005000	0.004936	0.004841	-0.025810	0.005368	-0.002266	0.4932	6.3913
9.9600	0.005000	0.004888	0.004657	-0.019096	0.005317	-0.005112	0.4488	7.2246
9.9700	0.005000	0.004888	0.004835	-0.008068	0.005257	-0.006028	0.4577	7.5164
9.9800	0.005000	0.004839	0.004760	-0.020756	0.005212	-0.004521	0.4865	6.0979
9.9900	0.005000	0.004888	0.004756	-0.000238	0.005144	-0.006803	0.4243	8.6049
10.0000	0.005000	0.004888	0.004964	-0.021414	0.005120	-0.002421	0.5176	5.9023
10.0100	0.005000	0.004936	0.004706	-0.013543	0.005092	-0.002791	0.4399	8.1858
10.0200	0.005000	0.004888	0.004861	-0.023019	0.005115	0.002294	0.4976	6.1404
10.0300	0.005000	0.004936	0.004751	-0.010389	0.005081	-0.003398	0.4399	8.2692
10.0400	0.005000	0.004888	0.004865	-0.028106	0.005150	0.006958	0.5110	5.6613
10.0500	0.005000	0.004888	0.004620	-0.010782	0.005095	-0.005507	0.4199	8.2731
10.0600	0.005000	0.004888	0.004940	-0.014695	0.005112	0.001720	0.4932	6.6229
10.0700	0.005000	0.004936	0.004787	-0.016829	0.005091	-0.002122	0.4665	7.4847
10.0800	0.005000	0.004936	0.004858	-0.021271	0.005126	0.003527	0.4865	6.7314
10.0900	0.005000	0.004985	0.004849	-0.011855	0.005092	-0.003448	0.4554	8.1255
10.1000	0.005000	0.005034	0.005027	-0.026166	0.005171	0.007895	0.5154	6.6865
10.1100	0.005000	0.005034	0.004777	-0.031583	0.005215	0.004458	0.4799	7.0943
10.1200	0.005000	0.005083	0.004951	-0.017180	0.005249	0.003344	0.4665	8.2380
10.1300	0.005000	0.005083	0.004991	-0.039853	0.005323	0.007383	0.5310	6.0625
10.1400	0.005000	0.005132	0.004818	-0.024307	0.005371	0.004806	0.4488	8.7160
10.1500	0.005000	0.005132	0.005077	-0.042160	0.005431	0.006042	0.5376	6.1982
10.1600	0.005000	0.005181	0.004821	-0.034762	0.005462	0.003069	0.4665	8.3369
10.1700	0.005000	0.005083	0.004892	-0.049204	0.005548	0.008639	0.5243	5.7161
10.1800	0.005000	0.005083	0.004705	-0.023276	0.005498	-0.004977	0.4266	8.8924
10.1900	0.005000	0.005083	0.005077	-0.039006	0.005556	0.005773	0.5354	6.1488
10.2000	0.005000	0.005083	0.004697	-0.036009	0.005517	-0.003957	0.4621	7.7920
10.2100	0.005000	0.005034	0.004877	-0.031510	0.005511	-0.000530	0.4888	6.9227
10.2200	0.005000	0.005034	0.004814	-0.029454	0.005456	-0.005516	0.4777	7.2950
10.2300	0.005000	0.005034	0.004872	-0.025710	0.005473	0.001713	0.4799	7.3532
10.2400	0.005000	0.005034	0.004874	-0.027446	0.005433	-0.004078	0.4865	7.1586
10.2500	0.005000	0.005034	0.004856	-0.026286	0.005421	-0.001109	0.4799	7.3244
10.2600	0.005000	0.005034	0.004879	-0.026325	0.005408	-0.001319	0.4843	7.2242
10.2700	0.005000	0.005034	0.004864	-0.027332	0.005406	-0.000258	0.4843	7.1778
10.2800	0.005000	0.005034	0.004863	-0.026740	0.005406	0.000050	0.4821	7.2252
10.2900	0.005000	0.005034	0.004870	-0.025083	0.005399	-0.000694	0.4799	7.3398
10.3000	0.005000	0.005034	0.004882	-0.026720	0.005401	0.000211	0.4865	7.1483
10.3100	0.005000	0.005034	0.004858	-0.024900	0.005396	-0.000573	0.4777	7.4105
10.3200	0.005000	0.004985	0.004813	-0.031214	0.005399	0.000302	0.4910	6.4925
10.3300	0.005000	0.004936	0.004699	-0.019134	0.005362	-0.003674	0.4465	7.5408
10.3400	0.005000	0.004936	0.004888	-0.015795	0.005332	-0.002999	0.4777	7.1151
10.3500	0.005000	0.004936	0.004808	-0.020476	0.005300	-0.003224	0.4777	6.9738
10.3600	0.005000	0.004936	0.004809	-0.011004	0.005249	-0.005099	0.4532	7.8579
10.3700	0.005000	0.004888	0.004825	-0.026731	0.005223	-0.002606	0.5021	5.8808
10.3800	0.005000	0.004839	0.004580	-0.012364	0.005179	-0.004392	0.4243	7.6946
10.3900	0.005000	0.004790	0.004792	-0.008312	0.005134	-0.004513	0.4665	6.6525
10.4000	0.005000	0.004741	0.004627	-0.009711	0.005070	-0.006309	0.4510	6.6192
10.4100	0.005000	0.004741	0.004712	0.007610	0.004991	-0.007901	0.4243	7.8816
10.4200	0.005000	0.004692	0.004756	-0.009375	0.004915	-0.007632	0.4865	5.6055
10.4300	0.005000	0.004692	0.004560	0.004133	0.004843	-0.007186	0.4110	7.6982
10.4400	0.005000	0.004692	0.004813	0.006836	0.004780	-0.006365	0.4577	6.8324
10.4500	0.005000	0.004741	0.004766	0.002620	0.004737	-0.004286	0.4554	7.1294
10.4600	0.005000	0.004790	0.004830	0.001659	0.004744	0.000685	0.4599	7.2689
10.4700	0.005000	0.004839	0.004860	-0.005816	0.004737	-0.000705	0.4754	6.9530
10.4800	0.005000	0.004839	0.004768	-0.009718	0.004790	0.005321	0.4643	6.9214
10.4900	0.005000	0.004888	0.004862	-0.001585	0.004825	0.003504	0.4532	7.8227
10.5000	0.005000	0.004888	0.004887	-0.017403	0.004897	0.007259	0.4976	6.2684
10.5100	0.005000	0.004888	0.004714	-0.010906	0.004935	0.003738	0.4443	7.5729
10.5200	0.005000	0.004839	0.004804	-0.013448	0.004963	0.002803	0.4754	6.4154
10.5300	0.005000	0.004839	0.004725	-0.002635	0.004952	-0.001066	0.4354	7.7628
10.5400	0.005000	0.004839	0.004881	-0.009720	0.004978	0.002613	0.4843	6.4871
10.5500	0.005000	0.004839	0.004716	-0.007916	0.004944	-0.003403	0.4488	7.2885
10.5600	0.005000	0.004790	0.004755	-0.006696	0.004936	-0.000846	0.4599	6.6801
10.5700	0.005000	0.004741	0.004666	-0.002642	0.004893	-0.004291	0.4421	6.8887
10.5800	0.005000	0.004741	0.004760	0.005423	0.004868	-0.002487	0.4421	7.2466
10.5900	0.005000	0.004790	0.004862	0.004750	0.004823	-0.004546	0.4599	7.2805
10.6000	0.005000	0.004839	0.004872	-0.003115	0.004815	-0.000728	0.4732	7.0243
10.6100	0.005000	0.004839	0.004787	-0.009464	0.004820	0.000429	0.4688	6.7457
10.6200	0.005000	0.004839	0.004775	-0.002508	0.004828	0.000809	0.4465	7.4324
10.6300	0.005000	0.004839	0.004852	-0.005624	0.004865	0.003775	0.4710	6.8237
10.6400	0.005000	0.004888	0.004853	-0.002206	0.004889	0.002344	0.4554	7.6733
10.6500	0.005000	0.004936	0.004965	-0.010399	0.004924	0.003464	0.4888	6.9946
10.6600	0.005000	0.004985	0.004894	-0.016248	0.004962	0.003817	0.4799	7.2357
10.6700	0.005000	0.004985	0.004878	-0.019043	0.005027	0.006519	0.4799	7.0033
10.6800	0.005000	0.004985	0.004859	-0.016255	0.005073	0.004645	0.4688	7.3253
10.6900	0.005000	0.004985	0.004898	-0.015602	0.005130	0.005678	0.4754	7.2339
10.7000	0.005000	0.004985	0.004882	-0.018593	0.005163	0.003283	0.4799	7.0355
10.7100	0.005000	0.004985	0.004862	-0.017913	0.005180	0.001731	0.4732	7.1702
10.7200	0.005000	0.005034	0.004959	-0.012267	0.005183	0.000323	0.4710	7.8323
10.7300	0.005000	0.005034	0.004957	-0.028831	0.005232	0.004874	0.5110	6.3341
10.7400	0.005000	0.005083	0.004870	-0.015779	0.005242	0.000974	0.4510	8.4378
10.7500	0.005000	0.005083	0.005053	-0.033191	0.005300	0.005849	0.5265	6.1959
10.7600	0.005000	0.005132	0.004848	-0.023227	0.005325	0.002437	0.4554	8.4497
10.7700	0.005000	0.005181	0.005149	-0.033504	0.005404	0.007921	0.5265	6.9263
10.7800	0.005000	0.005181	0.004865	-0.041591	0.005446	0.004235	0.4954	7.1984
10.7900	0.005000	0.005132	0.004876	-0.034776	0.005512	0.006588	0.4821	7.2335
10.8000	0.005000	0.005034	0.004781	-0.033689	0.005510	-0.000177	0.4799	6.6302
10.8100	0.005000	0.004985	0.004771	-0.017070	0.005499	-0.001108	0.4465	7.7071
10.8200	0.005000	0.004985	0.004943	-0.017708	0.005447	-0.005218	0.4865	6.9831
10.8300	0.005000	0.004985	0.004833	-0.020686	0.005386	-0.006107	0.4754	7.1172
10.8400	0.005000	0.004985	0.004870	-0.015965	0.005326	-0.006043	0.4688	7.3977
10.8500	0.005000	0.004985	0.004895	-0.019723	0.005285	-0.004045	0.4843	6.9449
10.8600	0.005000	0.005034	0.004920	-0.013602	0.005277	-0.000840	0.4665	7.9392
10.8700	0.005000	0.005034	0.004966	-0.028626	0.005297	0.002051	0.5110	6.4000
10.8800	0.005000	0.005034	0.004789	-0.020980	0.005291	-0.000655	0.4554	7.8151
10.8900	0.005000	0.004985	0.004894	-0.024410	0.005310	0.001946	0.4910	6.5572
10.9000	0.005000	0.005034	0.004874	-0.011606	0.005288	-0.002197	0.4510	8.3739
10.9100	0.005000	0.005034	0.005014	-0.031213	0.005335	0.004690	0.5243	6.0895
10.9200	0.005000	0.005034	0.004734	-0.022999	0.005302	-0.003307	0.4488	7.9459
10.9300	0.005000	0.004985	0.004906	-0.024202	0.005316	0.001419	0.4910	6.6093
10.9400	0.005000	0.004985	0.004791	-0.018833	0.005293	-0.002348	0.4599	7.5399
10.9500	0.005000	0.004985	0.004914	-0.017255	0.005307	0.001408	0.4799	7.1692
10.9600	0.005000	0.004985	0.004856	-0.020905	0.005269	-0.003819	0.4799	7.0383
10.9700	0.005000	0.004985	0.004854	-0.017155	0.005262	-0.000671	0.4688	7.3737
10.9800	0.005000	0.004936	0.004814	-0.022380	0.005247	-0.001478	0.4821	6.5015
10.9900	0.005000	0.004936	0.004786	-0.009449	0.005219	-0.002815	0.4443	7.8291
11.0000	0.005000	0.004936	0.004932	-0.014866	0.005208	-0.001136	0.4888	6.7484
11.0100	0.005000	0.004985	0.004869	-0.012562	0.005182	-0.002558	0.4643	7.7405
11.0200	0.005000	0.005034	0.005008	-0.018216	0.005192	0.001006	0.4954	7.1925
11.0300	0.005000	0.005083	0.004946	-0.023593	0.005207	0.001486	0.4888	7.4459
11.0400	0.005000	0.005132	0.005008	-0.026209	0.005274	0.006721	0.4954	7.4882
11.0500	0.005000	0.005181	0.005023	-0.031301	0.005339	0.006503	0.5021	7.4803
11.0600	0.005000	0.005181	0.004963	-0.039045	0.005434	0.009508	0.5065	7.0018
11.0700	0.005000	0.005132	0.004843	-0.036403	0.005491	0.005669	0.4821	7.1795
11.0800	0.005000	0.005083	0.004863	-0.029782	0.005521	0.003033	0.4777	7.1929
11.0900	0.005000	0.005083	0.004917	-0.024017	0.005525	0.000325	0.4777	7.5208
11.1000	0.005000	0.005132	0.005021	-0.024423	0.005517	-0.000731	0.4932	7.6230
11.1100	0.005000	0.005132	0.004955	-0.038283	0.005519	0.000183	0.5132	6.6195
11.1200	0.005000	0.005132	0.004856	-0.027584	0.005501	-0.001813	0.4643	7.9987
11.1300	0.005000	0.005132	0.005022	-0.034823	0.005526	0.002540	0.5132	6.7405
11.1400	0.005000	0.005181	0.004928	-0.028731	0.005543	0.001661	0.4754	8.1713
11.1500	0.005000	0.005181	0.005045	-0.041028	0.005590	0.004658	0.5243	6.6443
11.1600	0.005000	0.005181	0.004852	-0.037874	0.005588	-0.000162	0.4799	7.6606
11.1700	0.005000	0.005132	0.004921	-0.036587	0.005621	0.003291	0.4954	6.9791
11.1800	0.005000	0.005132	0.004893	-0.032165	0.005612	-0.000944	0.4821	7.5006
11.1900	0.005000	0.005132	0.004954	-0.029514	0.005619	0.000754	0.4888	7.4962
11.2000	0.005000	0.005132	0.004944	-0.036535	0.005603	-0.001628	0.5043	6.9206
11.2100	0.005000	0.005083	0.004801	-0.034242	0.005588	-0.001465	0.4777	7.1390
11.2200	0.005000	0.005083	0.004910	-0.022862	0.005550	-0.003780	0.4710	7.7733
11.2300	0.005000	0.005083	0.004959	-0.031199	0.005546	-0.000397	0.5043	6.8412
11.2400	0.005000	0.005083	0.004846	-0.026658	0.005524	-0.002248	0.4710	7.7099
11.2500	0.005000	0.005034	0.004881	-0.032411	0.005500	-0.002417	0.4976	6.5461
11.2600	0.005000	0.005034	0.004802	-0.021836	0.005460	-0.004007	0.4577	7.8367
11.2700	0.005000	0.004985	0.004877	-0.027898	0.005456	-0.000324	0.4954	6.4596
11.2800	0.005000	0.004985	0.004771	-0.018398	0.005398	-0.005849	0.4532	7.7628
11.2900	0.005000	0.004985	0.004930	-0.020090	0.005374	-0.002437	0.4888	6.9784
11.3000	0.005000	0.004985	0.004818	-0.022474	0.005331	-0.004265	0.4754	7.1802
11.3100	0.005000	0.004985	0.004861	-0.020037	0.005318	-0.001249	0.4754	7.2218
11.3200	0.005000	0.004985	0.004860	-0.021436	0.005292	-0.002643	0.4799	7.0765
11.3300	0.005000	0.005034	0.004925	-0.016675	0.005294	0.000212	0.4732	7.7785
11.3400	0.005000	0.005034	0.004933	-0.027722	0.005310	0.001621	0.5021	6.7335
11.3500	0.005000	0.005083	0.004896	-0.022068	0.005318	0.000728	0.4710	7.9441
11.3600	0.005000	0.005034	0.004897	-0.036105	0.005362	0.004446	0.5110	6.1344
11.3700	0.005000	0.005034	0.004756	-0.019759	0.005354	-0.000809	0.4421	8.2401
11.3800	0.005000	0.005034	0.005004	-0.026105	0.005384	0.003049	0.5065	6.7260
11.3900	0.005000	0.005034	0.004791	-0.030521	0.005383	-0.000150	0.4799	7.1053
11.4000	0.005000	0.005034	0.004875	-0.018891	0.005375	-0.000844	0.4643	7.8183
11.4100	0.005000	0.004985	0.004863	-0.034156	0.005366	-0.000877	0.5088	5.9648
11.4200	0.005000	0.005034	0.004795	-0.009076	0.005340	-0.002608	0.4243	9.1587
11.4300	0.005000	0.004985	0.005008	-0.042337	0.005369	0.002919	0.5510	4.9648
11.4400	0.005000	0.005034	0.004626	-0.020817	0.005320	-0.004879	0.4154	9.0388
11.4500	0.005000	0.004936	0.004914	-0.036202	0.005347	0.002678	0.5221	5.4374
11.4600	0.005000	0.004985	0.004666	-0.015828	0.005272	-0.007497	0.4221	8.8248
11.4700	0.005000	0.004985	0.005019	-0.029551	0.005323	0.005102	0.5221	6.1829
11.4800	0.005000	0.004985	0.004670	-0.028328	0.005259	-0.006411	0.4577	7.5344
11.4900	0.005000	0.004985	0.004891	-0.019631	0.005276	0.001773	0.4754	7.3661
11.5000	0.005000	0.004985	0.004845	-0.027327	0.005256	-0.002083	0.4910	6.7577
11.5100	0.005000	0.004985	0.004796	-0.018308	0.005279	0.002338	0.4577	7.7353
11.5200	0.005000	0.005034	0.004994	-0.019950	0.005265	-0.001415	0.4932	7.3341
11.5300	0.005000	0.005034	0.004859	-0.028847	0.005291	0.002595	0.4910	6.9987
11.5400	0.005000	0.005034	0.004851	-0.025039	0.005310	0.001946	0.4754	7.3783
11.5500	0.005000	0.005034	0.004894	-0.024883	0.005318	0.000728	0.4843	7.1986
11.5600	0.005000	0.005083	0.004948	-0.023408	0.005352	0.003471	0.4843	7.6402
11.5700	0.005000	0.005083	0.004930	-0.033306	0.005391	0.003822	0.5043	6.7888
11.5800	0.005000	0.005132	0.004920	-0.023430	0.005395	0.000429	0.4688	8.2736
11.5900	0.005000	0.005132	0.005025	-0.041789	0.005459	0.006415	0.5310	6.2668
11.6000	0.005000	0.005181	0.004857	-0.028332	0.005478	0.001887	0.4577	8.6897
11.6100	0.005000	0.005132	0.005014	-0.050970	0.005558	0.007996	0.5443	5.6278
11.6200	0.005000	0.005181	0.004771	-0.027158	0.005540	-0.001803	0.4332	9.3298
11.6300	0.005000	0.005083	0.004999	-0.055648	0.005621	0.008154	0.5554	4.9986
11.6400	0.005000	0.005083	0.004577	-0.032203	0.005561	-0.006072	0.4199	8.8237
11.6500	0.005000	0.005034	0.004986	-0.036121	0.005578	0.001784	0.5154	6.3215
11.6600	0.005000	0.005034	0.004702	-0.031227	0.005499	-0.007925	0.4599	7.7534
11.6700	0.005000	0.004985	0.004843	-0.030061	0.005501	0.000150	0.4888	6.7041
11.6800	0.005000	0.004936	0.004692	-0.025987	0.005399	-0.010125	0.4621	7.0612
11.6900	0.005000	0.004936	0.004823	-0.012355	0.005362	-0.003694	0.4554	7.7439
11.7000	0.005000	0.004936	0.004881	-0.022410	0.005313	-0.004964	0.4954	6.5781
11.7100	0.005000	0.004985	0.004824	-0.014024	0.005271	-0.004210	0.4554	8.0850
11.7200	0.005000	0.004985	0.004942	-0.029402	0.005266	-0.000477	0.5132	6.2313
11.7300	0.005000	0.005034	0.004796	-0.017876	0.005248	-0.001820	0.4488	8.3787
11.7400	0.005000	0.004985	0.004920	-0.035395	0.005305	0.005704	0.5199	5.7988
11.7500	0.005000	0.005034	0.004749	-0.015677	0.005277	-0.002791	0.4310	8.8608
11.7600	0.005000	0.005034	0.005049	-0.037238	0.005346	0.006925	0.5376	5.8357
11.7700	0.005000	0.005034	0.004653	-0.029742	0.005325	-0.002118	0.4465	8.0044
11.7800	0.005000	0.004985	0.004887	-0.028723	0.005358	0.003286	0.4932	6.6068
11.7900	0.005000	0.004985	0.004757	-0.021572	0.005314	-0.004360	0.4577	7.7164
11.8000	0.005000	0.004936	0.004828	-0.025794	0.005345	0.003067	0.4888	6.4906
11.8100	0.005000	0.004936	0.004743	-0.017250	0.005275	-0.006962	0.4532	7.5846
11.8200	0.005000	0.004888	0.004802	-0.019928	0.005260	-0.001565	0.4799	6.5293
11.8300	0.005000	0.004888	0.004740	-0.010483	0.005197	-0.006293	0.4465	7.6463
11.8400	0.005000	0.004839	0.004793	-0.017166	0.005176	-0.002038	0.4821	6.2666
11.8500	0.005000	0.004888	0.004773	-0.000884	0.005098	-0.007866	0.4310	8.4259
11.8600	0.005000	0.004888	0.004948	-0.021592	0.005107	0.000925	0.5154	5.8821
11.8700	0.005000	0.004936	0.004714	-0.011184	0.005065	-0.004181	0.4354	8.3109
11.8800	0.005000	0.004936	0.004958	-0.021058	0.005097	0.003202	0.5043	6.4320
11.8900	0.005000	0.004936	0.004713	-0.021156	0.005097	-0.000036	0.4599	7.3327
11.9000	0.005000	0.004936	0.004859	-0.013368	0.005136	0.003873	0.4665	7.4194
11.9100	0.005000	0.004936	0.004849	-0.021828	0.005135	-0.000020	0.4888	6.6520
11.9200	0.005000	0.004985	0.004849	-0.012030	0.005157	0.002178	0.4554	8.0640
11.9300	0.005000	0.004985	0.004947	-0.027318	0.005181	0.002365	0.5110	6.2887
11.9400	0.005000	0.004985	0.004735	-0.020992	0.005191	0.001043	0.4532	7.6937
11.9500	0.005000	0.004936	0.004847	-0.022250	0.005218	0.002732	0.4843	6.5848
11.9600	0.005000	0.004985	0.004846	-0.011424	0.005200	-0.001851	0.4532	8.1232
11.9700	0.005000	0.004985	0.004955	-0.026589	0.005247	0.004705	0.5110	6.3196
11.9800	0.005000	0.005034	0.004816	-0.017495	0.005219	-0.002808	0.4532	8.2372
11.9900	0.005000	0.005034	0.004990	-0.030503	0.005266	0.004719	0.5154	6.3950
12.0000	0.005000	0.005083	0.004834	-0.022659	0.005275	0.000858	0.4599	8.2346
12.0100	0.005000	0.005034	0.004928	-0.037442	0.005352	0.007712	0.5176	6.0143
12.0200	0.005000	0.005083	0.004802	-0.019413	0.005334	-0.001772	0.4421	8.7168
12.0300	0.005000	0.005083	0.005058	-0.036426	0.005406	0.007202	0.5310	6.2392
12.0400	0.005000	0.005132	0.004812	-0.031283	0.005407	0.000039	0.4665	8.1375
12.0500	0.005000	0.005132	0.005011	-0.036815	0.005465	0.005879	0.5132	6.8506
12.0600	0.005000	0.005181	0.004915	-0.033131	0.005470	0.000509	0.4821	8.0340
12.0700	0.005000	0.005181	0.005009	-0.042767	0.005560	0.008913	0.5199	6.8061
12.0800	0.005000	0.005181	0.004856	-0.039009	0.005573	0.001322	0.4821	7.7084
12.0900	0.005000	0.005083	0.004829	-0.044129	0.005622	0.004892	0.5021	6.2919
12.1000	0.005000	0.005083	0.004794	-0.023417	0.005585	-0.003643	0.4465	8.3585
12.1100	0.005000	0.005034	0.004944	-0.036663	0.005597	0.001167	0.5176	6.0837
12.1200	0.005000	0.005034	0.004722	-0.024324	0.005525	-0.007168	0.4465	8.1030
12.1300	0.005000	0.005034	0.004979	-0.026112	0.005491	-0.003426	0.4999	6.9423
12.1400	0.005000	0.005083	0.004885	-0.027279	0.005443	-0.004763	0.4821	7.6826
12.1500	0.005000	0.005083	0.004929	-0.033563	0.005469	0.002521	0.5021	6.9166
12.1600	0.005000	0.005083	0.004840	-0.030651	0.005444	-0.002497	0.4777	7.5061
12.1700	0.005000	0.005083	0.004923	-0.029937	0.005474	0.003002	0.4910	7.2438
12.1800	0.005000	0.005083	0.004880	-0.031683	0.005484	0.001033	0.4888	7.2360
12.1900	0.005000	0.005083	0.004888	-0.029625	0.005494	0.001019	0.4843	7.3894
12.2000	0.005000	0.005034	0.004826	-0.034055	0.005490	-0.000455	0.4910	6.6966
12.2100	0.005000	0.004985	0.004741	-0.023205	0.005462	-0.002779	0.4554	7.5175
12.2200	0.005000	0.004985	0.004900	-0.020535	0.005431	-0.003059	0.4821	7.1585
12.2300	0.005000	0.004936	0.004753	-0.027721	0.005401	-0.003025	0.4821	6.5170
12.2400	0.005000	0.004936	0.004769	-0.010136	0.005330	-0.007144	0.4399	8.1020
12.2500	0.005000	0.004888	0.004857	-0.024275	0.005288	-0.004139	0.5021	5.9646
12.2600	0.005000	0.004888	0.004663	-0.010080	0.005228	-0.006029	0.4288	8.1058
12.2700	0.005000	0.004839	0.004843	-0.017785	0.005192	-0.003547	0.4910	6.1506
12.2800	0.005000	0.004888	0.004736	-0.006546	0.005117	-0.007535	0.4377	8.1477
12.2900	0.005000	0.004888	0.004913	-0.018302	0.005126	0.000930	0.4999	6.3481
12.3000	0.005000	0.004888	0.004689	-0.015758	0.005077	-0.004909	0.4510	7.4340
12.3100	0.005000	0.004839	0.004771	-0.015235	0.005087	0.000950	0.4710	6.5778
12.3200	0.005000	0.004839	0.004727	-0.006583	0.005043	-0.004406	0.4443	7.5333
12.3300	0.005000	0.004839	0.004840	-0.010693	0.005053	0.001083	0.4777	6.6789
12.3400	0.005000	0.004839	0.004731	-0.008914	0.005010	-0.004307	0.4532	7.2483
12.3500	0.005000	0.004839	0.004814	-0.007178	0.004993	-0.001768	0.4643	7.0556
12.3600	0.005000	0.004839	0.004782	-0.008080	0.004970	-0.002301	0.4621	7.0870
12.3700	0.005000	0.004839	0.004792	-0.007561	0.004972	0.000224	0.4621	7.0893
12.3800	0.005000	0.004839	0.004791	-0.006529	0.004954	-0.001782	0.4599	7.1826
12.3900	0.005000	0.004790	0.004724	-0.013471	0.004960	0.000614	0.4710	6.2659
12.4000	0.005000	0.004790	0.004695	0.003398	0.004919	-0.004171	0.4221	7.9868
12.4100	0.005000	0.004790	0.004881	-0.006617	0.004914	-0.000447	0.4865	6.3241
12.4200	0.005000	0.004839	0.004747	-0.002061	0.004889	-0.002529	0.4421	7.8117
12.4300	0.005000	0.004839	0.004873	-0.009051	0.004894	0.000541	0.4821	6.6297
12.4400	0.005000	0.004888	0.004806	-0.005634	0.004879	-0.001544	0.4532	7.7402
12.4500	0.005000	0.004888	0.004880	-0.016031	0.004943	0.006398	0.4910	6.4618
12.4600	0.005000	0.004888	0.004732	-0.010155	0.004947	0.000411	0.4465	7.5890
12.4700	0.005000	0.004839	0.004801	-0.015473	0.004991	0.004452	0.4799	6.2675
12.4800	0.005000	0.004888	0.004785	0.002227	0.004964	-0.002755	0.4266	8.5516
12.4900	0.005000	0.004839	0.004893	-0.025350	0.005019	0.005490	0.5221	5.1253
12.5000	0.005000	0.004888	0.004631	-0.004259	0.004967	-0.005145	0.4066	8.7516
12.5100	0.005000	0.004839	0.004921	-0.014961	0.004987	0.001991	0.4999	6.0142
12.5200	0.005000	0.004936	0.004796	-0.005998	0.004961	-0.002650	0.4421	8.3912
12.5300	0.005000	0.004936	0.004961	-0.025577	0.005041	0.008006	0.5176	5.9044
12.5400	0.005000	0.004985	0.004744	-0.012647	0.005006	-0.003502	0.4354	8.4658
12.5500	0.005000	0.004985	0.005003	-0.027107	0.005101	0.009561	0.5176	6.1335
12.5600	0.005000	0.005034	0.004782	-0.019314	0.005119	0.001808	0.4510	8.1889
12.5700	0.005000	0.005034	0.004993	-0.027752	0.005206	0.008669	0.5088	6.5644
12.5800	0.005000	0.005083	0.004860	-0.023768	0.005218	0.001139	0.4688	7.9154
12.5900	0.005000	0.005083	0.004979	-0.028000	0.005297	0.007923	0.4999	7.0269
12.6000	0.005000	0.005083	0.004865	-0.032154	0.005324	0.002773	0.4888	7.0673
12.6100	0.005000	0.005083	0.004892	-0.025498	0.005372	0.004761	0.4754	7.5356
12.6200	0.005000	0.005034	0.004864	-0.030100	0.005388	0.001621	0.4910	6.6778
12.6300	0.005000	0.005083	0.004913	-0.016624	0.005391	0.000241	0.4599	8.2822
12.6400	0.005000	0.005034	0.004941	-0.038812	0.005422	0.003106	0.5265	5.6586
12.6500	0.005000	0.005083	0.004781	-0.014294	0.005374	-0.004739	0.4243	9.1842
12.6600	0.005000	0.005034	0.005043	-0.041588	0.005417	0.004245	0.5465	5.2960
12.6700	0.005000	0.005034	0.004613	-0.025133	0.005376	-0.004128	0.4243	8.5492
12.6800	0.005000	0.004985	0.004958	-0.030153	0.005398	0.002266	0.5088	6.1886
12.6900	0.005000	0.004985	0.004700	-0.023386	0.005332	-0.006588	0.4510	7.7214
12.7000	0.005000	0.004985	0.004922	-0.019051	0.005346	0.001397	0.4821	7.1666
12.7100	0.005000	0.004985	0.004833	-0.025050	0.005289	-0.005777	0.4843	6.8915
12.7200	0.005000	0.004985	0.004826	-0.017380	0.005287	-0.000189	0.4621	7.5759
12.7300	0.005000	0.005034	0.004985	-0.019246	0.005266	-0.002092	0.4910	7.2947
12.7400	0.005000	0.005034	0.004871	-0.027761	0.005294	0.002818	0.4910	6.9060
12.7500	0.005000	0.005034	0.004854	-0.021559	0.005300	0.000651	0.4688	7.5389
12.7600	0.005000	0.005034	0.004927	-0.022553	0.005308	0.000732	0.4865	7.1593
12.7700	0.005000	0.005083	0.004951	-0.022473	0.005338	0.002987	0.4843	7.6010
12.7800	0.005000	0.005083	0.004937	-0.030475	0.005370	0.003215	0.4999	6.9096
12.7900	0.005000	0.005083	0.004866	-0.026935	0.005377	0.000705	0.4754	7.5204
12.8000	0.005000	0.005083	0.004944	-0.027307	0.005406	0.002966	0.4910	7.1860
12.8100	0.005000	0.005083	0.004893	-0.028968	0.005429	0.002225	0.4865	7.2261
12.8200	0.005000	0.005083	0.004907	-0.027478	0.005445	0.001668	0.4843	7.3075
12.8300	0.005000	0.005083	0.004914	-0.027573	0.005443	-0.000211	0.4865	7.2701
12.8400	0.005000	0.005034	0.004831	-0.031075	0.005454	0.001060	0.4865	6.7464
12.8500	0.005000	0.005034	0.004846	-0.017324	0.005423	-0.003105	0.4554	7.9841
12.8600	0.005000	0.005034	0.004974	-0.026191	0.005419	-0.000379	0.5043	6.7083
12.8700	0.005000	0.005034	0.004808	-0.025468	0.005402	-0.001746	0.4710	7.4192
12.8800	0.005000	0.005034	0.004915	-0.023518	0.005386	-0.001553	0.4843	7.1708
12.8900	0.005000	0.005034	0.004871	-0.024100	0.005367	-0.001896	0.4799	7.2695
12.9000	0.005000	0.005034	0.004891	-0.023768	0.005382	0.001503	0.4821	7.2221
12.9100	0.005000	0.005034	0.004882	-0.024327	0.005369	-0.001310	0.4821	7.2019
12.9200	0.005000	0.005034	0.004882	-0.025490	0.005374	0.000480	0.4843	7.0888
12.9300	0.005000	0.005034	0.004871	-0.022688	0.005368	-0.000615	0.4754	7.3762
12.9400	0.005000	0.005083	0.004984	-0.021234	0.005370	0.000270	0.4865	7.6052
12.9500	0.005000	0.005132	0.005009	-0.029480	0.005397	0.002640	0.5043	7.2818
12.9600	0.005000	0.005181	0.004989	-0.031597	0.005431	0.003442	0.4954	7.6947
12.9700	0.005000	0.005181	0.004980	-0.042102	0.005491	0.005994	0.5154	6.7972
12.9800	0.005000	0.005181	0.004880	-0.035122	0.005538	0.004739	0.4777	7.8167
12.9900	0.005000	0.005132	0.004932	-0.040188	0.005596	0.005748	0.5065	6.6584
13.0000	0.005000	0.005132	0.004850	-0.031339	0.005603	0.000655	0.4710	7.7961
13.0100	0.005000	0.005132	0.004988	-0.029985	0.005607	0.000491	0.4954	7.3949
13.0200	0.005000	0.005181	0.004997	-0.035262	0.005599	-0.000850	0.5043	7.4299
13.0300	0.005000	0.005181	0.004939	-0.039909	0.005619	0.002043	0.5021	7.2131
13.0400	0.005000	0.005132	0.004849	-0.039201	0.005615	-0.000417	0.4888	7.1058
13.0500	0.005000	0.005132	0.004910	-0.030698	0.005622	0.000662	0.4799	7.6684
13.0600	0.005000	0.005083	0.004880	-0.039039	0.005637	0.001471	0.5043	6.4978
13.0700	0.005000	0.005083	0.004814	-0.023430	0.005592	-0.004502	0.4532	8.2222
13.0800	0.005000	0.005083	0.005010	-0.032179	0.005570	-0.002158	0.5132	6.7275
13.0900	0.005000	0.005083	0.004805	-0.033738	0.005544	-0.002594	0.4799	7.3534
13.1000	0.005000	0.005034	0.004834	-0.031657	0.005529	-0.001458	0.4843	6.8799
13.1100	0.005000	0.005034	0.004838	-0.021897	0.005475	-0.005481	0.4643	7.7545
13.1200	0.005000	0.005034	0.004933	-0.026279	0.005480	0.000521	0.4954	6.9954
13.1300	0.005000	0.004985	0.004754	-0.031752	0.005450	-0.003022	0.4821	6.6556
13.1400	0.005000	0.004985	0.004807	-0.013897	0.005390	-0.005923	0.4465	8.1032
13.1500	0.005000	0.004936	0.004875	-0.028520	0.005370	-0.002005	0.5065	6.0024
13.1600	0.005000	0.004936	0.004688	-0.015634	0.005326	-0.004428	0.4377	7.9677
13.1700	0.005000	0.004936	0.004929	-0.018085	0.005288	-0.003809	0.4910	6.7781
13.1800	0.005000	0.004936	0.004760	-0.020682	0.005245	-0.004319	0.4688	7.1605
13.1900	0.005000	0.004936	0.004836	-0.015911	0.005237	-0.000802	0.4688	7.2754
13.2000	0.005000	0.004936	0.004838	-0.018354	0.005199	-0.003770	0.4777	7.0160
13.2100	0.005000	0.004985	0.004890	-0.013826	0.005205	0.000585	0.4688	7.7498
13.2200	0.005000	0.004985	0.004904	-0.025559	0.005219	0.001414	0.4999	6.6159
13.2300	0.005000	0.005034	0.004857	-0.017925	0.005222	0.000329	0.4621	8.0435
13.2400	0.005000	0.005034	0.004961	-0.031464	0.005274	0.005122	0.5132	6.4177
13.2500	0.005000	0.005034	0.004763	-0.024519	0.005290	0.001648	0.4577	7.8262
13.2600	0.005000	0.004985	0.004873	-0.028993	0.005332	0.004161	0.4954	6.4684
13.2700	0.005000	0.004985	0.004763	-0.018404	0.005309	-0.002242	0.4510	7.8842
13.2800	0.005000	0.004936	0.004857	-0.025979	0.005329	0.001975	0.4954	6.2983
13.2900	0.005000	0.004936	0.004724	-0.015903	0.005271	-0.005831	0.4465	7.7519
13.3000	0.005000	0.004888	0.004826	-0.018819	0.005254	-0.001692	0.4821	6.5229
13.3100	0.005000	0.004936	0.004814	-0.010183	0.005195	-0.005900	0.4532	7.9006
13.3200	0.005000	0.004936	0.004908	-0.019866	0.005199	0.000450	0.4954	6.6154
13.3300	0.005000	0.004985	0.004833	-0.015529	0.005166	-0.003319	0.4621	7.8376
13.3400	0.005000	0.005034	0.005000	-0.020762	0.005197	0.003117	0.4976	7.2264
13.3500	0.005000	0.005083	0.004926	-0.028756	0.005235	0.003800	0.4954	7.2832
13.3600	0.005000	0.005083	0.004890	-0.032637	0.005308	0.007237	0.4932	7.0414
13.3700	0.005000	0.005083	0.004873	-0.028030	0.005342	0.003478	0.4777	7.5152
13.3800	0.005000	0.005083	0.004929	-0.028683	0.005400	0.005777	0.4910	7.2439
13.3900	0.005000	0.005132	0.004967	-0.027575	0.005434	0.003358	0.4888	7.7413
13.4000	0.005000	0.005132	0.004955	-0.039257	0.005478	0.004468	0.5132	6.7331
13.4100	0.005000	0.005181	0.004924	-0.030244	0.005492	0.001401	0.4754	8.2085
13.4200	0.005000	0.005132	0.004955	-0.046576	0.005557	0.006413	0.5265	6.1186
13.4300	0.005000	0.005181	0.004851	-0.027160	0.005561	0.000423	0.4510	8.8731
13.4400	0.005000	0.005181	0.005107	-0.047596	0.005627	0.006654	0.5465	6.1690
13.4500	0.005000	0.005181	0.004749	-0.041556	0.005626	-0.000128	0.4665	8.0612
13.4600	0.005000	0.005132	0.004946	-0.042459	0.005662	0.003560	0.5088	6.7092
13.4700	0.005000	0.005083	0.004741	-0.038337	0.005630	-0.003180	0.4732	7.2990
13.4800	0.005000	0.005083	0.004905	-0.027375	0.005635	0.000540	0.4777	7.6434
13.4900	0.005000	0.005034	0.004838	-0.036593	0.005588	-0.004713	0.4999	6.5071
13.5000	0.005000	0.005034	0.004786	-0.022215	0.005538	-0.004998	0.4532	8.0519
13.5100	0.005000	0.005034	0.004961	-0.029761	0.005498	-0.003992	0.5065	6.7101
13.5200	0.005000	0.005083	0.004859	-0.026287	0.005468	-0.002994	0.4732	7.9224
13.5300	0.005000	0.005083	0.004955	-0.035718	0.005482	0.001411	0.5110	6.6953
13.5400	0.005000	0.005132	0.004881	-0.028847	0.005464	-0.001867	0.4732	8.1110
13.5500	0.005000	0.005132	0.004994	-0.040296	0.005523	0.005912	0.5199	6.6616
13.5600	0.005000	0.005132	0.004812	-0.037068	0.005535	0.001265	0.4777	7.6348
13.5700	0.005000	0.005083	0.004875	-0.035197	0.005564	0.002899	0.4910	7.0293
13.5800	0.005000	0.005083	0.004856	-0.031937	0.005555	-0.000994	0.4821	7.4129
13.5900	0.005000	0.005034	0.004822	-0.032993	0.005562	0.000717	0.4865	6.9022
13.6000	0.005000	0.005034	0.004832	-0.024640	0.005511	-0.005069	0.4688	7.6464
13.6100	0.005000	0.004985	0.004831	-0.029850	0.005488	-0.002339	0.4910	6.6425
13.6200	0.005000	0.004985	0.004779	-0.020197	0.005433	-0.005410	0.4577	7.7592
13.6300	0.005000	0.004936	0.004829	-0.026376	0.005403	-0.003083	0.4910	6.4740
13.6400	0.005000	0.004888	0.004659	-0.020029	0.005341	-0.006212	0.4510	7.2075
13.6500	0.005000	0.004839	0.004746	-0.012213	0.005282	-0.005878	0.4577	7.0320
13.6600	0.005000	0.004839	0.004772	-0.009167	0.005204	-0.007821	0.4599	7.2072
13.6700	0.005000	0.004790	0.004709	-0.014304	0.005157	-0.004647	0.4688	6.4313
13.6800	0.005000	0.004790	0.004695	-0.000380	0.005056	-0.010066	0.4310	7.7996
13.6900	0.005000	0.004790	0.004843	-0.009383	0.005017	-0.003893	0.4843	6.3842
13.7000	0.005000	0.004839	0.004742	-0.003074	0.004971	-0.004626	0.4421	7.8925
13.7100	0.005000	0.004888	0.004944	-0.010871	0.004971	-0.000057	0.4910	6.8988
13.7200	0.005000	0.004936	0.004823	-0.017974	0.004980	0.000932	0.4777	7.1974
13.7300	0.005000	0.004985	0.004903	-0.016766	0.005038	0.005818	0.4777	7.4828
13.7400	0.005000	0.004985	0.004867	-0.023933	0.005087	0.004851	0.4888	6.9348
13.7500	0.005000	0.005034	0.004895	-0.019504	0.005157	0.007050	0.4732	7.7752
13.7600	0.005000	0.005034	0.004923	-0.029339	0.005222	0.006507	0.5021	6.7621
13.7700	0.005000	0.004985	0.004730	-0.031418	0.005269	0.004636	0.4754	6.7894
13.7800	0.005000	0.004985	0.004825	-0.012475	0.005269	0.000065	0.4465	8.1642
13.7900	0.005000	0.004936	0.004879	-0.031006	0.005297	0.002730	0.5132	5.7907
13.8000	0.005000	0.004936	0.004661	-0.013817	0.005266	-0.003071	0.4266	8.3096
13.8100	0.005000	0.004936	0.004964	-0.019459	0.005240	-0.002547	0.4999	6.6207
13.8200	0.005000	0.004985	0.004804	-0.020442	0.005214	-0.002642	0.4688	7.6312
13.8300	0.005000	0.004985	0.004890	-0.023472	0.005240	0.002650	0.4888	6.9738
13.8400	0.005000	0.004985	0.004808	-0.023152	0.005216	-0.002400	0.4732	7.2974
13.8500	0.005000	0.004985	0.004860	-0.021289	0.005254	0.003806	0.4777	7.2474
13.8600	0.005000	0.004985	0.004847	-0.024653	0.005266	0.001148	0.4843	6.9707
13.8700	0.005000	0.004985	0.004822	-0.021519	0.005277	0.001105	0.4710	7.3335
13.8800	0.005000	0.004985	0.004868	-0.020235	0.005273	-0.000390	0.4777	7.2563
13.8900	0.005000	0.005034	0.004931	-0.018819	0.005278	0.000439	0.4799	7.6797
13.9000	0.005000	0.005083	0.004986	-0.028040	0.005310	0.003254	0.5043	7.1636
13.9100	0.005000	0.005132	0.004939	-0.030338	0.005342	0.003172	0.4910	7.6495
13.9200	0.005000	0.005132	0.004944	-0.039860	0.005409	0.006766	0.5110	6.7710
13.9300	0.005000	0.005132	0.004846	-0.033495	0.005458	0.004831	0.4754	7.7154
13.9400	0.005000	0.005132	0.004969	-0.031965	0.005511	0.005329	0.4954	7.3955
13.9500	0.005000	0.005181	0.004989	-0.035438	0.005549	0.003753	0.5021	7.5517
13.9600	0.005000	0.005132	0.004864	-0.046960	0.005599	0.005009	0.5110	6.4487
13.9700	0.005000	0.005132	0.004823	-0.028424	0.005575	-0.002337	0.4554	8.3295
13.9800	0.005000	0.005083	0.004955	-0.040758	0.005607	0.003122	0.5199	6.2376
13.9900	0.005000	0.005132	0.004831	-0.026321	0.005586	-0.002046	0.4554	8.5949
14.0000	0.005000	0.005083	0.004971	-0.046645	0.005607	0.002122	0.5354	5.7651
14.0100	0.005000	0.005083	0.004684	-0.029732	0.005545	-0.006208	0.4399	8.4511
14.0200	0.005000	0.004985	0.004869	-0.039672	0.005562	0.001681	0.5132	5.7964
14.0300	0.005000	0.004985	0.004658	-0.021561	0.005480	-0.008245	0.4332	8.2894
14.0400	0.005000	0.004936	0.004888	-0.027101	0.005466	-0.001309	0.4999	6.3331
14.0500	0.005000	0.004985	0.004773	-0.018090	0.005366	-0.010000	0.4532	8.1038
14.0600	0.005000	0.004985	0.004932	-0.028243	0.005365	-0.000188	0.5065	6.5325
14.0700	0.005000	0.004985	0.004735	-0.025920	0.005310	-0.005503	0.4643	7.4617
14.0800	0.005000	0.004936	0.004798	-0.026144	0.005322	0.001235	0.4821	6.6234
14.0900	0.005000	0.004936	0.004758	-0.014352	0.005275	-0.004680	0.4488	7.8516
14.1000	0.005000	0.004936	0.004900	-0.020696	0.005284	0.000877	0.4932	6.7249
14.1100	0.005000	0.004985	0.004830	-0.016961	0.005244	-0.003973	0.4643	7.8576
14.1200	0.005000	0.004936	0.004831	-0.030390	0.005256	0.001164	0.5021	6.0885
14.1300	0.005000	0.004936	0.004696	-0.014546	0.005213	-0.004246	0.4354	8.1134
14.1400	0.005000	0.004888	0.004857	-0.022559	0.005233	0.001934	0.4954	6.2161
14.1500	0.005000	0.004888	0.004680	-0.013786	0.005191	-0.004155	0.4421	7.7308
14.1600	0.005000	0.004888	0.004874	-0.014871	0.005179	-0.001167	0.4821	6.8365
14.1700	0.005000	0.004888	0.004747	-0.017211	0.005132	-0.004775	0.4665	7.0735
14.1800	0.005000	0.004839	0.004722	-0.015177	0.005125	-0.000656	0.4621	6.7946
14.1900	0.005000	0.004839	0.004757	-0.006219	0.005069	-0.005611	0.4488	7.4744
14.2000	0.005000	0.004839	0.004825	-0.011592	0.005066	-0.000308	0.4777	6.6909
14.2100	0.005000	0.004839	0.004731	-0.009169	0.005032	-0.003400	0.4532	7.2778
14.2200	0.005000	0.004839	0.004812	-0.008408	0.005006	-0.002550	0.4665	7.0093
14.2300	0.005000	0.004839	0.004771	-0.008242	0.004985	-0.002156	0.4599	7.1782
14.2400	0.005000	0.004888	0.004875	-0.006079	0.004988	0.000333	0.4665	7.4990
14.2500	0.005000	0.004888	0.004834	-0.020374	0.005008	0.001956	0.4932	6.3238
14.2600	0.005000	0.004936	0.004794	-0.005587	0.005005	-0.000239	0.4377	8.4018
14.2700	0.005000	0.004936	0.004966	-0.024002	0.005057	0.005183	0.5154	6.0920
14.2800	0.005000	0.004985	0.004757	-0.017622	0.005086	0.002912	0.4510	8.0225
14.2900	0.005000	0.004985	0.004946	-0.021840	0.005140	0.005353	0.4954	6.8589
14.3000	0.005000	0.004985	0.004790	-0.025914	0.005163	0.002308	0.4777	7.0628
14.3100	0.005000	0.004985	0.004843	-0.016393	0.005207	0.004412	0.4621	7.7063
14.3200	0.005000	0.004936	0.004829	-0.027258	0.005218	0.001116	0.4954	6.2491
14.3300	0.005000	0.004936	0.004729	-0.013126	0.005214	-0.000382	0.4399	7.9781
14.3400	0.005000	0.004888	0.004852	-0.019315	0.005204	-0.001018	0.4888	6.3847
14.3500	0.005000	0.004888	0.004716	-0.013067	0.005165	-0.003932	0.4488	7.5102
14.3600	0.005000	0.004839	0.004782	-0.016708	0.005152	-0.001243	0.4777	6.3389
14.3700	0.005000	0.004839	0.004706	-0.003931	0.005075	-0.007757	0.4332	7.8325
14.3800	0.005000	0.004888	0.004957	-0.007107	0.005065	-0.000943	0.4843	7.0707
14.3900	0.005000	0.004936	0.004853	-0.016745	0.005051	-0.001438	0.4821	7.0733
14.4000	0.005000	0.004985	0.004897	-0.015810	0.005070	0.001846	0.4754	7.4759
14.4100	0.005000	0.005034	0.004958	-0.020628	0.005098	0.002847	0.4910	7.2928
14.4200	0.005000	0.005083	0.004952	-0.024878	0.005183	0.008473	0.4910	7.4444
14.4300	0.005000	0.005132	0.004991	-0.026729	0.005256	0.007329	0.4932	7.6517
14.4400	0.005000	0.005181	0.005027	-0.034206	0.005340	0.008422	0.5088	7.3821
14.4500	0.005000	0.005181	0.004931	-0.043159	0.005440	0.009973	0.5088	6.9352
14.4600	0.005000	0.005132	0.004821	-0.038166	0.005503	0.006261	0.4799	7.2779
14.4700	0.005000	0.005083	0.004859	-0.030604	0.005535	0.003233	0.4777	7.3095
14.4800	0.005000	0.005034	0.004833	-0.030772	0.005549	0.001450	0.4843	6.8882
14.4900	0.005000	0.005034	0.004847	-0.021950	0.005514	-0.003544	0.4665	7.6604
14.5000	0.005000	0.004985	0.004849	-0.028815	0.005470	-0.004364	0.4932	6.4979
14.5100	0.005000	0.004985	0.004779	-0.018058	0.005408	-0.006198	0.4532	7.7893
14.5200	0.005000	0.004936	0.004850	-0.024224	0.005377	-0.003186	0.4910	6.4120
14.5300	0.005000	0.004985	0.004824	-0.011658	0.005314	-0.006289	0.4488	8.2287
14.5400	0.005000	0.004985	0.004965	-0.027040	0.005318	0.000402	0.5132	6.2902
14.5500	0.005000	0.005034	0.004805	-0.018427	0.005277	-0.004086	0.4532	8.2461
14.5600	0.005000	0.005034	0.004987	-0.031012	0.005314	0.003760	0.5154	6.4155
14.5700	0.005000	0.005083	0.004830	-0.023973	0.005311	-0.000349	0.4621	8.1735
14.5800	0.005000	0.005083	0.004995	-0.033345	0.005379	0.006807	0.5132	6.6923
14.5900	0.005000	0.005034	0.004724	-0.036415	0.005391	0.001205	0.4777	6.8922
14.6000	0.005000	0.004985	0.004778	-0.021080	0.005402	0.001148	0.4554	7.5394
14.6100	0.005000	0.004985	0.004899	-0.020983	0.005377	-0.002552	0.4843	7.0734
14.6200	0.005000	0.004936	0.004749	-0.026148	0.005375	-0.000207	0.4777	6.6315
14.6300	0.005000	0.004936	0.004787	-0.009323	0.005295	-0.007955	0.4421	8.0561
14.6400	0.005000	0.004936	0.004933	-0.022115	0.005265	-0.003042	0.5043	6.3526
14.6500	0.005000	0.004936	0.004718	-0.017342	0.005237	-0.002769	0.4510	7.6341
14.6600	0.005000	0.004888	0.004816	-0.018945	0.005212	-0.002564	0.4799	6.5475
14.6700	0.005000	0.004888	0.004741	-0.011092	0.005161	-0.005092	0.4488	7.5666
14.6800	0.005000	0.004936	0.004943	-0.008516	0.005159	-0.000163	0.4754	7.5174
14.6900	0.005000	0.004985	0.004926	-0.020385	0.005148	-0.001097	0.4954	7.0071
14.7000	0.005000	0.004985	0.004817	-0.024551	0.005172	0.002346	0.4799	7.0230
14.7100	0.005000	0.004985	0.004841	-0.018150	0.005175	0.000297	0.4665	7.5000
14.7200	0.005000	0.005034	0.004969	-0.018569	0.005218	0.004366	0.4865	7.4912
14.7300	0.005000	0.005034	0.004888	-0.027396	0.005270	0.005225	0.4932	6.9884
14.7400	0.005000	0.005034	0.004848	-0.026805	0.005293	0.002212	0.4799	7.2139
14.7500	0.005000	0.005034	0.004878	-0.024524	0.005309	0.001659	0.4799	7.2799
14.7600	0.005000	0.005034	0.004883	-0.023509	0.005336	0.002707	0.4799	7.3465
14.7700	0.005000	0.005083	0.004968	-0.023579	0.005359	0.002274	0.4888	7.5546
14.7800	0.005000	0.005083	0.004916	-0.034311	0.005388	0.002924	0.5043	6.7629
14.7900	0.005000	0.005083	0.004840	-0.026952	0.005398	0.000974	0.4688	7.7399
14.8000	0.005000	0.005083	0.004959	-0.028307	0.005422	0.002437	0.4954	7.1719
14.8100	0.005000	0.005132	0.004952	-0.028482	0.005450	0.002803	0.4888	7.7193
14.8200	0.005000	0.005132	0.004955	-0.039584	0.005498	0.004783	0.5132	6.7077
14.8300	0.005000	0.005083	0.004764	-0.033926	0.005495	-0.000312	0.4688	7.4312
14.8400	0.005000	0.005083	0.004935	-0.025984	0.005507	0.001228	0.4821	7.5175
14.8500	0.005000	0.005034	0.004834	-0.034405	0.005517	0.000921	0.4954	6.6030
14.8600	0.005000	0.005083	0.004889	-0.018615	0.005489	-0.002722	0.4577	8.4040
14.8700	0.005000	0.005083	0.005014	-0.036723	0.005484	-0.000579	0.5265	6.3178
14.8800	0.005000	0.005083	0.004758	-0.031794	0.005474	-0.000922	0.4643	7.7600
14.8900	0.005000	0.005034	0.004882	-0.030822	0.005477	0.000284	0.4910	6.8231
14.9000	0.005000	0.005034	0.004817	-0.025101	0.005450	-0.002712	0.4688	7.5942
14.9100	0.005000	0.005034	0.004913	-0.024537	0.005461	0.001135	0.4865	7.2648
14.9200	0.005000	0.005034	0.004861	-0.030028	0.005431	-0.003049	0.4910	6.9626
14.9300	0.005000	0.004985	0.004759	-0.029456	0.005420	-0.001068	0.4754	6.8531
14.9400	0.005000	0.004985	0.004826	-0.014710	0.005371	-0.004945	0.4532	7.9444
14.9500	0.005000	0.004985	0.004934	-0.024879	0.005370	-0.000052	0.5021	6.6282
14.9600	0.005000	0.004985	0.004768	-0.023587	0.005348	-0.002233	0.4665	7.3911
14.9700	0.005000	0.004985	0.004880	-0.021025	0.005319	-0.002893	0.4799	7.1675
14.9800	0.005000	0.004985	0.004838	-0.022249	0.005300	-0.001926	0.4777	7.1969
14.9900	0.005000	0.004985	0.004851	-0.021676	0.005312	0.001236	0.4777	7.1994
15.0000	0.005000	0.005034	0.004927	-0.019523	0.005297	-0.001510	0.4799	7.6226
15.0100	0.005000	0.005034	0.004903	-0.028632	0.005320	0.002280	0.4976	6.8719
15.0200	0.005000	0.005034	0.004827	-0.025762	0.005330	0.000979	0.4732	7.4495
15.0300	0.005000	0.004985	0.004823	-0.028717	0.005347	0.001709	0.4865	6.6602
15.0400	0.005000	0.004936	0.004717	-0.019929	0.005333	-0.001399	0.4532	7.3706
15.0500	0.005000	0.004936	0.004869	-0.014337	0.005312	-0.002025	0.4710	7.3002
15.0600	0.005000	0.004888	0.004756	-0.023309	0.005280	-0.003225	0.4821	6.3735
15.0700	0.005000	0.004936	0.004812	-0.003992	0.005215	-0.006562	0.4354	8.5065
15.0800	0.005000	0.004888	0.004893	-0.030582	0.005207	-0.000778	0.5243	5.2897
15.0900	0.005000	0.004936	0.004657	-0.009731	0.005160	-0.004727	0.4154	8.7665
15.1000	0.005000	0.004888	0.004929	-0.024895	0.005170	0.001086	0.5132	5.7737
15.1100	0.005000	0.004888	0.004614	-0.014956	0.005122	-0.004792	0.4310	7.9471
15.1200	0.005000	0.004888	0.004902	-0.012272	0.005135	0.001281	0.4799	6.9917
15.1300	0.005000	0.004936	0.004834	-0.017574	0.005094	-0.004158	0.4777	7.2286
15.1400	0.005000	0.004936	0.004822	-0.020960	0.005133	0.003950	0.4799	6.8901
15.1500	0.005000	0.004936	0.004796	-0.015954	0.005107	-0.002643	0.4621	7.4117
15.1600	0.005000	0.004936	0.004861	-0.017698	0.005141	0.003380	0.4799	6.9727
15.1700	0.005000	0.004985	0.004883	-0.014198	0.005154	0.001316	0.4688	7.7267
15.1800	0.005000	0.004985	0.004905	-0.025620	0.005188	0.003425	0.4999	6.5863
15.1900	0.005000	0.005034	0.004856	-0.017076	0.005192	0.000375	0.4599	8.1007
15.2000	0.005000	0.005034	0.004971	-0.030570	0.005251	0.005887	0.5132	6.4418
15.2100	0.005000	0.005083	0.004845	-0.020911	0.005270	0.001978	0.4577	8.3582
15.2200	0.005000	0.005083	0.005017	-0.037342	0.005349	0.007821	0.5265	6.2622
15.2300	0.005000	0.005132	0.004828	-0.027575	0.005363	0.001478	0.4599	8.3953
15.2400	0.005000	0.005083	0.004961	-0.043348	0.005448	0.008421	0.5265	5.9626
15.2500	0.005000	0.005083	0.004723	-0.026836	0.005433	-0.001484	0.4421	8.4192
15.2600	0.005000	0.005083	0.005031	-0.033126	0.005485	0.005224	0.5154	6.6968
15.2700	0.005000	0.005132	0.004861	-0.032464	0.005473	-0.001200	0.4799	7.8626
15.2800	0.005000	0.005083	0.004891	-0.042001	0.005520	0.004706	0.5110	6.3288
15.2900	0.005000	0.005132	0.004856	-0.022844	0.005472	-0.004758	0.4510	8.7454
15.3000	0.005000	0.005083	0.004991	-0.049732	0.005551	0.007887	0.5465	5.3753
15.3100	0.005000	0.005083	0.004641	-0.026759	0.005508	-0.004322	0.4221	8.9205
15.3200	0.005000	0.005083	0.005081	-0.036726	0.005529	0.002121	0.5287	6.4073
15.3300	0.005000	0.005083	0.004717	-0.039483	0.005506	-0.002309	0.4754	7.4144
15.3400	0.005000	0.005083	0.004908	-0.028561	0.005521	0.001437	0.4799	7.5963
15.3500	0.005000	0.005083	0.004903	-0.033732	0.005478	-0.004285	0.4976	7.0862
15.3600	0.005000	0.005083	0.004854	-0.033635	0.005516	0.003855	0.4865	7.2573
15.3700	0.005000	0.005083	0.004884	-0.028476	0.005492	-0.002471	0.4799	7.5762
15.3800	0.005000	0.005034	0.004839	-0.036832	0.005500	0.000828	0.4999	6.4624
15.3900	0.005000	0.005034	0.004783	-0.021584	0.005474	-0.002548	0.4510	8.0964
15.4000	0.005000	0.005034	0.004969	-0.028998	0.005465	-0.000936	0.5065	6.7237
15.4100	0.005000	0.005034	0.004783	-0.030946	0.005448	-0.001677	0.4777	7.2310
15.4200	0.005000	0.005034	0.004875	-0.023904	0.005431	-0.001745	0.4754	7.4855
15.4300	0.005000	0.004985	0.004812	-0.029917	0.005406	-0.002528	0.4888	6.6398
15.4400	0.005000	0.004985	0.004790	-0.018473	0.005391	-0.001408	0.4554	7.8081
15.4500	0.005000	0.004985	0.004918	-0.024035	0.005369	-0.002275	0.4954	6.8086
15.4600	0.005000	0.004985	0.004786	-0.025904	0.005349	-0.001950	0.4754	7.1287
15.4700	0.005000	0.004985	0.004846	-0.019107	0.005327	-0.002194	0.4688	7.4885
15.4800	0.005000	0.004985	0.004878	-0.022886	0.005308	-0.001889	0.4865	7.0216
15.4900	0.005000	0.004985	0.004821	-0.023022	0.005316	0.000777	0.4754	7.2343
15.5000	0.005000	0.004936	0.004776	-0.023849	0.005300	-0.001611	0.4754	6.7993
15.5100	0.005000	0.004936	0.004795	-0.013901	0.005266	-0.003402	0.4554	7.6576
15.5200	0.005000	0.004936	0.004883	-0.020704	0.005265	-0.000114	0.4910	6.6942
15.5300	0.005000	0.004888	0.004684	-0.020548	0.005235	-0.003010	0.4599	6.9484
15.5400	0.005000	0.004888	0.004805	-0.005807	0.005180	-0.005426	0.4465	7.8421
15.5500	0.005000	0.004888	0.004879	-0.019259	0.005164	-0.001632	0.4976	6.3402
15.5600	0.005000	0.004888	0.004700	-0.014265	0.005145	-0.001956	0.4488	7.5024
15.5700	0.005000	0.004888	0.004858	-0.013087	0.005113	-0.003173	0.4754	6.9568
15.5800	0.005000	0.004888	0.004775	-0.014700	0.005096	-0.001648	0.4665	7.1026
15.5900	0.005000	0.004936	0.004886	-0.008598	0.005104	0.000714	0.4643	7.7477
15.6000	0.005000	0.004985	0.004959	-0.019148	0.005109	0.000535	0.4976	7.0252
15.6100	0.005000	0.004985	0.004810	-0.026699	0.005152	0.004301	0.4843	6.8956
15.6200	0.005000	0.004985	0.004824	-0.017064	0.005167	0.001520	0.4599	7.7202
15.6300	0.005000	0.004985	0.004912	-0.022968	0.005208	0.004065	0.4932	6.8518
15.6400	0.005000	0.004985	0.004800	-0.023599	0.005248	0.004024	0.4732	7.2228
15.6500	0.005000	0.004936	0.004782	-0.023521	0.005254	0.000580	0.4754	6.7461
15.6600	0.005000	0.004936	0.004794	-0.012924	0.005224	-0.002977	0.4532	7.6827
15.6700	0.005000	0.004936	0.004893	-0.018661	0.005233	0.000936	0.4888	6.7708
15.6800	0.005000	0.004985	0.004854	-0.013657	0.005206	-0.002711	0.4621	7.9185
15.6900	0.005000	0.004985	0.004927	-0.026000	0.005220	0.001379	0.5043	6.5187
15.7000	0.005000	0.005034	0.004838	-0.018461	0.005213	-0.000672	0.4599	8.0935
15.7100	0.005000	0.005034	0.004967	-0.030206	0.005272	0.005834	0.5110	6.5350
15.7200	0.005000	0.005083	0.004851	-0.023198	0.005289	0.001694	0.4643	8.1519
15.7300	0.005000	0.005083	0.004991	-0.035509	0.005362	0.007364	0.5176	6.5162
15.7400	0.005000	0.005132	0.004862	-0.028307	0.005378	0.001623	0.4688	8.1766
15.7500	0.005000	0.005132	0.005011	-0.038999	0.005456	0.007798	0.5199	6.6518
15.7600	0.005000	0.005132	0.004815	-0.036515	0.005478	0.002193	0.4777	7.6030
15.7700	0.005000	0.005132	0.004957	-0.031630	0.005524	0.004569	0.4910	7.4898
15.7800	0.005000	0.005132	0.004920	-0.038787	0.005544	0.001965	0.5043	6.9787
15.7900	0.005000	0.005181	0.004949	-0.031202	0.005573	0.002936	0.4821	8.0768
15.8000	0.005000	0.005181	0.005008	-0.045400	0.005602	0.002933	0.5265	6.5904
15.8100	0.005000	0.005181	0.004831	-0.038686	0.005622	0.001956	0.4754	7.8739
15.8200	0.005000	0.005132	0.004926	-0.040697	0.005651	0.002930	0.5043	6.8197
15.8300	0.005000	0.005132	0.004849	-0.033533	0.005642	-0.000971	0.4754	7.7816
15.8400	0.005000	0.005132	0.004967	-0.035222	0.005656	0.001465	0.5021	7.1912
15.8500	0.005000	0.005132	0.004879	-0.037699	0.005631	-0.002557	0.4932	7.2960
15.8600	0.005000	0.005083	0.004829	-0.038619	0.005629	-0.000212	0.4910	6.8752
15.8700	0.005000	0.005083	0.004850	-0.027430	0.005588	-0.004059	0.4688	7.8166
15.8800	0.005000	0.005034	0.004871	-0.035414	0.005587	-0.000119	0.5021	6.4909
15.8900	0.005000	0.005034	0.004778	-0.023449	0.005535	-0.005208	0.4554	7.9796
15.9000	0.005000	0.004985	0.004875	-0.031685	0.005505	-0.002931	0.5021	6.3472
15.9100	0.005000	0.004936	0.004656	-0.024301	0.005440	-0.006586	0.4510	7.3609
15.9200	0.005000	0.004936	0.004861	-0.013099	0.005385	-0.005427	0.4643	7.5672
15.9300	0.005000	0.004936	0.004850	-0.022674	0.005332	-0.005289	0.4910	6.7249
15.9400	0.005000	0.004936	0.004761	-0.018920	0.005300	-0.003235	0.4621	7.4145
15.9500	0.005000	0.004936	0.004852	-0.019225	0.005251	-0.004864	0.4799	7.0101
15.9600	0.005000	0.004936	0.004795	-0.019429	0.005237	-0.001454	0.4710	7.1912
15.9700	0.005000	0.004936	0.004827	-0.019132	0.005238	0.000128	0.4754	7.0782
15.9800	0.005000	0.004936	0.004811	-0.018249	0.005217	-0.002098	0.4710	7.2041
15.9900	0.005000	0.004936	0.004829	-0.018634	0.005216	-0.000111	0.4754	7.0892
16.0000	0.005000	0.004936	0.004814	-0.016867	0.005203	-0.001302	0.4688	7.3065
16.0100	0.005000	0.004936	0.004841	-0.020414	0.005205	0.000242	0.4821	6.8831
16.0200	0.005000	0.004985	0.004868	-0.011202	0.005188	-0.001768	0.4577	8.1593
16.0300	0.005000	0.004985	0.004944	-0.031516	0.005228	0.004036	0.5199	6.0748
16.0400	0.005000	0.005034	0.004773	-0.019166	0.005227	-0.000141	0.4465	8.4179
16.0500	0.005000	0.004985	0.004921	-0.034735	0.005279	0.005256	0.5176	5.9272
16.0600	0.005000	0.004936	0.004598	-0.023071	0.005267	-0.001176	0.4354	7.7700
16.0700	0.005000	0.004888	0.004830	-0.019754	0.005283	0.001555	0.4799	6.6117
16.0800	0.005000	0.004888	0.004724	-0.014423	0.005222	-0.006146	0.4532	7.4712
16.0900	0.005000	0.004888	0.004841	-0.015289	0.005210	-0.001197	0.4777	6.8946
16.1000	0.005000	0.004888	0.004762	-0.014258	0.005140	-0.006991	0.4621	7.2629
16.1100	0.005000	0.004888	0.004820	-0.015720	0.005131	-0.000856	0.4754	6.8829
16.1200	0.005000	0.004936	0.004849	-0.009663	0.005103	-0.002836	0.4599	7.8286
16.1300	0.005000	0.004985	0.004970	-0.020755	0.005135	0.003235	0.5021	6.8736
16.1400	0.005000	0.005034	0.004865	-0.022755	0.005159	0.002427	0.4777	7.5989
16.1500	0.005000	0.005034	0.004908	-0.027237	0.005212	0.005232	0.4932	7.0117
16.1600	0.005000	0.005034	0.004837	-0.027525	0.005256	0.004412	0.4799	7.2595
16.1700	0.005000	0.005034	0.004877	-0.025791	0.005313	0.005746	0.4821	7.2546
16.1800	0.005000	0.005034	0.004871	-0.024742	0.005332	0.001872	0.4799	7.3701
16.1900	0.005000	0.004985	0.004807	-0.029547	0.005356	0.002379	0.4865	6.6653
16.2000	0.005000	0.004985	0.004797	-0.015957	0.005327	-0.002847	0.4510	7.9878
16.2100	0.005000	0.004985	0.004939	-0.026004	0.005333	0.000546	0.5043	6.5561
16.2200	0.005000	0.005034	0.004831	-0.019913	0.005315	-0.001784	0.4621	8.0511
16.2300	0.005000	0.004985	0.004879	-0.034516	0.005336	0.002074	0.5110	6.0186
16.2400	0.005000	0.004985	0.004704	-0.018651	0.005298	-0.003807	0.4377	8.1940
16.2500	0.005000	0.004985	0.004967	-0.021808	0.005320	0.002264	0.4976	6.8821
16.2600	0.005000	0.004985	0.004778	-0.029736	0.005315	-0.000496	0.4843	6.8497
16.2700	0.005000	0.004985	0.004812	-0.017732	0.005307	-0.000859	0.4577	7.7768
16.2800	0.005000	0.004985	0.004912	-0.024208	0.005283	-0.002351	0.4954	6.7976
16.2900	0.005000	0.005034	0.004866	-0.022688	0.005307	0.002381	0.4754	7.6253
16.3000	0.005000	0.005034	0.004909	-0.027198	0.005320	0.001298	0.4932	7.0126
16.3100	0.005000	0.005083	0.004916	-0.024370	0.005325	0.000486	0.4799	7.7757
16.3200	0.005000	0.005083	0.004940	-0.035036	0.005385	0.005971	0.5088	6.7125
16.3300	0.005000	0.005083	0.004819	-0.028711	0.005400	0.001553	0.4688	7.7647
16.3400	0.005000	0.005083	0.004955	-0.030229	0.005436	0.003602	0.4976	7.1253
16.3500	0.005000	0.005083	0.004858	-0.034326	0.005461	0.002458	0.4910	7.1136
16.3600	0.005000	0.005034	0.004797	-0.032461	0.005479	0.001843	0.4799	6.9755
16.3700	0.005000	0.004985	0.004774	-0.025167	0.005447	-0.003249	0.4665	7.2048
16.3800	0.005000	0.004985	0.004861	-0.017868	0.005422	-0.002436	0.4688	7.5472
16.3900	0.005000	0.004985	0.004882	-0.024277	0.005397	-0.002559	0.4910	6.8949
16.4000	0.005000	0.005034	0.004883	-0.019494	0.005356	-0.004113	0.4710	7.8631
16.4100	0.005000	0.005034	0.004930	-0.030920	0.005354	-0.000160	0.5065	6.6443
16.4200	0.005000	0.005034	0.004788	-0.027292	0.005355	0.000124	0.4688	7.5268
16.4300	0.005000	0.004985	0.004831	-0.027602	0.005373	0.001799	0.4843	6.7892
16.4400	0.005000	0.004985	0.004802	-0.018904	0.005353	-0.002063	0.4599	7.7190
16.4500	0.005000	0.004985	0.004906	-0.022881	0.005359	0.000646	0.4910	6.9610
16.4600	0.005000	0.004985	0.004804	-0.022310	0.005325	-0.003415	0.4710	7.4158
16.4700	0.005000	0.004936	0.004793	-0.027449	0.005319	-0.000611	0.4865	6.4630
16.4800	0.005000	0.004888	0.004670	-0.016672	0.005270	-0.004846	0.4443	7.4091
16.4900	0.005000	0.004888	0.004851	-0.010178	0.005241	-0.002903	0.4665	7.2805
16.5000	0.005000	0.004888	0.004807	-0.017423	0.005207	-0.003396	0.4799	6.7689
16.5100	0.005000	0.004888	0.004761	-0.012021	0.005165	-0.004253	0.4554	7.4420
16.5200	0.005000	0.004936	0.004921	-0.011318	0.005123	-0.004165	0.4777	7.4013
16.5300	0.005000	0.004985	0.004911	-0.020267	0.005143	0.001995	0.4910	7.1261
16.5400	0.005000	0.005034	0.004906	-0.020656	0.005173	0.002959	0.4799	7.6248
16.5500	0.005000	0.005083	0.004983	-0.026769	0.005217	0.004413	0.4999	7.2986
16.5600	0.005000	0.005083	0.004875	-0.035068	0.005296	0.007941	0.4976	6.9403
16.5700	0.005000	0.005083	0.004857	-0.029835	0.005356	0.005955	0.4777	7.4844
16.5800	0.005000	0.005034	0.004842	-0.030939	0.005396	0.003979	0.4865	6.9023
16.5900	0.005000	0.005034	0.004840	-0.022497	0.005411	0.001522	0.4665	7.7217
16.6000	0.005000	0.005034	0.004926	-0.026978	0.005417	0.000654	0.4954	7.0007
16.6100	0.005000	0.005034	0.004830	-0.029004	0.005405	-0.001216	0.4821	7.1866
16.6200	0.005000	0.005034	0.004867	-0.024932	0.005396	-0.000912	0.4777	7.3997
16.6300	0.005000	0.004985	0.004807	-0.030595	0.005392	-0.000440	0.4888	6.5792
16.6400	0.005000	0.004985	0.004786	-0.017965	0.005374	-0.001793	0.4532	7.8393
16.6500	0.005000	0.004985	0.004925	-0.021303	0.005355	-0.001832	0.4910	6.9983
16.6600	0.005000	0.005034	0.004887	-0.023300	0.005342	-0.001374	0.4821	7.4979
16.6700	0.005000	0.005034	0.004890	-0.027670	0.005346	0.000432	0.4910	7.0635
16.6800	0.005000	0.005034	0.004844	-0.027165	0.005339	-0.000651	0.4799	7.2908
16.6900	0.005000	0.005083	0.004955	-0.023594	0.005369	0.002924	0.4843	7.7129
16.7000	0.005000	0.005132	0.005002	-0.032710	0.005410	0.004143	0.5088	7.2229
16.7100	0.005000	0.005132	0.004883	-0.037692	0.005456	0.004570	0.4954	7.2214
16.7200	0.005000	0.005132	0.004905	-0.035638	0.005490	0.003427	0.4910	7.3365
16.7300	0.005000	0.005132	0.004912	-0.033498	0.005526	0.003545	0.4888	7.4935
16.7400	0.005000	0.005132	0.004929	-0.034697	0.005564	0.003878	0.4954	7.3460
16.7500	0.005000	0.005083	0.004829	-0.038721	0.005576	0.001202	0.4932	6.8595
16.7600	0.005000	0.005083	0.004849	-0.027532	0.005556	-0.002023	0.4688	7.8286
16.7700	0.005000	0.005034	0.004870	-0.036521	0.005556	-0.000055	0.5043	6.4104
16.7800	0.005000	0.005034	0.004767	-0.023597	0.005516	-0.003941	0.4532	8.0200
16.7900	0.005000	0.004985	0.004880	-0.031400	0.005494	-0.002225	0.5021	6.3620
16.8000	0.005000	0.005034	0.004813	-0.018921	0.005433	-0.006056	0.4532	8.3118
16.8100	0.005000	0.004985	0.004900	-0.033854	0.005437	0.000333	0.5132	6.0995
16.8200	0.005000	0.005034	0.004776	-0.019482	0.005376	-0.006088	0.4465	8.4628
16.8300	0.005000	0.004985	0.004916	-0.037362	0.005406	0.002990	0.5221	5.7976
16.8400	0.005000	0.004985	0.004653	-0.022336	0.005355	-0.005070	0.4354	8.2202
16.8500	0.005000	0.004936	0.004883	-0.025526	0.005363	0.000829	0.4954	6.4813
16.8600	0.005000	0.004985	0.004792	-0.018182	0.005309	-0.005472	0.4577	8.0163
16.8700	0.005000	0.004936	0.004842	-0.031137	0.005331	0.002233	0.5043	6.0816
16.8800	0.005000	0.004936	0.004682	-0.015784	0.005253	-0.007831	0.4354	8.1409
16.8900	0.005000	0.004888	0.004853	-0.024310	0.005262	0.000952	0.4976	6.1579
16.9000	0.005000	0.004936	0.004743	-0.011307	0.005208	-0.005380	0.4399	8.3145
16.9100	0.005000	0.004888	0.004861	-0.028710	0.005226	0.001815	0.5110	5.7345
16.9200	0.005000	0.004888	0.004616	-0.013812	0.005155	-0.007170	0.4266	8.0940
16.9300	0.005000	0.004839	0.004834	-0.018578	0.005160	0.000472	0.4888	6.2240
16.9400	0.005000	0.004888	0.004734	-0.007824	0.005100	-0.005983	0.4399	8.1196
16.9500	0.005000	0.004888	0.004902	-0.020552	0.005123	0.002338	0.5021	6.2718
16.9600	0.005000	0.004888	0.004674	-0.015646	0.005070	-0.005315	0.4465	7.5895
16.9700	0.005000	0.004888	0.004859	-0.014395	0.005086	0.001620	0.4777	6.9327
16.9800	0.005000	0.004936	0.004839	-0.013933	0.005076	-0.000979	0.4688	7.5349
16.9900	0.005000	0.004936	0.004856	-0.022563	0.005125	0.004872	0.4910	6.6419
17.0000	0.005000	0.004985	0.004837	-0.014006	0.005113	-0.001221	0.4577	8.0164
17.0100	0.005000	0.004985	0.004934	-0.027784	0.005172	0.005909	0.5088	6.3901
17.0200	0.005000	0.005034	0.004816	-0.017741	0.005189	0.001751	0.4532	8.3117
17.0300	0.005000	0.004985	0.004909	-0.036065	0.005259	0.006919	0.5199	5.7992
17.0400	0.005000	0.004985	0.004670	-0.019836	0.005247	-0.001148	0.4332	8.2679
17.0500	0.005000	0.004936	0.004898	-0.025846	0.005285	0.003770	0.4999	6.2952
17.0600	0.005000	0.004985	0.004779	-0.016359	0.005250	-0.003510	0.4510	8.1429
17.0700	0.005000	0.004985	0.004945	-0.026770	0.005282	0.003218	0.5065	6.5286
17.0800	0.005000	0.004985	0.004742	-0.025043	0.005245	-0.003680	0.4643	7.4414
17.0900	0.005000	0.004985	0.004881	-0.020379	0.005266	0.002115	0.4777	7.2876
17.1000	0.005000	0.004985	0.004844	-0.024624	0.005265	-0.000120	0.4843	7.0137
17.1100	0.005000	0.004985	0.004824	-0.020365	0.005284	0.001860	0.4688	7.4726
17.1200	0.005000	0.004985	0.004879	-0.024227	0.005278	-0.000555	0.4888	6.9050
17.1300	0.005000	0.005034	0.004885	-0.018345	0.005279	0.000071	0.4688	7.9310
17.1400	0.005000	0.005034	0.004940	-0.033018	0.005318	0.003953	0.5132	6.3969
17.1500	0.005000	0.005083	0.004839	-0.021050	0.005316	-0.000204	0.4554	8.4248
17.1600	0.005000	0.005083	0.005019	-0.037246	0.005378	0.006185	0.5265	6.3203
17.1700	0.005000	0.005132	0.004827	-0.029441	0.005398	0.001957	0.4643	8.2850
17.1800	0.005000	0.005083	0.004942	-0.041921	0.005468	0.007074	0.5199	6.2037
17.1900	0.005000	0.005132	0.004827	-0.025995	0.005456	-0.001276	0.4532	8.6462
17.2000	0.005000	0.005083	0.004977	-0.046164	0.005534	0.007818	0.5354	5.7817
17.2100	0.005000	0.005083	0.004685	-0.029520	0.005497	-0.003642	0.4399	8.4597
17.2200	0.005000	0.005034	0.004948	-0.037488	0.005526	0.002874	0.5154	6.2178
17.2300	0.005000	0.005083	0.004789	-0.025899	0.005477	-0.004913	0.4554	8.3710
17.2400	0.005000	0.005083	0.005001	-0.036908	0.005513	0.003628	0.5199	6.5571
17.2500	0.005000	0.005083	0.004764	-0.036133	0.005475	-0.003860	0.4754	7.4718
17.2600	0.005000	0.005034	0.004835	-0.032312	0.005495	0.001980	0.4843	6.9671
17.2700	0.005000	0.005034	0.004830	-0.024543	0.005458	-0.003634	0.4688	7.6772
17.2800	0.005000	0.005034	0.004911	-0.028631	0.005475	0.001662	0.4954	6.9935
17.2900	0.005000	0.005034	0.004822	-0.029040	0.005443	-0.003141	0.4799	7.2835
17.3000	0.005000	0.005034	0.004871	-0.026645	0.005427	-0.001624	0.4821	7.2940
17.3100	0.005000	0.005034	0.004866	-0.027345	0.005415	-0.001218	0.4843	7.2384
17.3200	0.005000	0.005034	0.004862	-0.027803	0.005423	0.000792	0.4843	7.2099
17.3300	0.005000	0.004985	0.004781	-0.030236	0.005414	-0.000868	0.4821	6.7611
17.3400	0.005000	0.004985	0.004805	-0.017418	0.005381	-0.003332	0.4554	7.8596
17.3500	0.005000	0.004936	0.004841	-0.027777	0.005373	-0.000793	0.4976	6.2629
17.3600	0.005000	0.004936	0.004716	-0.015132	0.005321	-0.005226	0.4421	7.9591
17.3700	0.005000	0.004888	0.004839	-0.022900	0.005291	-0.002944	0.4932	6.2395
17.3800	0.005000	0.004888	0.004688	-0.013305	0.005225	-0.006596	0.4421	7.7320
17.3900	0.005000	0.004888	0.004875	-0.014693	0.005205	-0.002022	0.4821	6.8422
17.4000	0.005000	0.004936	0.004827	-0.014890	0.005158	-0.004685	0.4688	7.5046
17.4100	0.005000	0.004936	0.004853	-0.019966	0.005169	0.001117	0.4843	6.8984
17.4200	0.005000	0.004936	0.004787	-0.020218	0.005153	-0.001599	0.4710	7.1257
17.4300	0.005000	0.004985	0.004902	-0.012485	0.005168	0.001482	0.4665	7.8930
17.4400	0.005000	0.004985	0.004910	-0.029913	0.005211	0.004280	0.5110	6.2859
17.4500	0.005000	0.004985	0.004731	-0.020993	0.005224	0.001260	0.4510	7.8192
17.4600	0.005000	0.004985	0.004928	-0.021033	0.005238	0.001432	0.4888	7.0462
17.4700	0.005000	0.004985	0.004810	-0.027265	0.005263	0.002537	0.4843	6.9127
17.4800	0.005000	0.004985	0.004818	-0.015697	0.005270	0.000684	0.4554	7.9388
17.4900	0.005000	0.004985	0.004929	-0.028710	0.005273	0.000269	0.5088	6.3787
17.5000	0.005000	0.004985	0.004732	-0.021551	0.005277	0.000446	0.4532	7.7908
17.5100	0.005000	0.004985	0.004922	-0.022674	0.005283	0.000578	0.4910	6.9501
17.5200	0.005000	0.004985	0.004797	-0.025687	0.005280	-0.000298	0.4777	7.1221
17.5300	0.005000	0.004985	0.004842	-0.021355	0.005297	0.001727	0.4732	7.3207
17.5400	0.005000	0.004985	0.004858	-0.022925	0.005281	-0.001630	0.4821	7.0924
17.5500	0.005000	0.004985	0.004832	-0.023200	0.005296	0.001459	0.4777	7.1572
17.5600	0.005000	0.004985	0.004845	-0.021390	0.005290	-0.000612	0.4754	7.2617
17.5700	0.005000	0.005034	0.004934	-0.018978	0.005287	-0.000215	0.4799	7.6670
17.5800	0.005000	0.005083	0.004983	-0.028300	0.005320	0.003251	0.5043	7.1594
17.5900	0.005000	0.005132	0.004938	-0.030467	0.005354	0.003413	0.4910	7.6538
17.6000	0.005000	0.005181	0.005022	-0.036831	0.005416	0.006216	0.5110	7.2981
17.6100	0.005000	0.005230	0.004986	-0.040389	0.005495	0.007831	0.5043	7.6126
17.6200	0.005000	0.005181	0.004894	-0.049726	0.005590	0.009529	0.5132	6.5965
17.6300	0.005000	0.005181	0.004856	-0.032246	0.005615	0.002516	0.4621	8.3785
17.6400	0.005000	0.005132	0.004975	-0.045969	0.005673	0.005787	0.5265	6.2418
17.6500	0.005000	0.005132	0.004766	-0.034317	0.005660	-0.001266	0.4599	8.1340
17.6600	0.005000	0.005083	0.004930	-0.040104	0.005658	-0.000218	0.5110	6.4802
17.6700	0.005000	0.005083	0.004774	-0.030492	0.005600	-0.005770	0.4621	7.9481
17.6800	0.005000	0.005083	0.004964	-0.032301	0.005601	0.000060	0.5021	7.0631
17.6900	0.005000	0.005083	0.004832	-0.033810	0.005555	-0.004586	0.4843	7.4058
17.7000	0.005000	0.005034	0.004818	-0.035893	0.005555	-0.000027	0.4910	6.7423
17.7100	0.005000	0.005034	0.004805	-0.023472	0.005498	-0.005626	0.4599	7.9202
17.7200	0.005000	0.004985	0.004859	-0.031743	0.005498	-0.000076	0.4999	6.4435
17.7300	0.005000	0.004985	0.004744	-0.021426	0.005444	-0.005420	0.4532	7.8606
17.7400	0.005000	0.004985	0.004916	-0.024068	0.005413	-0.003090	0.4932	6.9501
17.7500	0.005000	0.004985	0.004786	-0.028802	0.005380	-0.003292	0.4821	6.9857
17.7600	0.005000	0.004936	0.004739	-0.023203	0.005360	-0.001982	0.4643	7.1201
17.7700	0.005000	0.004888	0.004745	-0.019648	0.005308	-0.005142	0.4665	6.8872
17.7800	0.005000	0.004888	0.004777	-0.010516	0.005270	-0.003857	0.4532	7.6058
17.7900	0.005000	0.004888	0.004849	-0.016627	0.005231	-0.003868	0.4843	6.7684
17.8000	0.005000	0.004936	0.004823	-0.012807	0.005180	-0.005094	0.4621	7.7499
17.8100	0.005000	0.004936	0.004877	-0.021800	0.005174	-0.000652	0.4932	6.7029
17.8200	0.005000	0.004985	0.004833	-0.017033	0.005166	-0.000733	0.4643	7.8435
17.8300	0.005000	0.004985	0.004907	-0.026410	0.005212	0.004569	0.4999	6.6898
17.8400	0.005000	0.004985	0.004768	-0.024887	0.005229	0.001721	0.4688	7.3567
17.8500	0.005000	0.004985	0.004867	-0.021351	0.005259	0.002997	0.4777	7.2769
17.8600	0.005000	0.004985	0.004843	-0.024983	0.005272	0.001272	0.4843	7.0236
17.8700	0.005000	0.004936	0.004743	-0.023807	0.005286	0.001442	0.4688	6.9890
17.8800	0.005000	0.004888	0.004736	-0.017481	0.005253	-0.003306	0.4599	7.0804
17.8900	0.005000	0.004888	0.004803	-0.010883	0.005219	-0.003454	0.4599	7.4300
17.9000	0.005000	0.004888	0.004829	-0.017099	0.005198	-0.002103	0.4821	6.7569
17.9100	0.005000	0.004888	0.004752	-0.013619	0.005153	-0.004502	0.4577	7.3751
17.9200	0.005000	0.004839	0.004755	-0.017748	0.005126	-0.002646	0.4754	6.4376
17.9300	0.005000	0.004839	0.004712	-0.004650	0.005080	-0.004665	0.4354	7.8451
17.9400	0.005000	0.004839	0.004868	-0.012227	0.005074	-0.000574	0.4865	6.5363
17.9500	0.005000	0.004888	0.004777	-0.008608	0.005038	-0.003599	0.4532	7.7520
17.9600	0.005000	0.004888	0.004868	-0.017808	0.005047	0.000957	0.4910	6.5254
17.9700	0.005000	0.004936	0.004799	-0.011038	0.005030	-0.001720	0.4532	7.9388
17.9800	0.005000	0.004985	0.004986	-0.018028	0.005086	0.005535	0.4976	7.0914
17.9900	0.005000	0.005034	0.004883	-0.024627	0.005127	0.004151	0.4865	7.3913
18.0000	0.005000	0.004985	0.004801	-0.031954	0.005200	0.007257	0.4910	6.4910
18.0100	0.005000	0.004985	0.004777	-0.018094	0.005210	0.001055	0.4510	7.8658
18.0200	0.005000	0.004985	0.004930	-0.021030	0.005260	0.004935	0.4910	6.9930
18.0300	0.005000	0.005034	0.004887	-0.024211	0.005282	0.002239	0.4843	7.3940
18.0400	0.005000	0.005034	0.004881	-0.026564	0.005299	0.001679	0.4865	7.1677
18.0500	0.005000	0.005034	0.004861	-0.025670	0.005299	0.000041	0.4799	7.3365
18.0600	0.005000	0.005034	0.004882	-0.026930	0.005339	0.003930	0.4865	7.1459
18.0700	0.005000	0.005034	0.004856	-0.026078	0.005356	0.001729	0.4799	7.3157
18.0800	0.005000	0.005034	0.004880	-0.026153	0.005369	0.001297	0.4843	7.2194
18.0900	0.005000	0.005034	0.004865	-0.025234	0.005371	0.000241	0.4799	7.3636
18.1000	0.005000	0.005034	0.004883	-0.026682	0.005380	0.000912	0.4865	7.1750
18.1100	0.005000	0.005034	0.004858	-0.027892	0.005385	0.000440	0.4843	7.1603
18.1200	0.005000	0.005034	0.004861	-0.022083	0.005378	-0.000645	0.4710	7.6792
18.1300	0.005000	0.005034	0.004917	-0.031575	0.005395	0.001710	0.5043	6.6391
18.1400	0.005000	0.005083	0.004867	-0.021399	0.005389	-0.000667	0.4621	8.2864
18.1500	0.005000	0.005083	0.004999	-0.038670	0.005428	0.003887	0.5265	6.2680
18.1600	0.005000	0.005083	0.004747	-0.030289	0.005427	-0.000010	0.4577	8.0045
18.1700	0.005000	0.005083	0.004982	-0.031020	0.005462	0.003405	0.5021	7.0496
18.1800	0.005000	0.005083	0.004834	-0.035282	0.005470	0.000848	0.4888	7.1890
18.1900	0.005000	0.005034	0.004802	-0.031385	0.005493	0.002342	0.4777	7.1221
18.2000	0.005000	0.005034	0.004860	-0.026133	0.005457	-0.003606	0.4777	7.3769
18.2100	0.005000	0.005034	0.004878	-0.026350	0.005460	0.000220	0.4843	7.2643
18.2200	0.005000	0.004985	0.004787	-0.031445	0.005444	-0.001541	0.4865	6.6246
18.2300	0.005000	0.004985	0.004790	-0.017902	0.005394	-0.005056	0.4532	7.8656
18.2400	0.005000	0.004936	0.004845	-0.025559	0.005373	-0.002085	0.4932	6.4247
18.2500	0.005000	0.004985	0.004814	-0.014638	0.005330	-0.004245	0.4532	8.1110
18.2600	0.005000	0.004936	0.004864	-0.029543	0.005323	-0.000747	0.5065	6.0211
18.2700	0.005000	0.004985	0.004763	-0.012085	0.005261	-0.006166	0.4354	8.6127
18.2800	0.005000	0.004936	0.004920	-0.033688	0.005293	0.003175	0.5243	5.5619
18.2900	0.005000	0.004985	0.004688	-0.014436	0.005241	-0.005175	0.4243	8.8321
18.3000	0.005000	0.004936	0.004941	-0.033228	0.005280	0.003919	0.5243	5.6469
18.3100	0.005000	0.004985	0.004679	-0.016744	0.005224	-0.005592	0.4288	8.7293
18.3200	0.005000	0.004936	0.004923	-0.034101	0.005278	0.005312	0.5221	5.6895
18.3300	0.005000	0.004985	0.004682	-0.017642	0.005215	-0.006253	0.4310	8.6508
18.3400	0.005000	0.004936	0.004913	-0.033959	0.005273	0.005791	0.5199	5.7297
18.3500	0.005000	0.004936	0.004611	-0.021032	0.005216	-0.005650	0.4332	8.0557
18.3600	0.005000	0.004888	0.004843	-0.021389	0.005237	0.002100	0.4865	6.4994
18.3700	0.005000	0.004888	0.004700	-0.016635	0.005178	-0.005981	0.4532	7.4353
18.3800	0.005000	0.004888	0.004834	-0.015473	0.005182	0.000389	0.4754	6.9487
18.3900	0.005000	0.004888	0.004765	-0.016039	0.005126	-0.005558	0.4665	7.1002
18.4000	0.005000	0.004936	0.004879	-0.007572	0.005113	-0.001244	0.4599	7.9375
18.4100	0.005000	0.004985	0.004974	-0.024057	0.005131	0.001748	0.5110	6.6074
18.4200	0.005000	0.004985	0.004752	-0.025481	0.005161	0.003018	0.4688	7.2966
18.4300	0.005000	0.004985	0.004871	-0.019231	0.005181	0.002019	0.4732	7.3805
18.4400	0.005000	0.005034	0.004940	-0.020908	0.005218	0.003708	0.4865	7.4717
18.4500	0.005000	0.005034	0.004882	-0.029534	0.005285	0.006681	0.4954	6.8957
18.4600	0.005000	0.005034	0.004830	-0.026709	0.005296	0.001111	0.4754	7.3546
18.4700	0.005000	0.005034	0.004889	-0.024679	0.005319	0.002296	0.4821	7.2941
18.4800	0.005000	0.005034	0.004874	-0.026147	0.005349	0.002940	0.4843	7.2208
18.4900	0.005000	0.005034	0.004869	-0.026976	0.005368	0.001962	0.4843	7.1747
18.5000	0.005000	0.005034	0.004864	-0.025571	0.005366	-0.000235	0.4799	7.3157
18.5100	0.005000	0.005034	0.004881	-0.024953	0.005372	0.000555	0.4821	7.3106
18.5200	0.005000	0.005034	0.004877	-0.029076	0.005385	0.001391	0.4910	6.9595
18.5300	0.005000	0.005083	0.004916	-0.020957	0.005381	-0.000419	0.4710	8.0694
18.5400	0.005000	0.005083	0.004974	-0.036909	0.005417	0.003586	0.5199	6.4334
18.5500	0.005000	0.005132	0.004858	-0.026125	0.005425	0.000739	0.4621	8.4134
18.5600	0.005000	0.005083	0.004957	-0.044147	0.005481	0.005673	0.5287	5.9341
18.5700	0.005000	0.005132	0.004795	-0.024337	0.005470	-0.001108	0.4421	8.9517
18.5800	0.005000	0.005083	0.005012	-0.049037	0.005545	0.007457	0.5465	5.4892
18.5900	0.005000	0.005132	0.004713	-0.027407	0.005503	-0.004157	0.4310	9.1899
18.6000	0.005000	0.005034	0.004953	-0.053499	0.005567	0.006388	0.5487	4.9898
18.6100	0.005000	0.005034	0.004548	-0.030115	0.005493	-0.007396	0.4177	8.7055
18.6200	0.005000	0.004936	0.004868	-0.036943	0.005513	0.002009	0.5110	5.7255
18.6300	0.005000	0.004985	0.004686	-0.015249	0.005394	-0.011899	0.4243	8.9265
18.6400	0.005000	0.004936	0.004934	-0.038520	0.005417	0.002288	0.5332	5.3708
18.6500	0.005000	0.004936	0.004553	-0.021358	0.005293	-0.012421	0.4199	8.4217
18.6600	0.005000	0.004888	0.004875	-0.021532	0.005280	-0.001272	0.4910	6.5239
18.6700	0.005000	0.004936	0.004758	-0.017908	0.005215	-0.006560	0.4599	7.7526
18.6800	0.005000	0.004936	0.004864	-0.023212	0.005238	0.002392	0.4910	6.7583
18.6900	0.005000	0.004985	0.004826	-0.019840	0.005186	-0.005275	0.4688	7.6716
18.7000	0.005000	0.004936	0.004804	-0.027932	0.005224	0.003844	0.4910	6.4162
18.7100	0.005000	0.004985	0.004815	-0.012358	0.005204	-0.001992	0.4465	8.3494
18.7200	0.005000	0.004985	0.004964	-0.029522	0.005253	0.004843	0.5176	6.2207
18.7300	0.005000	0.004985	0.004703	-0.024902	0.005250	-0.000267	0.4554	7.6456
18.7400	0.005000	0.004936	0.004828	-0.023790	0.005263	0.001262	0.4821	6.6898
18.7500	0.005000	0.004936	0.004764	-0.016158	0.005233	-0.002953	0.4554	7.6273
18.7600	0.005000	0.004936	0.004878	-0.019633	0.005255	0.002172	0.4865	6.8495
18.7700	0.005000	0.004936	0.004775	-0.020001	0.005217	-0.003733	0.4688	7.1906
18.7800	0.005000	0.004888	0.004755	-0.019004	0.005204	-0.001337	0.4688	6.8032
18.7900	0.005000	0.004936	0.004855	-0.007195	0.005162	-0.004172	0.4532	8.0360
18.8000	0.005000	0.004888	0.004835	-0.028996	0.005192	0.002965	0.5110	5.5985
18.8100	0.005000	0.004936	0.004707	-0.006228	0.005139	-0.005332	0.4177	8.8281
18.8200	0.005000	0.004936	0.005012	-0.023514	0.005155	0.001607	0.5199	6.1024
18.8300	0.005000	0.004985	0.004734	-0.020136	0.005150	-0.000501	0.4532	8.0035
18.8400	0.005000	0.004985	0.004935	-0.025561	0.005197	0.004743	0.4999	6.6906
18.8500	0.005000	0.004985	0.004760	-0.025262	0.005186	-0.001074	0.4688	7.3317
18.8600	0.005000	0.004936	0.004790	-0.023500	0.005242	0.005532	0.4754	6.8051
18.8700	0.005000	0.004936	0.004790	-0.014176	0.005213	-0.002920	0.4554	7.6518
18.8800	0.005000	0.004936	0.004883	-0.020775	0.005232	0.001954	0.4910	6.6768
18.8900	0.005000	0.004936	0.004761	-0.016553	0.005200	-0.003166	0.4577	7.5270
18.9000	0.005000	0.004936	0.004876	-0.016840	0.005189	-0.001156	0.4799	7.0433
18.9100	0.005000	0.004936	0.004804	-0.020040	0.005180	-0.000867	0.4754	7.0118
18.9200	0.005000	0.004936	0.004815	-0.010411	0.005171	-0.000894	0.4532	7.8591
18.9300	0.005000	0.004936	0.004905	-0.024323	0.005179	0.000792	0.5043	6.2928
18.9400	0.005000	0.004936	0.004712	-0.018291	0.005178	-0.000137	0.4510	7.5781
18.9500	0.005000	0.004888	0.004810	-0.018644	0.005174	-0.000347	0.4777	6.5887
18.9600	0.005000	0.004936	0.004826	-0.007383	0.005142	-0.003185	0.4488	8.0993
18.9700	0.005000	0.004985	0.005007	-0.019644	0.005177	0.003461	0.5065	6.8081
18.9800	0.005000	0.005034	0.004854	-0.024209	0.005176	-0.000085	0.4799	7.4771
18.9900	0.005000	0.005034	0.004900	-0.026201	0.005217	0.004080	0.4888	7.0870
19.0000	0.005000	0.005083	0.004931	-0.023018	0.005250	0.003303	0.4799	7.7794
19.0100	0.005000	0.005083	0.004944	-0.035331	0.005343	0.009302	0.5110	6.6056
19.0200	0.005000	0.005083	0.004813	-0.028253	0.005369	0.002589	0.4665	7.7604
19.0300	0.005000	0.005083	0.004963	-0.027466	0.005403	0.003405	0.4932	7.2635
19.0400	0.005000	0.005132	0.004959	-0.029772	0.005433	0.003041	0.4932	7.6021
19.0500	0.005000	0.005132	0.004938	-0.039057	0.005488	0.005449	0.5088	6.8349
19.0600	0.005000	0.005132	0.004858	-0.034373	0.005495	0.000675	0.4799	7.5573
19.0700	0.005000	0.005132	0.004953	-0.031280	0.005527	0.003187	0.4910	7.4685
19.0800	0.005000	0.005132	0.004927	-0.038252	0.005563	0.003609	0.5043	6.9552
19.0900	0.005000	0.005132	0.004873	-0.034061	0.005578	0.001488	0.4821	7.5369
19.1000	0.005000	0.005083	0.004869	-0.034716	0.005569	-0.000834	0.4910	6.9665
19.1100	0.005000	0.005083	0.004865	-0.027227	0.005556	-0.001357	0.4732	7.7051
19.1200	0.005000	0.005083	0.004942	-0.031651	0.005555	-0.000043	0.4999	7.0239
19.1300	0.005000	0.005034	0.004773	-0.034372	0.005531	-0.002469	0.4821	6.8961
19.1400	0.005000	0.004985	0.004769	-0.023119	0.005488	-0.004289	0.4599	7.4290
19.1500	0.005000	0.004985	0.004884	-0.020618	0.005443	-0.004436	0.4799	7.2218
19.1600	0.005000	0.004985	0.004840	-0.024984	0.005422	-0.002108	0.4843	6.9798
19.1700	0.005000	0.004936	0.004745	-0.023674	0.005372	-0.004993	0.4688	6.9298
19.1800	0.005000	0.004936	0.004815	-0.012357	0.005306	-0.006670	0.4554	7.7066
19.1900	0.005000	0.004936	0.004886	-0.020000	0.005290	-0.001590	0.4910	6.7416
19.2000	0.005000	0.004985	0.004845	-0.015638	0.005261	-0.002899	0.4643	7.8362
19.2100	0.005000	0.004936	0.004835	-0.028651	0.005256	-0.000468	0.4999	6.1489
19.2200	0.005000	0.004985	0.004789	-0.009861	0.005216	-0.004007	0.4354	8.6499
19.2300	0.005000	0.004936	0.004926	-0.034669	0.005266	0.005038	0.5287	5.4018
19.2400	0.005000	0.004985	0.004674	-0.014001	0.005226	-0.004021	0.4199	8.9013
19.2500	0.005000	0.004936	0.004954	-0.032283	0.005262	0.003565	0.5243	5.6521
19.2600	0.005000	0.004936	0.004603	-0.021278	0.005215	-0.004638	0.4332	8.0231
19.2700	0.005000	0.004888	0.004845	-0.021321	0.005237	0.002127	0.4865	6.4585
19.2800	0.005000	0.004936	0.004778	-0.011662	0.005165	-0.007179	0.4488	8.0870
19.2900	0.005000	0.004936	0.004915	-0.026209	0.005208	0.004365	0.5088	6.1995
19.3000	0.005000	0.004985	0.004765	-0.015663	0.005156	-0.005257	0.4465	8.2457
19.3100	0.005000	0.004936	0.004882	-0.030799	0.005202	0.004588	0.5110	5.8705
19.3200	0.005000	0.004985	0.004739	-0.011537	0.005173	-0.002896	0.4288	8.7767
19.3300	0.005000	0.004985	0.005018	-0.032478	0.005241	0.006846	0.5310	5.8615
19.3400	0.005000	0.005034	0.004719	-0.022642	0.005222	-0.001934	0.4443	8.4137
19.3500	0.005000	0.005034	0.004997	-0.033018	0.005285	0.006349	0.5176	6.3929
19.3600	0.005000	0.005034	0.004727	-0.029525	0.005279	-0.000600	0.4621	7.6731
19.3700	0.005000	0.005034	0.004924	-0.025204	0.005338	0.005887	0.4865	7.2609
19.3800	0.005000	0.005083	0.004927	-0.027994	0.005339	0.000028	0.4910	7.4701
19.3900	0.005000	0.005132	0.004975	-0.027789	0.005390	0.005140	0.4910	7.7935
19.4000	0.005000	0.005132	0.004948	-0.044003	0.005433	0.004342	0.5221	6.4461
19.4100	0.005000	0.005083	0.004724	-0.035204	0.005466	0.003257	0.4621	7.5669
19.4200	0.005000	0.005034	0.004868	-0.028716	0.005486	0.001955	0.4821	7.0697
19.4300	0.005000	0.005034	0.004847	-0.027294	0.005488	0.000248	0.4799	7.2728
19.4400	0.005000	0.005034	0.004874	-0.025948	0.005480	-0.000789	0.4821	7.2685
19.4500	0.005000	0.005034	0.004871	-0.026757	0.005433	-0.004736	0.4843	7.1981
19.4600	0.005000	0.005083	0.004943	-0.022321	0.005417	-0.001602	0.4799	7.8557
19.4700	0.005000	0.005132	0.005022	-0.035138	0.005444	0.002699	0.5176	6.9346
19.4800	0.005000	0.005181	0.004925	-0.033889	0.005471	0.002755	0.4865	7.9228
19.4900	0.005000	0.005181	0.004996	-0.042856	0.005531	0.005966	0.5176	6.8675
19.5000	0.005000	0.005230	0.004942	-0.035382	0.005573	0.004231	0.4821	8.2832
19.5100	0.005000	0.005181	0.004971	-0.054712	0.005668	0.009511	0.5376	5.9744
19.5200	0.005000	0.005132	0.004682	-0.036432	0.005659	-0.000911	0.4443	8.2821
19.5300	0.005000	0.005083	0.004960	-0.037841	0.005677	0.001754	0.5088	6.6184
19.5400	0.005000	0.005083	0.004779	-0.033349	0.005639	-0.003803	0.4710	7.6819
19.5500	0.005000	0.005034	0.004854	-0.034284	0.005622	-0.001633	0.4932	6.7582
19.5600	0.005000	0.004985	0.004721	-0.029485	0.005532	-0.009025	0.4665	7.1616
19.5700	0.005000	0.004936	0.004771	-0.023059	0.005491	-0.004087	0.4688	7.0039
19.5800	0.005000	0.004985	0.004884	-0.011702	0.005407	-0.008428	0.4599	8.1259
19.5900	0.005000	0.004985	0.004929	-0.031561	0.005395	-0.001202	0.5176	6.1726
19.6000	0.005000	0.004985	0.004703	-0.023511	0.005340	-0.005533	0.4510	7.7993
19.6100	0.005000	0.004985	0.004919	-0.022408	0.005323	-0.001712	0.4888	7.0399
19.6200	0.005000	0.004985	0.004801	-0.027292	0.005324	0.000178	0.4821	7.0133
19.6300	0.005000	0.004985	0.004823	-0.021155	0.005335	0.001109	0.4688	7.4665
19.6400	0.005000	0.005034	0.004949	-0.019827	0.005307	-0.002825	0.4843	7.6205
19.6500	0.005000	0.005034	0.004887	-0.034976	0.005349	0.004219	0.5088	6.4806
19.6600	0.005000	0.005034	0.004773	-0.023738	0.005344	-0.000492	0.4554	7.9620
19.6700	0.005000	0.004985	0.004875	-0.029650	0.005358	0.001337	0.4976	6.5169
19.6800	0.005000	0.004985	0.004755	-0.021971	0.005356	-0.000216	0.4577	7.7123
19.6900	0.005000	0.004985	0.004904	-0.022976	0.005359	0.000326	0.4888	7.0332
19.7000	0.005000	0.004936	0.004726	-0.030326	0.005332	-0.002681	0.4821	6.4929
19.7100	0.005000	0.004888	0.004681	-0.013721	0.005293	-0.003960	0.4377	7.6781
19.7200	0.005000	0.004839	0.004796	-0.015909	0.005241	-0.005164	0.4777	6.5013
19.7300	0.005000	0.004839	0.004705	-0.008402	0.005188	-0.005335	0.4443	7.5681
19.7400	0.005000	0.004839	0.004835	-0.009560	0.005130	-0.005708	0.4732	6.9316
19.7500	0.005000	0.004888	0.004824	-0.010178	0.005071	-0.005987	0.4665	7.4334
19.7600	0.005000	0.004936	0.004902	-0.015128	0.005077	0.000628	0.4843	7.1667
19.7700	0.005000	0.004936	0.004806	-0.023402	0.005089	0.001202	0.4843	6.7458
19.7800	0.005000	0.004985	0.004859	-0.010711	0.005108	0.001877	0.4532	8.2325
19.7900	0.005000	0.005034	0.005032	-0.027560	0.005173	0.006526	0.5199	6.6062
19.8000	0.005000	0.005034	0.004760	-0.032257	0.005234	0.006113	0.4777	7.1864
19.8100	0.005000	0.005034	0.004876	-0.022220	0.005265	0.003123	0.4710	7.6285
19.8200	0.005000	0.005083	0.004985	-0.025067	0.005301	0.003561	0.4954	7.4790
19.8300	0.005000	0.005083	0.004891	-0.037514	0.005386	0.008520	0.5065	6.7029
19.8400	0.005000	0.005034	0.004745	-0.030265	0.005389	0.000297	0.4643	7.4079
19.8500	0.005000	0.004985	0.004827	-0.026750	0.005394	0.000466	0.4799	6.8941
19.8600	0.005000	0.004985	0.004813	-0.016914	0.005383	-0.001113	0.4577	7.8664
19.8700	0.005000	0.005034	0.004998	-0.024466	0.005384	0.000140	0.5043	7.0386
19.8800	0.005000	0.005034	0.004811	-0.031554	0.005363	-0.002088	0.4865	7.0630
19.8900	0.005000	0.005034	0.004852	-0.024718	0.005357	-0.000591	0.4732	7.5226
19.9000	0.005000	0.004985	0.004818	-0.028757	0.005360	0.000288	0.4865	6.7486
19.9100	0.005000	0.004985	0.004798	-0.019478	0.005365	0.000460	0.4599	7.7086
19.9200	0.005000	0.004985	0.004903	-0.023304	0.005353	-0.001118	0.4910	6.9542
19.9300	0.005000	0.005034	0.004880	-0.023360	0.005338	-0.001570	0.4799	7.5536
19.9400	0.005000	0.005034	0.004893	-0.028468	0.005348	0.001017	0.4932	7.0058
19.9500	0.005000	0.005083	0.004912	-0.023995	0.005346	-0.000213	0.4777	7.8738
19.9600	0.005000	0.005034	0.004867	-0.039746	0.005403	0.005690	0.5132	6.0947
19.9700	0.005000	0.005083	0.004815	-0.018016	0.005389	-0.001338	0.4399	8.8787
19.9800	0.005000	0.005083	0.005064	-0.041139	0.005448	0.005821	0.5421	5.9494
19.9900	0.005000	0.005132	0.004762	-0.031674	0.005450	0.000222	0.4554	8.4889
20.0000	0.005000	0.005083	0.004959	-0.043841	0.005503	0.005285	0.5243	6.1293
20.0100	0.005000	0.005132	0.004797	-0.028689	0.005476	-0.002617	0.4532	8.6401
20.0200	0.005000	0.005083	0.004968	-0.047769	0.005562	0.008518	0.5354	5.7905
20.0300	0.005000	0.005083	0.004675	-0.030692	0.005513	-0.004824	0.4399	8.4834
20.0400	0.005000	0.005083	0.005021	-0.036245	0.005545	0.003207	0.5176	6.6775
20.0500	0.005000	0.005083	0.004758	-0.039264	0.005523	-0.002226	0.4821	7.2987
20.0600	0.005000	0.005034	0.004807	-0.033162	0.005536	0.001256	0.4799	7.0738
20.0700	0.005000	0.004985	0.004760	-0.031280	0.005482	-0.005396	0.4777	6.8563
20.0800	0.005000	0.004985	0.004807	-0.016577	0.005456	-0.002584	0.4532	8.0050
20.0900	0.005000	0.004985	0.004926	-0.029165	0.005427	-0.002913	0.5088	6.4394
20.1000	0.005000	0.004985	0.004729	-0.023763	0.005378	-0.004866	0.4577	7.6862
20.1100	0.005000	0.004936	0.004823	-0.026843	0.005351	-0.002675	0.4888	6.4991
20.1200	0.005000	0.004936	0.004736	-0.017121	0.005302	-0.004931	0.4510	7.7251
20.1300	0.005000	0.004936	0.004886	-0.019445	0.005302	-0.000042	0.4865	6.9160
20.1400	0.005000	0.004985	0.004851	-0.020901	0.005267	-0.003444	0.4777	7.4199
20.1500	0.005000	0.005034	0.004935	-0.021743	0.005273	0.000586	0.4865	7.5035
20.1600	0.005000	0.005034	0.004876	-0.031183	0.005287	0.001414	0.4976	6.8610
20.1700	0.005000	0.005034	0.004817	-0.028122	0.005325	0.003742	0.4754	7.3735
20.1800	0.005000	0.004985	0.004805	-0.028663	0.005348	0.002319	0.4821	6.8257
20.1900	0.005000	0.004985	0.004807	-0.018813	0.005346	-0.000211	0.4599	7.7453
20.2000	0.005000	0.004985	0.004904	-0.024030	0.005351	0.000573	0.4932	6.9105
20.2100	0.005000	0.005034	0.004872	-0.022183	0.005331	-0.002008	0.4754	7.7360
20.2200	0.005000	0.005034	0.004910	-0.031073	0.005346	0.001419	0.5021	6.7746
20.2300	0.005000	0.004985	0.004720	-0.031619	0.005346	0.000089	0.4732	6.9203
20.2400	0.005000	0.004985	0.004828	-0.015125	0.005340	-0.000664	0.4532	8.0135
20.2500	0.005000	0.004936	0.004850	-0.032734	0.005354	0.001452	0.5110	5.8384
20.2600	0.005000	0.004985	0.004739	-0.010179	0.005309	-0.004517	0.4243	8.9633
20.2700	0.005000	0.004936	0.004953	-0.036516	0.005312	0.000268	0.5354	5.3260
20.2800	0.005000	0.004936	0.004561	-0.021119	0.005258	-0.005405	0.4221	8.3221
20.2900	0.005000	0.004888	0.004872	-0.022720	0.005261	0.000334	0.4932	6.3695
20.3000	0.005000	0.004888	0.004670	-0.019265	0.005200	-0.006087	0.4532	7.4024
20.3100	0.005000	0.004839	0.004747	-0.016895	0.005203	0.000310	0.4688	6.6983
20.3200	0.005000	0.004888	0.004803	-0.005012	0.005108	-0.009518	0.4465	8.0804
20.3300	0.005000	0.004936	0.004967	-0.021608	0.005134	0.002612	0.5110	6.4599
20.3400	0.005000	0.004985	0.004780	-0.018955	0.005117	-0.001697	0.4599	7.9053
20.3500	0.005000	0.004985	0.004919	-0.024130	0.005151	0.003358	0.4954	6.8778
20.3600	0.005000	0.005034	0.004862	-0.024868	0.005188	0.003737	0.4799	7.5321
20.3700	0.005000	0.005034	0.004889	-0.028218	0.005265	0.007678	0.4910	7.0791
20.3800	0.005000	0.005034	0.004839	-0.027670	0.005289	0.002346	0.4799	7.3145
20.3900	0.005000	0.004985	0.004796	-0.030150	0.005333	0.004441	0.4843	6.7162
20.4000	0.005000	0.004985	0.004797	-0.017993	0.005322	-0.001057	0.4554	7.8386
20.4100	0.005000	0.004985	0.004918	-0.023853	0.005332	0.000914	0.4954	6.8467
20.4200	0.005000	0.005034	0.004865	-0.023589	0.005324	-0.000777	0.4777	7.5951
20.4300	0.005000	0.004985	0.004821	-0.031214	0.005333	0.000879	0.4932	6.5088
20.4400	0.005000	0.005034	0.004850	-0.015157	0.005303	-0.002997	0.4510	8.4385
20.4500	0.005000	0.005034	0.004993	-0.035998	0.005361	0.005796	0.5287	6.0539
20.4600	0.005000	0.005083	0.004777	-0.023705	0.005353	-0.000772	0.4488	8.5642
20.4700	0.005000	0.005034	0.004952	-0.041803	0.005403	0.005027	0.5287	5.7881
20.4800	0.005000	0.005034	0.004666	-0.025315	0.005377	-0.002567	0.4354	8.4338
20.4900	0.005000	0.005034	0.005002	-0.032552	0.005429	0.005143	0.5154	6.5131
20.5000	0.005000	0.005034	0.004728	-0.032116	0.005402	-0.002723	0.4688	7.5123
20.5100	0.005000	0.004985	0.004819	-0.028920	0.005418	0.001614	0.4821	6.8780
20.5200	0.005000	0.004985	0.004796	-0.022576	0.005362	-0.005615	0.4665	7.5111
20.5300	0.005000	0.004936	0.004795	-0.027394	0.005376	0.001395	0.4865	6.5155
20.5400	0.005000	0.004936	0.004747	-0.014514	0.005310	-0.006510	0.4465	7.8929
20.5500	0.005000	0.004936	0.004905	-0.020430	0.005288	-0.002201	0.4932	6.7420
20.5600	0.005000	0.004936	0.004751	-0.021948	0.005257	-0.003113	0.4688	7.1764
20.5700	0.005000	0.004936	0.004828	-0.014825	0.005232	-0.002579	0.4643	7.5033
20.5800	0.005000	0.004985	0.004931	-0.019887	0.005217	-0.001447	0.4910	7.1704
20.5900	0.005000	0.004985	0.004819	-0.026272	0.005248	0.003059	0.4843	6.9825
20.6000	0.005000	0.004985	0.004823	-0.020915	0.005244	-0.000387	0.4688	7.4556
20.6100	0.005000	0.004985	0.004874	-0.023704	0.005260	0.001660	0.4865	6.9954
20.6200	0.005000	0.004985	0.004815	-0.023672	0.005285	0.002463	0.4754	7.2148
20.6300	0.005000	0.004985	0.004851	-0.021122	0.005286	0.000141	0.4754	7.3007
20.6400	0.005000	0.004936	0.004777	-0.026205	0.005285	-0.000138	0.4821	6.5922
20.6500	0.005000	0.004936	0.004770	-0.013450	0.005262	-0.002297	0.4488	7.8169
20.6600	0.005000	0.004936	0.004902	-0.018221	0.005247	-0.001479	0.4888	6.8732
20.6700	0.005000	0.004936	0.004775	-0.023499	0.005239	-0.000865	0.4777	6.8750
20.6800	0.005000	0.004936	0.004798	-0.013534	0.005210	-0.002843	0.4554	7.6757
20.6900	0.005000	0.004936	0.004884	-0.019463	0.005196	-0.001401	0.4888	6.8091
20.7000	0.005000	0.004985	0.004851	-0.015982	0.005205	0.000899	0.4665	7.7888
20.7100	0.005000	0.004936	0.004828	-0.028222	0.005222	0.001649	0.4976	6.2266
20.7200	0.005000	0.004936	0.004720	-0.014969	0.005195	-0.002663	0.4421	7.9119
20.7300	0.005000	0.004936	0.004917	-0.018702	0.005214	0.001903	0.4910	6.7890
20.7400	0.005000	0.004985	0.004839	-0.016670	0.005204	-0.001010	0.4665	7.7923
20.7500	0.005000	0.005034	0.004984	-0.023196	0.005233	0.002898	0.4999	7.1621
20.7600	0.005000	0.005034	0.004832	-0.031685	0.005247	0.001443	0.4910	6.9391
20.7700	0.005000	0.005034	0.004839	-0.023778	0.005287	0.004007	0.4688	7.6309
20.7800	0.005000	0.005034	0.004914	-0.026147	0.005318	0.003005	0.4910	7.1236
20.7900	0.005000	0.004985	0.004767	-0.031780	0.005360	0.004204	0.4843	6.6491
20.8000	0.005000	0.004985	0.004799	-0.016404	0.005337	-0.002210	0.4510	7.9486
20.8100	0.005000	0.004985	0.004933	-0.023361	0.005328	-0.000926	0.4976	6.8005
20.8200	0.005000	0.004985	0.004783	-0.025904	0.005329	0.000037	0.4754	7.1451
20.8300	0.005000	0.004985	0.004848	-0.018996	0.005304	-0.002410	0.4688	7.5029
20.8400	0.005000	0.005034	0.004956	-0.020725	0.005291	-0.001320	0.4888	7.4549
20.8500	0.005000	0.005034	0.004874	-0.032048	0.005335	0.004372	0.4999	6.7262
20.8600	0.005000	0.005034	0.004810	-0.024990	0.005334	-0.000133	0.4665	7.6190
20.8700	0.005000	0.005034	0.004919	-0.024126	0.005345	0.001119	0.4865	7.2726
20.8800	0.005000	0.005034	0.004862	-0.028841	0.005375	0.003033	0.4888	7.0733
20.8900	0.005000	0.005034	0.004849	-0.027158	0.005388	0.001300	0.4799	7.2745
20.9000	0.005000	0.004985	0.004796	-0.029043	0.005378	-0.000975	0.4821	6.7620
20.9100	0.005000	0.004985	0.004809	-0.016855	0.005359	-0.001950	0.4554	7.8502
20.9200	0.005000	0.004985	0.004923	-0.025269	0.005359	-0.000000	0.4999	6.6641
20.9300	0.005000	0.004985	0.004770	-0.022539	0.005332	-0.002681	0.4643	7.5039
20.9400	0.005000	0.004985	0.004889	-0.022126	0.005317	-0.001523	0.4843	7.0771
20.9500	0.005000	0.005034	0.004900	-0.019620	0.005298	-0.001874	0.4754	7.7776
20.9600	0.005000	0.005034	0.004918	-0.032779	0.005343	0.004444	0.5088	6.5177
20.9700	0.005000	0.005083	0.004854	-0.020771	0.005330	-0.001298	0.4577	8.4065
20.9800	0.005000	0.005083	0.005013	-0.038649	0.005391	0.006095	0.5287	6.2430
20.9900	0.005000	0.005132	0.004817	-0.027772	0.005407	0.001646	0.4577	8.5219
21.0000	0.005000	0.005132	0.005043	-0.042226	0.005480	0.007328	0.5310	6.4160
21.0100	0.005000	0.005083	0.004685	-0.042379	0.005496	0.001596	0.4732	7.1916
21.0200	0.005000	0.005034	0.004820	-0.028138	0.005520	0.002416	0.4688	7.4022
21.0300	0.005000	0.004985	0.004803	-0.029810	0.005490	-0.003063	0.4843	6.7592
21.0400	0.005000	0.004985	0.004797	-0.019877	0.005469	-0.002053	0.4599	7.6956
21.0500	0.005000	0.004936	0.004822	-0.025735	0.005408	-0.006171	0.4888	6.5233
21.0600	0.005000	0.004936	0.004748	-0.016885	0.005339	-0.006822	0.4532	7.6440
21.0700	0.005000	0.004936	0.004881	-0.018677	0.005305	-0.003410	0.4843	6.9430
21.0800	0.005000	0.004936	0.004783	-0.019142	0.005263	-0.004264	0.4688	7.2674
21.0900	0.005000	0.004936	0.004837	-0.018354	0.005248	-0.001492	0.4754	7.1244
21.1000	0.005000	0.004936	0.004813	-0.019867	0.005222	-0.002581	0.4754	7.0603
21.1100	0.005000	0.004936	0.004812	-0.016389	0.005217	-0.000474	0.4665	7.3685
21.1200	0.005000	0.004936	0.004847	-0.019843	0.005211	-0.000599	0.4821	6.9160
21.1300	0.005000	0.004985	0.004870	-0.014746	0.005204	-0.000693	0.4665	7.8165
21.1400	0.005000	0.004985	0.004907	-0.026679	0.005228	0.002405	0.5021	6.5827
21.1500	0.005000	0.004985	0.004765	-0.022309	0.005232	0.000341	0.4621	7.5428
21.1600	0.005000	0.004985	0.004894	-0.020676	0.005251	0.001962	0.4821	7.1830
21.1700	0.005000	0.004985	0.004833	-0.025475	0.005268	0.001715	0.4843	6.9696
21.1800	0.005000	0.004985	0.004822	-0.017835	0.005276	0.000799	0.4621	7.7158
21.1900	0.005000	0.004985	0.004905	-0.024697	0.005275	-0.000132	0.4954	6.7955
21.2000	0.005000	0.004985	0.004787	-0.024070	0.005284	0.000876	0.4710	7.3012
21.2100	0.005000	0.004888	0.004708	-0.027556	0.005286	0.000170	0.4777	6.2051
21.2200	0.005000	0.004888	0.004720	-0.003669	0.005219	-0.006698	0.4221	8.4291
21.2300	0.005000	0.004936	0.005030	-0.018131	0.005224	0.000583	0.5132	6.4976
21.2400	0.005000	0.004985	0.004777	-0.022048	0.005200	-0.002488	0.4688	7.5840
21.2500	0.005000	0.005034	0.004968	-0.020860	0.005200	0.000084	0.4888	7.4448
21.2600	0.005000	0.005034	0.004865	-0.030645	0.005221	0.002013	0.4954	6.8996
21.2700	0.005000	0.005083	0.004907	-0.023014	0.005292	0.007116	0.4732	7.9702
21.2800	0.005000	0.005083	0.004958	-0.036487	0.005348	0.005581	0.5154	6.5481
21.2900	0.005000	0.005132	0.004871	-0.026911	0.005387	0.003942	0.4665	8.2886
21.3000	0.005000	0.005132	0.005019	-0.041221	0.005458	0.007100	0.5265	6.4708
21.3100	0.005000	0.005132	0.004787	-0.036239	0.005484	0.002644	0.4710	7.7955
21.3200	0.005000	0.005132	0.004976	-0.033354	0.005531	0.004664	0.4976	7.3360
21.3300	0.005000	0.005132	0.004892	-0.036241	0.005542	0.001061	0.4932	7.3849
21.3400	0.005000	0.005083	0.004835	-0.037698	0.005576	0.003477	0.4910	6.9616
21.3500	0.005000	0.005083	0.004855	-0.030752	0.005549	-0.002755	0.4777	7.5273
21.3600	0.005000	0.005034	0.004834	-0.032772	0.005548	-0.000116	0.4888	6.8656
21.3700	0.005000	0.004985	0.004748	-0.028092	0.005515	-0.003256	0.4688	7.1177
21.3800	0.005000	0.004985	0.004847	-0.018696	0.005461	-0.005367	0.4665	7.5896
21.3900	0.005000	0.004985	0.004882	-0.023511	0.005419	-0.004269	0.4888	7.0135
21.4000	0.005000	0.004985	0.004813	-0.025784	0.005389	-0.002958	0.4799	7.0771
21.4100	0.005000	0.004985	0.004831	-0.020153	0.005345	-0.004412	0.4688	7.5003
21.4200	0.005000	0.004985	0.004876	-0.024321	0.005334	-0.001115	0.4888	6.9502
21.4300	0.005000	0.004985	0.004808	-0.024394	0.005335	0.000138	0.4754	7.1997
21.4400	0.005000	0.004985	0.004848	-0.021518	0.005322	-0.001359	0.4754	7.2890
21.4500	0.005000	0.005034	0.004931	-0.019234	0.005312	-0.001019	0.4799	7.7058
21.4600	0.005000	0.005034	0.004904	-0.033630	0.005348	0.003623	0.5088	6.5087
21.4700	0.005000	0.005083	0.004854	-0.020970	0.005341	-0.000695	0.4577	8.4071
21.4800	0.005000	0.005083	0.005011	-0.038856	0.005394	0.005329	0.5287	6.2531
21.4900	0.005000	0.005083	0.004738	-0.031935	0.005417	0.002290	0.4599	7.9340
21.5000	0.005000	0.005034	0.004893	-0.032259	0.005451	0.003424	0.4954	6.7826
21.5100	0.005000	0.004985	0.004718	-0.033036	0.005440	-0.001088	0.4754	6.8383
21.5200	0.005000	0.004936	0.004737	-0.019601	0.005427	-0.001304	0.4532	7.4393
21.5300	0.005000	0.004888	0.004782	-0.019982	0.005359	-0.006828	0.4754	6.6920
21.5400	0.005000	0.004888	0.004751	-0.012491	0.005300	-0.005852	0.4532	7.5093
21.5500	0.005000	0.004839	0.004766	-0.018625	0.005240	-0.006095	0.4799	6.3364
21.5600	0.005000	0.004888	0.004774	-0.002011	0.005148	-0.009202	0.4332	8.4092
21.5700	0.005000	0.004888	0.004936	-0.023868	0.005149	0.000167	0.5176	5.8323
21.5800	0.005000	0.004936	0.004698	-0.012002	0.005104	-0.004506	0.4332	8.4146
21.5900	0.005000	0.004936	0.004959	-0.023439	0.005131	0.002714	0.5088	6.3559
21.6000	0.005000	0.005034	0.004845	-0.016398	0.005127	-0.000402	0.4577	8.4652
21.6100	0.005000	0.005034	0.004984	-0.038152	0.005231	0.010423	0.5310	5.9736
21.6200	0.005000	0.005034	0.004683	-0.027648	0.005232	0.000018	0.4465	8.0839
21.6300	0.005000	0.004985	0.004890	-0.031024	0.005305	0.007326	0.4999	6.4281
21.6400	0.005000	0.004985	0.004732	-0.023069	0.005301	-0.000356	0.4554	7.7325
21.6500	0.005000	0.004936	0.004828	-0.026271	0.005333	0.003146	0.4888	6.5017
21.6600	0.005000	0.004936	0.004739	-0.016781	0.005269	-0.006416	0.4510	7.7107
21.6700	0.005000	0.004936	0.004887	-0.018182	0.005262	-0.000668	0.4843	6.9779
21.6800	0.005000	0.004985	0.004862	-0.018733	0.005230	-0.003182	0.4754	7.5315
21.6900	0.005000	0.004985	0.004872	-0.025215	0.005245	0.001513	0.4910	6.8705
21.7000	0.005000	0.004985	0.004801	-0.022165	0.005235	-0.001059	0.4688	7.4170
21.7100	0.005000	0.004985	0.004874	-0.022035	0.005261	0.002618	0.4821	7.1368
21.7200	0.005000	0.005034	0.004910	-0.018886	0.005271	0.000989	0.4754	7.8105
21.7300	0.005000	0.005034	0.004920	-0.034540	0.005320	0.004885	0.5132	6.3639
21.7400	0.005000	0.005083	0.004836	-0.019803	0.005312	-0.000723	0.4510	8.5859
21.7500	0.005000	0.005083	0.005034	-0.040307	0.005380	0.006770	0.5354	6.0625
21.7600	0.005000	0.005132	0.004788	-0.030374	0.005404	0.002396	0.4577	8.4213
21.7700	0.005000	0.005132	0.005035	-0.039312	0.005473	0.006916	0.5221	6.6885
21.7800	0.005000	0.005132	0.004797	-0.039784	0.005491	0.001774	0.4821	7.4984
21.7900	0.005000	0.005083	0.004857	-0.036286	0.005546	0.005474	0.4888	7.0362
21.8000	0.005000	0.005083	0.004856	-0.030250	0.005523	-0.002232	0.4777	7.5763
21.8100	0.005000	0.005034	0.004839	-0.035390	0.005548	0.002470	0.4954	6.6357
21.8200	0.005000	0.005034	0.004798	-0.022942	0.005496	-0.005216	0.4577	7.9497
21.8300	0.005000	0.004985	0.004869	-0.031958	0.005479	-0.001718	0.5021	6.3427
21.8400	0.005000	0.005034	0.004814	-0.018956	0.005427	-0.005189	0.4532	8.2901
21.8500	0.005000	0.005034	0.004977	-0.029744	0.005424	-0.000235	0.5110	6.6830
21.8600	0.005000	0.005034	0.004771	-0.032988	0.005406	-0.001883	0.4799	7.1639
21.8700	0.005000	0.004985	0.004784	-0.025577	0.005404	-0.000193	0.4688	7.2244
21.8800	0.005000	0.004985	0.004850	-0.021692	0.005373	-0.003070	0.4754	7.3259
21.8900	0.005000	0.005034	0.004928	-0.021512	0.005384	0.001110	0.4843	7.5603
21.9000	0.005000	0.005034	0.004883	-0.032678	0.005383	-0.000142	0.5021	6.7008
21.9100	0.005000	0.005034	0.004798	-0.025066	0.005365	-0.001813	0.4643	7.7293
21.9200	0.005000	0.005034	0.004925	-0.026793	0.005378	0.001321	0.4932	7.0920
21.9300	0.005000	0.005034	0.004832	-0.030779	0.005400	0.002210	0.4865	7.0818
21.9400	0.005000	0.004985	0.004770	-0.028934	0.005407	0.000682	0.4754	6.9445
21.9500	0.005000	0.004985	0.004825	-0.017536	0.005366	-0.004119	0.4599	7.7813
21.9600	0.005000	0.004985	0.004906	-0.026621	0.005374	0.000810	0.4999	6.6638
21.9700	0.005000	0.004985	0.004767	-0.023149	0.005348	-0.002561	0.4643	7.5188
21.9800	0.005000	0.004936	0.004807	-0.023682	0.005321	-0.002652	0.4799	6.7797
21.9900	0.005000	0.004936	0.004777	-0.016079	0.005282	-0.003939	0.4577	7.6139
22.0000	0.005000	0.004936	0.004871	-0.021146	0.005284	0.000215	0.4888	6.7863
22.0100	0.005000	0.004936	0.004764	-0.018303	0.005244	-0.003983	0.4621	7.4506
22.0200	0.005000	0.004936	0.004857	-0.019747	0.005234	-0.001037	0.4821	6.9543
22.0300	0.005000	0.004985	0.004865	-0.016040	0.005214	-0.001997	0.4688	7.7711
22.0400	0.005000	0.004985	0.004897	-0.028820	0.005250	0.003621	0.5043	6.4802
22.0500	0.005000	0.004985	0.004750	-0.021171	0.005241	-0.000940	0.4554	7.7563
22.0600	0.005000	0.004985	0.004915	-0.023020	0.005266	0.002463	0.4910	6.9529
22.0700	0.005000	0.004985	0.004797	-0.025736	0.005279	0.001360	0.4777	7.1356
22.0800	0.005000	0.004985	0.004841	-0.020442	0.005292	0.001264	0.4710	7.4380
22.0900	0.005000	0.004985	0.004868	-0.023990	0.005282	-0.001002	0.4865	7.0071
22.1000	0.005000	0.005034	0.004894	-0.020565	0.005296	0.001442	0.4754	7.7434
22.1100	0.005000	0.005034	0.004913	-0.028306	0.005314	0.001813	0.4976	6.9592
22.1200	0.005000	0.004985	0.004746	-0.031908	0.005330	0.001603	0.4799	6.7624
22.1300	0.005000	0.004985	0.004810	-0.015603	0.005320	-0.000991	0.4510	8.0196
22.1400	0.005000	0.004936	0.004856	-0.030352	0.005335	0.001450	0.5065	5.9951
22.1500	0.005000	0.004936	0.004681	-0.014781	0.005299	-0.003543	0.4332	8.1699
22.1600	0.005000	0.004888	0.004864	-0.022201	0.005270	-0.002901	0.4954	6.2491
22.1700	0.005000	0.004936	0.004758	-0.011519	0.005210	-0.006076	0.4443	8.1880
22.1800	0.005000	0.004985	0.005006	-0.021086	0.005225	0.001537	0.5065	6.8718
22.1900	0.005000	0.005034	0.004840	-0.027566	0.005212	-0.001285	0.4843	7.3826
22.2000	0.005000	0.005034	0.004875	-0.027956	0.005261	0.004886	0.4865	7.1675
22.2100	0.005000	0.005034	0.004850	-0.028818	0.005286	0.002446	0.4843	7.1608
22.2200	0.005000	0.005083	0.004935	-0.019542	0.005333	0.004759	0.4710	8.2020
22.2300	0.005000	0.005083	0.004977	-0.042680	0.005398	0.006494	0.5332	6.0173
22.2400	0.005000	0.005083	0.004720	-0.029622	0.005408	0.000971	0.4488	8.2141
22.2500	0.005000	0.005034	0.004926	-0.035651	0.005439	0.003166	0.5088	6.3655
22.2600	0.005000	0.005034	0.004742	-0.025264	0.005429	-0.001038	0.4532	8.0244
22.2700	0.005000	0.004985	0.004878	-0.032070	0.005455	0.002634	0.5021	6.3624
22.2800	0.005000	0.005034	0.004807	-0.018582	0.005385	-0.007043	0.4510	8.4016
22.2900	0.005000	0.004985	0.004907	-0.037631	0.005413	0.002761	0.5221	5.7854
22.3000	0.005000	0.004985	0.004656	-0.021275	0.005350	-0.006216	0.4332	8.2971
22.3100	0.005000	0.004936	0.004892	-0.027814	0.005357	0.000700	0.5021	6.2473
22.3200	0.005000	0.004936	0.004685	-0.020258	0.005304	-0.005325	0.4488	7.7170
22.3300	0.005000	0.004936	0.004885	-0.018416	0.005298	-0.000581	0.4821	7.0583
22.3400	0.005000	0.004985	0.004862	-0.019835	0.005245	-0.005311	0.4777	7.4994
22.3500	0.005000	0.004985	0.004861	-0.026286	0.005269	0.002354	0.4910	6.8726
22.3600	0.005000	0.005034	0.004875	-0.019647	0.005250	-0.001890	0.4688	7.9408
22.3700	0.005000	0.005034	0.004933	-0.033916	0.005306	0.005651	0.5132	6.4222
22.3800	0.005000	0.005034	0.004756	-0.024763	0.005320	0.001313	0.4554	7.9512
22.3900	0.005000	0.004985	0.004876	-0.029982	0.005351	0.003179	0.4976	6.5006
22.4000	0.005000	0.004936	0.004673	-0.025434	0.005339	-0.001272	0.4577	7.1762
22.4100	0.005000	0.004936	0.004840	-0.012960	0.005319	-0.001929	0.4599	7.6442
22.4200	0.005000	0.004888	0.004786	-0.024774	0.005280	-0.003884	0.4910	6.2293
22.4300	0.005000	0.004936	0.004779	-0.006876	0.005229	-0.005107	0.4354	8.4875
22.4400	0.005000	0.004888	0.004884	-0.028911	0.005213	-0.001636	0.5176	5.5691
22.4500	0.005000	0.004936	0.004679	-0.010223	0.005162	-0.005127	0.4221	8.7045
22.4600	0.005000	0.004888	0.004911	-0.028445	0.005187	0.002492	0.5176	5.6235
22.4700	0.005000	0.004936	0.004667	-0.011889	0.005132	-0.005443	0.4243	8.6629
22.4800	0.005000	0.004839	0.004823	-0.033934	0.005184	0.005180	0.5199	4.9983
22.4900	0.005000	0.004888	0.004587	-0.006865	0.005094	-0.009034	0.3999	9.0277
22.5000	0.005000	0.004888	0.004999	-0.020537	0.005128	0.003462	0.5154	6.1333
22.5100	0.005000	0.004985	0.004772	-0.016586	0.005084	-0.004472	0.4532	8.3525
22.5200	0.005000	0.004936	0.004869	-0.036317	0.005155	0.007127	0.5199	5.6024
22.5300	0.005000	0.004985	0.004692	-0.013803	0.005101	-0.005379	0.4221	8.9015
22.5400	0.005000	0.004936	0.004945	-0.036134	0.005205	0.010346	0.5310	5.3985
22.5500	0.005000	0.005034	0.004726	-0.014972	0.005182	-0.002234	0.4243	9.2506
22.5600	0.005000	0.004936	0.004913	-0.046600	0.005268	0.008562	0.5465	4.6661
22.5700	0.005000	0.004985	0.004563	-0.017720	0.005200	-0.006741	0.3999	9.3046
22.5800	0.005000	0.004888	0.004905	-0.036219	0.005264	0.006400	0.5265	5.2058
22.5900	0.005000	0.004888	0.004515	-0.019938	0.005188	-0.007631	0.4177	8.1940
22.6000	0.005000	0.004839	0.004834	-0.018500	0.005197	0.000858	0.4843	6.3849
22.6100	0.005000	0.004936	0.004813	-0.007376	0.005093	-0.010325	0.4465	8.4423
22.6200	0.005000	0.004936	0.004937	-0.030885	0.005153	0.005906	0.5243	5.7827
22.6300	0.005000	0.005034	0.004784	-0.012815	0.005094	-0.005808	0.4332	9.0853
22.6400	0.005000	0.005034	0.005056	-0.040229	0.005192	0.009781	0.5465	5.6275
22.6500	0.005000	0.005083	0.004697	-0.027297	0.005217	0.002461	0.4399	8.6989
22.6600	0.005000	0.005083	0.005042	-0.038168	0.005323	0.010621	0.5265	6.3982
22.6700	0.005000	0.005083	0.004726	-0.038259	0.005347	0.002359	0.4732	7.4659
22.6800	0.005000	0.005083	0.004915	-0.028732	0.005418	0.007132	0.4821	7.5218
22.6900	0.005000	0.005034	0.004819	-0.036298	0.005415	-0.000257	0.4954	6.6116
22.7000	0.005000	0.005034	0.004801	-0.022963	0.005433	0.001757	0.4577	7.9025
22.7100	0.005000	0.005034	0.004945	-0.027917	0.005417	-0.001607	0.4999	6.8800
22.7200	0.005000	0.005034	0.004809	-0.029778	0.005412	-0.000474	0.4799	7.2042
22.7300	0.005000	0.005034	0.004872	-0.024821	0.005404	-0.000843	0.4777	7.3824
22.7400	0.005000	0.005034	0.004883	-0.026545	0.005388	-0.001607	0.4865	7.1611
22.7500	0.005000	0.005034	0.004859	-0.025773	0.005400	0.001232	0.4799	7.3270
22.7600	0.005000	0.005034	0.004881	-0.025963	0.005392	-0.000782	0.4843	7.2267
22.7700	0.005000	0.004985	0.004788	-0.030224	0.005391	-0.000099	0.4843	6.6661
22.7800	0.005000	0.004985	0.004801	-0.016746	0.005364	-0.002756	0.4532	7.8661
22.7900	0.005000	0.005034	0.005006	-0.019649	0.005353	-0.001092	0.4954	7.3461
22.8000	0.005000	0.005034	0.004854	-0.034073	0.005369	0.001619	0.5021	6.5986
22.8100	0.005000	0.005083	0.004880	-0.018252	0.005349	-0.001955	0.4554	8.4933
22.8200	0.005000	0.005083	0.005023	-0.039296	0.005388	0.003896	0.5332	6.1090
22.8300	0.005000	0.005083	0.004726	-0.031080	0.005420	0.003166	0.4554	8.0129
22.8400	0.005000	0.005034	0.004908	-0.033055	0.005449	0.002862	0.4999	6.6045
22.8500	0.005000	0.005034	0.004779	-0.026551	0.005429	-0.001997	0.4643	7.6773
22.8600	0.005000	0.005034	0.004922	-0.025439	0.005450	0.002158	0.4888	7.2097
22.8700	0.005000	0.004985	0.004769	-0.034404	0.005420	-0.003012	0.4910	6.4283
22.8800	0.005000	0.004936	0.004693	-0.017558	0.005380	-0.003965	0.4399	7.7598
22.8900	0.005000	0.004936	0.004907	-0.016033	0.005331	-0.004924	0.4821	7.0708
22.9000	0.005000	0.004985	0.004872	-0.020387	0.005314	-0.001743	0.4821	7.3137
22.9100	0.005000	0.004985	0.004849	-0.024245	0.005296	-0.001795	0.4843	7.0086
22.9200	0.005000	0.004985	0.004824	-0.021198	0.005260	-0.003540	0.4710	7.3776
22.9300	0.005000	0.005034	0.004948	-0.019922	0.005283	0.002220	0.4843	7.5409
22.9400	0.005000	0.005034	0.004887	-0.030913	0.005319	0.003615	0.4999	6.7570
22.9500	0.005000	0.005034	0.004814	-0.025383	0.005331	0.001249	0.4688	7.5544
22.9600	0.005000	0.005034	0.004913	-0.025692	0.005345	0.001424	0.4888	7.1394
22.9700	0.005000	0.005034	0.004850	-0.026173	0.005366	0.002043	0.4799	7.3381
22.9800	0.005000	0.005034	0.004883	-0.026991	0.005384	0.001776	0.4865	7.1507
22.9900	0.005000	0.004985	0.004777	-0.031312	0.005380	-0.000374	0.4843	6.6229
23.0000	0.005000	0.004985	0.004797	-0.014494	0.005353	-0.002718	0.4465	8.1090
23.0100	0.005000	0.004985	0.004953	-0.025613	0.005352	-0.000089	0.5065	6.5343
23.0200	0.005000	0.005034	0.004827	-0.021112	0.005334	-0.001773	0.4643	7.9664
23.0300	0.005000	0.005034	0.004948	-0.031333	0.005345	0.001108	0.5088	6.5717
23.0400	0.005000	0.005034	0.004773	-0.026582	0.005332	-0.001363	0.4643	7.6648
23.0500	0.005000	0.004985	0.004847	-0.028331	0.005368	0.003609	0.4888	6.6847
23.0600	0.005000	0.004985	0.004785	-0.020338	0.005344	-0.002412	0.4599	7.6651
23.0700	0.005000	0.004985	0.004902	-0.022590	0.005352	0.000872	0.4888	6.9978
23.0800	0.005000	0.004985	0.004809	-0.021834	0.005317	-0.003489	0.4710	7.4232
23.0900	0.005000	0.004985	0.004873	-0.025094	0.005318	0.000064	0.4888	6.8888
23.1000	0.005000	0.004985	0.004802	-0.020147	0.005292	-0.002633	0.4643	7.5937
23.1100	0.005000	0.004985	0.004894	-0.023104	0.005304	0.001194	0.4888	6.9788
23.1200	0.005000	0.004985	0.004809	-0.024916	0.005300	-0.000323	0.4777	7.1235
23.1300	0.005000	0.004985	0.004842	-0.019143	0.005296	-0.000486	0.4688	7.5079
23.1400	0.005000	0.005034	0.004958	-0.020627	0.005292	-0.000365	0.4888	7.4599
23.1500	0.005000	0.005083	0.004952	-0.028907	0.005328	0.003626	0.4999	7.2455
23.1600	0.005000	0.005083	0.004873	-0.032884	0.005358	0.002964	0.4910	7.1722
23.1700	0.005000	0.005083	0.004880	-0.030522	0.005387	0.002954	0.4843	7.3615
23.1800	0.005000	0.005132	0.004978	-0.026356	0.005429	0.004165	0.4865	7.8930
23.1900	0.005000	0.005132	0.004961	-0.042670	0.005497	0.006780	0.5221	6.5056
23.2000	0.005000	0.005132	0.004808	-0.034154	0.005513	0.001673	0.4688	7.8742
23.2100	0.005000	0.005083	0.004907	-0.036275	0.005536	0.002230	0.4999	6.7843
23.2200	0.005000	0.005083	0.004826	-0.030431	0.005540	0.000453	0.4732	7.6432
23.2300	0.005000	0.005083	0.004933	-0.029156	0.005549	0.000828	0.4910	7.3490
23.2400	0.005000	0.005083	0.004882	-0.034356	0.005526	-0.002304	0.4954	7.0826
23.2500	0.005000	0.005034	0.004782	-0.034497	0.005523	-0.000266	0.4821	6.9165
23.2600	0.005000	0.005034	0.004840	-0.021488	0.005479	-0.004343	0.4621	7.8852
23.2700	0.005000	0.004985	0.004857	-0.034329	0.005483	0.000399	0.5065	6.1462
23.2800	0.005000	0.004985	0.004719	-0.019311	0.005433	-0.005063	0.4421	8.1006
23.2900	0.005000	0.004936	0.004874	-0.025118	0.005395	-0.003797	0.4954	6.4401
23.3000	0.005000	0.004985	0.004801	-0.015488	0.005335	-0.006017	0.4532	8.1600
23.3100	0.005000	0.004985	0.004941	-0.029964	0.005346	0.001094	0.5132	6.3114
23.3200	0.005000	0.004985	0.004712	-0.024295	0.005298	-0.004786	0.4554	7.6963
23.3300	0.005000	0.004936	0.004828	-0.024608	0.005308	0.001042	0.4843	6.6607
23.3400	0.005000	0.004985	0.004834	-0.013864	0.005272	-0.003606	0.4554	8.1524
23.3500	0.005000	0.004936	0.004860	-0.034899	0.005316	0.004364	0.5176	5.6280
23.3600	0.005000	0.004985	0.004712	-0.011039	0.005246	-0.006964	0.4199	9.0114
23.3700	0.005000	0.004936	0.004961	-0.036385	0.005282	0.003552	0.5354	5.3128
23.3800	0.005000	0.005034	0.004714	-0.015105	0.005240	-0.004161	0.4221	9.3292
23.3900	0.005000	0.004985	0.004997	-0.043190	0.005309	0.006873	0.5465	5.2499
23.4000	0.005000	0.004985	0.004547	-0.026768	0.005255	-0.005326	0.4221	8.5192
23.4100	0.005000	0.004888	0.004825	-0.034414	0.005311	0.005511	0.5065	5.6331
23.4200	0.005000	0.004839	0.004503	-0.018275	0.005225	-0.008541	0.4199	7.7923
23.4300	0.005000	0.004790	0.004779	-0.012062	0.005212	-0.001287	0.4688	6.6209
23.4400	0.005000	0.004790	0.004676	-0.008801	0.005095	-0.011690	0.4488	7.2393
23.4500	0.005000	0.004790	0.004770	-0.005816	0.005049	-0.004624	0.4599	7.0600
23.4600	0.005000	0.004888	0.004900	-0.001674	0.004966	-0.008343	0.4621	7.9460
23.4700	0.005000	0.004936	0.004942	-0.022125	0.005003	0.003736	0.5110	6.4093
23.4800	0.005000	0.005034	0.004868	-0.014290	0.005019	0.001584	0.4577	8.4475
23.4900	0.005000	0.005034	0.004991	-0.035844	0.005119	0.009962	0.5287	6.0393
23.5000	0.005000	0.005083	0.004780	-0.022528	0.005179	0.006009	0.4465	8.6274
23.5100	0.005000	0.005083	0.005040	-0.038730	0.005299	0.012063	0.5310	6.2300
23.5200	0.005000	0.005132	0.004800	-0.031843	0.005339	0.003929	0.4643	8.2484
23.5300	0.005000	0.005083	0.004934	-0.043278	0.005436	0.009771	0.5199	6.1675
23.5400	0.005000	0.005083	0.004739	-0.029204	0.005424	-0.001203	0.4510	8.1895
23.5500	0.005000	0.005083	0.004997	-0.031781	0.005481	0.005679	0.5065	6.9655
23.5600	0.005000	0.005083	0.004817	-0.036697	0.005477	-0.000372	0.4888	7.1557
23.5700	0.005000	0.005034	0.004798	-0.031087	0.005487	0.000940	0.4754	7.1796
23.5800	0.005000	0.005034	0.004865	-0.025662	0.005447	-0.003926	0.4777	7.4052
23.5900	0.005000	0.005083	0.004957	-0.022980	0.005455	0.000712	0.4843	7.8043
23.6000	0.005000	0.005034	0.004851	-0.043680	0.005475	0.001996	0.5199	5.8230
23.6100	0.005000	0.005083	0.004786	-0.016668	0.005424	-0.005084	0.4288	9.1511
23.6200	0.005000	0.005083	0.005095	-0.042173	0.005466	0.004231	0.5487	5.8062
23.6300	0.005000	0.005083	0.004654	-0.036364	0.005471	0.000492	0.4532	8.0024
23.6400	0.005000	0.005083	0.004977	-0.030208	0.005487	0.001588	0.4954	7.2807
23.6500	0.005000	0.005034	0.004767	-0.039366	0.005469	-0.001734	0.4932	6.6458
23.6600	0.005000	0.005034	0.004801	-0.023734	0.005488	0.001868	0.4577	7.9323
23.6700	0.005000	0.005034	0.004937	-0.029761	0.005451	-0.003718	0.5021	6.8386
23.6800	0.005000	0.005034	0.004795	-0.030297	0.005450	-0.000107	0.4777	7.3049
23.6900	0.005000	0.005034	0.004875	-0.025768	0.005432	-0.001786	0.4799	7.3852
23.7000	0.005000	0.005034	0.004872	-0.029639	0.005416	-0.001584	0.4910	7.0262
23.7100	0.005000	0.005034	0.004835	-0.026409	0.005424	0.000762	0.4754	7.4541
23.7200	0.005000	0.005034	0.004890	-0.028628	0.005417	-0.000647	0.4910	7.0428
23.7300	0.005000	0.005034	0.004835	-0.028119	0.005415	-0.000242	0.4799	7.2851
23.7400	0.005000	0.005034	0.004873	-0.026268	0.005416	0.000063	0.4821	7.3013
23.7500	0.005000	0.005034	0.004868	-0.027031	0.005409	-0.000684	0.4843	7.2514
23.7600	0.005000	0.005034	0.004863	-0.027610	0.005413	0.000462	0.4843	7.2287
23.7700	0.005000	0.004985	0.004782	-0.031105	0.005409	-0.000385	0.4843	6.6922
23.7800	0.005000	0.005034	0.004874	-0.013298	0.005375	-0.003457	0.4510	8.5240
23.7900	0.005000	0.004985	0.004919	-0.041502	0.005407	0.003257	0.5354	5.3539
23.8000	0.005000	0.004985	0.004610	-0.020485	0.005361	-0.004626	0.4199	8.5912
23.8100	0.005000	0.004936	0.004927	-0.026322	0.005348	-0.001276	0.5043	6.2940
23.8200	0.005000	0.004936	0.004679	-0.023165	0.005307	-0.004125	0.4554	7.5163
23.8300	0.005000	0.004936	0.004859	-0.018992	0.005306	-0.000169	0.4777	7.1301
23.8400	0.005000	0.004936	0.004793	-0.022458	0.005241	-0.006464	0.4777	7.0095
23.8500	0.005000	0.004936	0.004798	-0.018117	0.005244	0.000270	0.4665	7.3545
23.8600	0.005000	0.004936	0.004838	-0.020982	0.005221	-0.002235	0.4821	6.9121
23.8700	0.005000	0.004936	0.004786	-0.017656	0.005214	-0.000701	0.4643	7.4019
23.8800	0.005000	0.004985	0.004929	-0.015852	0.005211	-0.000282	0.4799	7.5384
23.8900	0.005000	0.004985	0.004861	-0.025111	0.005224	0.001251	0.4910	6.9403
23.9000	0.005000	0.004985	0.004809	-0.023535	0.005241	0.001669	0.4732	7.3097
23.9100	0.005000	0.004985	0.004856	-0.024738	0.005256	0.001496	0.4843	6.9990
23.9200	0.005000	0.004936	0.004737	-0.024119	0.005272	0.001609	0.4688	6.9604
23.9300	0.005000	0.004936	0.004815	-0.013462	0.005259	-0.001230	0.4577	7.6553
23.9400	0.005000	0.004936	0.004875	-0.021095	0.005250	-0.000923	0.4910	6.7283
23.9500	0.005000	0.004936	0.004762	-0.019380	0.005233	-0.001667	0.4643	7.3200
23.9600	0.005000	0.004888	0.004769	-0.020839	0.005211	-0.002225	0.4754	6.6100
23.9700	0.005000	0.004888	0.004750	-0.006182	0.005160	-0.005081	0.4377	8.0725
23.9800	0.005000	0.004888	0.004908	-0.020631	0.005173	0.001308	0.5043	6.1928
23.9900	0.005000	0.004888	0.004669	-0.015109	0.005132	-0.004138	0.4443	7.6305
24.0000	0.005000	0.004888	0.004868	-0.012635	0.005113	-0.001885	0.4754	7.0405
24.0100	0.005000	0.004936	0.004851	-0.015464	0.005099	-0.001414	0.4754	7.3362
24.0200	0.005000	0.004985	0.004911	-0.016450	0.005135	0.003571	0.4799	7.5040
24.0300	0.005000	0.005034	0.004944	-0.023867	0.005152	0.001703	0.4954	7.2194
24.0400	0.005000	0.005132	0.005006	-0.024372	0.005216	0.006396	0.4910	7.9704
24.0500	0.005000	0.005132	0.004964	-0.043935	0.005320	0.010403	0.5265	6.3560
24.0600	0.005000	0.005181	0.004872	-0.028636	0.005381	0.006096	0.4599	8.6596
24.0700	0.005000	0.005132	0.005002	-0.051832	0.005497	0.011641	0.5443	5.6517
24.0800	0.005000	0.005132	0.004692	-0.031446	0.005519	0.002149	0.4354	8.7734
24.0900	0.005000	0.005034	0.004925	-0.047526	0.005579	0.005999	0.5310	5.4621
24.1000	0.005000	0.005034	0.004624	-0.024539	0.005509	-0.006956	0.4221	8.7788
24.1100	0.005000	0.004985	0.004957	-0.036725	0.005525	0.001608	0.5221	5.9007
24.1200	0.005000	0.005034	0.004714	-0.024958	0.005430	-0.009519	0.4465	8.3634
24.1300	0.005000	0.004985	0.004899	-0.036043	0.005444	0.001392	0.5132	6.0641
24.1400	0.005000	0.005034	0.004755	-0.021628	0.005362	-0.008218	0.4465	8.4204
24.1500	0.005000	0.004985	0.004907	-0.036497	0.005405	0.004317	0.5176	5.9347
24.1600	0.005000	0.004985	0.004667	-0.021963	0.005345	-0.006024	0.4377	8.2036
24.1700	0.005000	0.004985	0.004957	-0.023647	0.005356	0.001088	0.4976	6.9053
24.1800	0.005000	0.004985	0.004766	-0.030124	0.005330	-0.002597	0.4821	6.9797
24.1900	0.005000	0.004985	0.004816	-0.020520	0.005330	0.000003	0.4643	7.6137
24.2000	0.005000	0.004985	0.004882	-0.025065	0.005300	-0.002923	0.4910	6.9145
24.2100	0.005000	0.004985	0.004797	-0.026367	0.005322	0.002195	0.4777	7.0948
24.2200	0.005000	0.004985	0.004835	-0.020053	0.005307	-0.001522	0.4688	7.4882
24.2300	0.005000	0.004936	0.004797	-0.026485	0.005301	-0.000654	0.4865	6.5141
24.2400	0.005000	0.004936	0.004755	-0.013697	0.005276	-0.002441	0.4465	7.8864
24.2500	0.005000	0.004936	0.004908	-0.019933	0.005260	-0.001587	0.4932	6.7304
24.2600	0.005000	0.004985	0.004832	-0.018474	0.005239	-0.002165	0.4688	7.6739
24.2700	0.005000	0.004985	0.004892	-0.023710	0.005247	0.000814	0.4910	6.9363
24.2800	0.005000	0.005034	0.004882	-0.022333	0.005243	-0.000365	0.4777	7.6272
24.2900	0.005000	0.005034	0.004902	-0.028553	0.005294	0.005089	0.4954	6.9576
24.3000	0.005000	0.004985	0.004750	-0.030721	0.005315	0.002110	0.4777	6.8220
24.3100	0.005000	0.004936	0.004741	-0.018672	0.005314	-0.000123	0.4532	7.4396
24.3200	0.005000	0.004888	0.004789	-0.020248	0.005298	-0.001555	0.4777	6.5889
24.3300	0.005000	0.004888	0.004744	-0.009279	0.005250	-0.004822	0.4443	7.7961
24.3400	0.005000	0.004888	0.004881	-0.015081	0.005204	-0.004592	0.4865	6.7408
24.3500	0.005000	0.004888	0.004741	-0.017709	0.005158	-0.004663	0.4665	7.0301
24.3600	0.005000	0.004936	0.004877	-0.007203	0.005127	-0.003009	0.4577	7.9653
24.3700	0.005000	0.004936	0.004900	-0.026732	0.005141	0.001399	0.5110	6.0989
24.3800	0.005000	0.004936	0.004691	-0.016813	0.005150	0.000806	0.4421	7.8519
24.3900	0.005000	0.004936	0.004916	-0.017285	0.005156	0.000604	0.4865	6.9114
24.4000	0.005000	0.004936	0.004776	-0.023168	0.005172	0.001672	0.4777	6.8763
24.4100	0.005000	0.004936	0.004801	-0.012287	0.005180	0.000766	0.4532	7.7601
24.4200	0.005000	0.004936	0.004895	-0.020389	0.005166	-0.001375	0.4932	6.6700
24.4300	0.005000	0.004985	0.004836	-0.015472	0.005178	0.001162	0.4621	7.8795
24.4400	0.005000	0.004985	0.004920	-0.023939	0.005199	0.002090	0.4976	6.7680
24.4500	0.005000	0.005034	0.004863	-0.022792	0.005212	0.001324	0.4754	7.6181
24.4600	0.005000	0.005034	0.004909	-0.027199	0.005266	0.005380	0.4932	7.0012
24.4700	0.005000	0.005034	0.004837	-0.026535	0.005289	0.002329	0.4777	7.3391
24.4800	0.005000	0.005034	0.004887	-0.025805	0.005331	0.004184	0.4843	7.2110
24.4900	0.005000	0.005083	0.004943	-0.024042	0.005348	0.001676	0.4843	7.6777
24.5000	0.005000	0.005083	0.004927	-0.033729	0.005392	0.004425	0.5043	6.8512
24.5100	0.005000	0.005083	0.004840	-0.030712	0.005408	0.001613	0.4777	7.4737
24.5200	0.005000	0.005083	0.004922	-0.026944	0.005427	0.001941	0.4843	7.4975
24.5300	0.005000	0.005132	0.004988	-0.031629	0.005462	0.003406	0.5021	7.3703
24.5400	0.005000	0.005132	0.004902	-0.037030	0.005502	0.004017	0.4976	7.1905
24.5500	0.005000	0.005083	0.004822	-0.037898	0.005515	0.001306	0.4888	6.9062
24.5600	0.005000	0.005034	0.004783	-0.027583	0.005510	-0.000483	0.4643	7.4834
24.5700	0.005000	0.005034	0.004909	-0.024567	0.005506	-0.000362	0.4843	7.2945
24.5800	0.005000	0.005083	0.004942	-0.024746	0.005487	-0.001978	0.4865	7.6791
24.5900	0.005000	0.005083	0.004920	-0.037501	0.005486	-0.000021	0.5110	6.6106
24.6000	0.005000	0.005132	0.004884	-0.025286	0.005459	-0.002697	0.4643	8.3983
24.6100	0.005000	0.005083	0.004950	-0.046492	0.005515	0.005533	0.5332	5.7668
24.6200	0.005000	0.005132	0.004776	-0.024555	0.005505	-0.000969	0.4377	9.0320
24.6300	0.005000	0.005083	0.005022	-0.047423	0.005561	0.005611	0.5443	5.6172
24.6400	0.005000	0.005083	0.004646	-0.032861	0.005525	-0.003592	0.4399	8.4114
24.6500	0.005000	0.005034	0.004939	-0.037119	0.005549	0.002425	0.5110	6.3658
24.6600	0.005000	0.005034	0.004720	-0.029146	0.005485	-0.006469	0.4577	7.8677
24.6700	0.005000	0.004985	0.004853	-0.030833	0.005497	0.001242	0.4932	6.6352
24.6800	0.005000	0.004936	0.004678	-0.026228	0.005414	-0.008331	0.4599	7.1690
24.6900	0.005000	0.004936	0.004829	-0.013974	0.005373	-0.004054	0.4599	7.6684
24.7000	0.005000	0.004888	0.004783	-0.027390	0.005326	-0.004747	0.4954	6.0718
24.7100	0.005000	0.004936	0.004755	-0.006599	0.005259	-0.006729	0.4288	8.6681
24.7200	0.005000	0.004936	0.004980	-0.026784	0.005240	-0.001878	0.5221	6.0022
24.7300	0.005000	0.004985	0.004721	-0.020112	0.005214	-0.002627	0.4488	8.1364
24.7400	0.005000	0.004936	0.004865	-0.027066	0.005235	0.002173	0.4976	6.3690
24.7500	0.005000	0.004936	0.004709	-0.020145	0.005205	-0.003001	0.4532	7.5960
24.7600	0.005000	0.004888	0.004793	-0.023446	0.005244	0.003843	0.4843	6.3802
24.7700	0.005000	0.004888	0.004710	-0.010832	0.005182	-0.006136	0.4399	7.8567
24.7800	0.005000	0.004888	0.004886	-0.015203	0.005178	-0.000459	0.4865	6.7509
24.7900	0.005000	0.004936	0.004815	-0.013977	0.005138	-0.004000	0.4643	7.6505
24.8000	0.005000	0.004936	0.004870	-0.021612	0.005149	0.001143	0.4910	6.7084
24.8100	0.005000	0.004936	0.004760	-0.016806	0.005128	-0.002067	0.4577	7.5728
24.8200	0.005000	0.004936	0.004874	-0.020138	0.005164	0.003568	0.4865	6.8233
24.8300	0.005000	0.004985	0.004851	-0.014298	0.005164	-0.000005	0.4621	7.9601
24.8400	0.005000	0.004985	0.004923	-0.029665	0.005215	0.005115	0.5110	6.2961
24.8500	0.005000	0.004985	0.004726	-0.022256	0.005212	-0.000308	0.4532	7.7324
24.8600	0.005000	0.004985	0.004918	-0.020008	0.005239	0.002694	0.4843	7.1690
24.8700	0.005000	0.004985	0.004825	-0.025836	0.005257	0.001777	0.4843	6.9786
24.8800	0.005000	0.004985	0.004823	-0.020767	0.005278	0.002064	0.4688	7.4411
24.8900	0.005000	0.004985	0.004875	-0.022557	0.005264	-0.001377	0.4843	7.0637
24.9000	0.005000	0.004985	0.004826	-0.023565	0.005280	0.001648	0.4777	7.1525
24.9100	0.005000	0.005034	0.004924	-0.018345	0.005283	0.000261	0.4754	7.7688
24.9200	0.005000	0.005083	0.004995	-0.028283	0.005309	0.002633	0.5065	7.1122
24.9300	0.005000	0.005083	0.004853	-0.034108	0.005353	0.004413	0.4910	7.1166
24.9400	0.005000	0.005083	0.004880	-0.028902	0.005382	0.002822	0.4799	7.4903
24.9500	0.005000	0.005083	0.004916	-0.029870	0.005417	0.003579	0.4910	7.2653
24.9600	0.005000	0.005083	0.004885	-0.032336	0.005461	0.004390	0.4910	7.1749
24.9700	0.005000	0.005132	0.004957	-0.026353	0.005467	0.000612	0.4821	7.9732
24.9800	0.005000	0.005083	0.004895	-0.044976	0.005506	0.003871	0.5221	6.0185
24.9900	0.005000	0.005083	0.004746	-0.025441	0.005494	-0.001240	0.4421	8.4465
25.0000	0.005000	0.005083	0.005031	-0.033708	0.005514	0.001995	0.5176	6.6556
25.0100	0.005000	0.005083	0.004777	-0.036182	0.005516	0.000277	0.4799	7.3586
25.0200	0.005000	0.005083	0.004905	-0.027775	0.005516	-0.000036	0.4799	7.6097
25.0300	0.005000	0.005083	0.004912	-0.034877	0.005494	-0.002221	0.5021	6.9289
25.0400	0.005000	0.005132	0.004915	-0.029086	0.005519	0.002478	0.4799	7.9632
25.0500	0.005000	0.005083	0.004893	-0.043927	0.005537	0.001859	0.5176	6.1779
25.0600	0.005000	0.005132	0.004836	-0.022996	0.005515	-0.002262	0.4465	8.8897
25.0700	0.005000	0.005083	0.005001	-0.050292	0.005573	0.005859	0.5487	5.4015
25.0800	0.005000	0.005083	0.004629	-0.030406	0.005537	-0.003649	0.4288	8.7220
25.0900	0.005000	0.005034	0.004973	-0.038510	0.005553	0.001651	0.5199	6.1763
25.1000	0.005000	0.005034	0.004686	-0.031168	0.005497	-0.005587	0.4554	7.8846
25.1100	0.005000	0.004985	0.004853	-0.030402	0.005504	0.000685	0.4910	6.7252
25.1200	0.005000	0.004936	0.004682	-0.028707	0.005419	-0.008505	0.4665	6.9588
25.1300	0.005000	0.004888	0.004724	-0.016810	0.005382	-0.003698	0.4532	7.3104
25.1400	0.005000	0.004936	0.004896	-0.012493	0.005303	-0.007892	0.4732	7.5414
25.1500	0.005000	0.004936	0.004836	-0.025542	0.005288	-0.001531	0.4954	6.5358
25.1600	0.005000	0.004936	0.004741	-0.017326	0.005235	-0.005292	0.4532	7.6566
25.1700	0.005000	0.004936	0.004880	-0.018845	0.005215	-0.002019	0.4843	6.9637
25.1800	0.005000	0.004985	0.004860	-0.019087	0.005224	0.000923	0.4754	7.5305
25.1900	0.005000	0.005034	0.004948	-0.022343	0.005250	0.002642	0.4910	7.3969
25.2000	0.005000	0.005034	0.004863	-0.031296	0.005270	0.001982	0.4954	6.8973
25.2100	0.005000	0.005034	0.004824	-0.025688	0.005305	0.003436	0.4710	7.5659
25.2200	0.005000	0.005034	0.004903	-0.027461	0.005338	0.003308	0.4910	7.1019
25.2300	0.005000	0.004985	0.004760	-0.031655	0.005370	0.003213	0.4821	6.7375
25.2400	0.005000	0.004985	0.004804	-0.016930	0.005352	-0.001734	0.4532	7.9337
25.2500	0.005000	0.004936	0.004847	-0.029330	0.005347	-0.000569	0.5021	6.1281
25.2600	0.005000	0.004985	0.004775	-0.011081	0.005303	-0.004327	0.4354	8.6762
25.2700	0.005000	0.004936	0.004922	-0.035372	0.005312	0.000898	0.5287	5.4485
25.2800	0.005000	0.004985	0.004669	-0.015379	0.005253	-0.005907	0.4221	8.8751
25.2900	0.005000	0.004936	0.004943	-0.033488	0.005287	0.003369	0.5243	5.6729
25.3000	0.005000	0.004985	0.004676	-0.017957	0.005234	-0.005273	0.4310	8.6718
25.3100	0.005000	0.004936	0.004913	-0.035182	0.005290	0.005551	0.5221	5.6684
25.3200	0.005000	0.004936	0.004599	-0.021380	0.005224	-0.006561	0.4310	8.1252
25.3300	0.005000	0.004888	0.004847	-0.024451	0.005253	0.002879	0.4932	6.2732
25.3400	0.005000	0.004888	0.004667	-0.015220	0.005184	-0.006859	0.4421	7.7666
25.3500	0.005000	0.004888	0.004868	-0.016814	0.005192	0.000705	0.4843	6.7844
25.3600	0.005000	0.004936	0.004810	-0.014773	0.005133	-0.005808	0.4643	7.6610
25.3700	0.005000	0.004936	0.004865	-0.022200	0.005156	0.002225	0.4910	6.7224
25.3800	0.005000	0.004985	0.004836	-0.015951	0.005138	-0.001744	0.4621	7.9180
25.3900	0.005000	0.004985	0.004916	-0.027548	0.005193	0.005517	0.5043	6.5394
25.4000	0.005000	0.005034	0.004830	-0.020426	0.005210	0.001700	0.4621	8.0422
25.4100	0.005000	0.005034	0.004953	-0.031839	0.005274	0.006394	0.5110	6.5316
25.4200	0.005000	0.005083	0.004843	-0.024179	0.005293	0.001870	0.4643	8.1698
25.4300	0.005000	0.005083	0.004985	-0.037275	0.005370	0.007740	0.5199	6.4621
25.4400	0.005000	0.005132	0.004847	-0.027950	0.005385	0.001418	0.4643	8.3570
25.4500	0.005000	0.005132	0.005023	-0.041343	0.005466	0.008132	0.5265	6.5202
25.4600	0.005000	0.005132	0.004784	-0.038439	0.005488	0.002199	0.4754	7.6660
25.4700	0.005000	0.005132	0.004957	-0.032284	0.005534	0.004574	0.4910	7.5473
25.4800	0.005000	0.005083	0.004836	-0.044599	0.005556	0.002212	0.5088	6.3567
25.4900	0.005000	0.005083	0.004785	-0.025137	0.005555	-0.000047	0.4488	8.3544
25.5000	0.005000	0.005034	0.004932	-0.036953	0.005543	-0.001254	0.5154	6.2320
25.5100	0.005000	0.005083	0.004804	-0.024628	0.005511	-0.003134	0.4554	8.3981
25.5200	0.005000	0.005034	0.004926	-0.040439	0.005522	0.001062	0.5221	5.9896
25.5300	0.005000	0.005083	0.004773	-0.025058	0.005464	-0.005785	0.4488	8.5174
25.5400	0.005000	0.005034	0.004940	-0.040785	0.005504	0.003949	0.5243	5.9374
25.5500	0.005000	0.005083	0.004761	-0.022434	0.005450	-0.005326	0.4399	8.8668
25.5600	0.005000	0.005034	0.004974	-0.046727	0.005506	0.005512	0.5421	5.4354
25.5700	0.005000	0.005034	0.004603	-0.027793	0.005442	-0.006347	0.4266	8.6255
25.5800	0.005000	0.004985	0.004937	-0.035801	0.005468	0.002552	0.5154	6.0952
25.5900	0.005000	0.004985	0.004656	-0.028084	0.005406	-0.006130	0.4510	7.7916
25.6000	0.005000	0.004936	0.004824	-0.026108	0.005409	0.000278	0.4843	6.7128
25.6100	0.005000	0.004936	0.004743	-0.020207	0.005321	-0.008810	0.4599	7.5139
25.6200	0.005000	0.004936	0.004850	-0.019748	0.005313	-0.000758	0.4799	7.0931
25.6300	0.005000	0.004936	0.004791	-0.022825	0.005266	-0.004712	0.4777	7.0045
25.6400	0.005000	0.004936	0.004796	-0.017414	0.005246	-0.002072	0.4643	7.4482
25.6500	0.005000	0.004936	0.004847	-0.021193	0.005230	-0.001554	0.4843	6.8911
25.6600	0.005000	0.004936	0.004778	-0.019206	0.005226	-0.000434	0.4665	7.3196
25.6700	0.005000	0.004985	0.004917	-0.016090	0.005220	-0.000569	0.4777	7.5815
25.6800	0.005000	0.004985	0.004865	-0.023875	0.005228	0.000792	0.4888	7.0553
25.6900	0.005000	0.004985	0.004819	-0.027445	0.005256	0.002788	0.4843	6.9369
25.7000	0.005000	0.004936	0.004733	-0.022292	0.005252	-0.000347	0.4621	7.1837
25.7100	0.005000	0.004888	0.004758	-0.019479	0.005252	-0.000016	0.4688	6.8235
25.7200	0.005000	0.004888	0.004771	-0.010907	0.005225	-0.002693	0.4532	7.5612
25.7300	0.005000	0.004839	0.004770	-0.018881	0.005198	-0.002751	0.4821	6.2954
25.7400	0.005000	0.004839	0.004691	-0.005582	0.005121	-0.007670	0.4332	7.8811
25.7500	0.005000	0.004839	0.004872	-0.013358	0.005093	-0.002827	0.4888	6.4572
25.7600	0.005000	0.004888	0.004764	-0.008942	0.005052	-0.004070	0.4510	7.7978
25.7700	0.005000	0.004936	0.004951	-0.013439	0.005061	0.000847	0.4888	7.1570
25.7800	0.005000	0.004985	0.004872	-0.022632	0.005074	0.001367	0.4888	7.1161
25.7900	0.005000	0.004985	0.004827	-0.023493	0.005133	0.005900	0.4777	7.1749
25.8000	0.005000	0.004985	0.004845	-0.022451	0.005165	0.003206	0.4777	7.1882
25.8100	0.005000	0.004985	0.004845	-0.020204	0.005214	0.004842	0.4732	7.3879
25.8200	0.005000	0.004985	0.004868	-0.023927	0.005248	0.003388	0.4865	6.9742
25.8300	0.005000	0.004985	0.004817	-0.022642	0.005256	0.000835	0.4732	7.2801
25.8400	0.005000	0.004985	0.004860	-0.021154	0.005262	0.000626	0.4777	7.2392
25.8500	0.005000	0.004985	0.004849	-0.022510	0.005269	0.000713	0.4799	7.1580
25.8600	0.005000	0.004985	0.004842	-0.022397	0.005280	0.001022	0.4777	7.1967
25.8700	0.005000	0.005034	0.004926	-0.017870	0.005275	-0.000452	0.4754	7.8159
25.8800	0.005000	0.005034	0.004921	-0.033099	0.005313	0.003805	0.5110	6.4616
25.8900	0.005000	0.005034	0.004771	-0.024320	0.005320	0.000660	0.4577	7.8617
25.9000	0.005000	0.005034	0.004949	-0.025994	0.005342	0.002201	0.4954	7.0362
25.9100	0.005000	0.005034	0.004826	-0.029991	0.005365	0.002382	0.4843	7.1310
25.9200	0.005000	0.005083	0.004938	-0.022623	0.005386	0.002030	0.4777	7.8872
25.9300	0.005000	0.005034	0.004866	-0.040439	0.005406	0.002010	0.5154	6.0096
25.9400	0.005000	0.005083	0.004809	-0.015928	0.005394	-0.001174	0.4332	9.0949
25.9500	0.005000	0.005083	0.005088	-0.042259	0.005444	0.004970	0.5487	5.8005
25.9600	0.005000	0.005083	0.004657	-0.035251	0.005445	0.000071	0.4510	8.0872
25.9700	0.005000	0.005034	0.004908	-0.034495	0.005469	0.002491	0.4999	6.6351
25.9800	0.005000	0.005034	0.004765	-0.028932	0.005435	-0.003494	0.4665	7.6242
25.9900	0.005000	0.004985	0.004828	-0.031397	0.005472	0.003717	0.4910	6.5853
26.0000	0.005000	0.004936	0.004687	-0.022840	0.005395	-0.007693	0.4532	7.3661
26.0100	0.005000	0.004936	0.004857	-0.013967	0.005354	-0.004064	0.4665	7.4993
26.0200	0.005000	0.004936	0.004844	-0.023375	0.005314	-0.004023	0.4910	6.6772
26.0300	0.005000	0.004936	0.004758	-0.018385	0.005276	-0.003748	0.4599	7.4538
26.0400	0.005000	0.004936	0.004860	-0.018554	0.005236	-0.004030	0.4799	7.0163
26.0500	0.005000	0.004985	0.004875	-0.016926	0.005228	-0.000829	0.4732	7.6120
26.0600	0.005000	0.004985	0.004882	-0.025985	0.005253	0.002547	0.4954	6.7399
26.0700	0.005000	0.005034	0.004866	-0.018333	0.005243	-0.001015	0.4643	8.0427
