0.0000	0.0050	0.0100	0.0140	0.0289	9.8600
0.0100	0.0050	0.0092	0.0092	0.2555	6.3012
0.0200	0.0050	0.0093	0.0093	0.3710	9.8600
0.0300	0.0050	0.0095	0.0095	0.5621	8.5433
0.0400	0.0050	0.0097	0.0097	0.6354	3.8111
0.0500	0.0050	0.0094	0.0094	0.3977	6.4299
0.0600	0.0050	0.0094	0.0094	0.3755	9.7324
0.0700	0.0050	0.0096	0.0096	0.5576	6.2863
0.0800	0.0050	0.0097	0.0097	0.4976	7.2791
0.0900	0.0050	0.0095	0.0095	0.4910	5.7144
0.1000	0.0050	0.0095	0.0095	0.4177	8.2422
0.1100	0.0050	0.0095	0.0095	0.4954	7.3965
0.1200	0.0050	0.0096	0.0096	0.5176	7.1047
0.1300	0.0050	0.0095	0.0095	0.4976	6.1391
0.1400	0.0050	0.0095	0.0095	0.4377	8.0917
0.1500	0.0050	0.0095	0.0095	0.5021	7.4786
0.1600	0.0050	0.0095	0.0095	0.5243	6.2310
0.1700	0.0050	0.0094	0.0094	0.4599	6.5692
0.1800	0.0050	0.0095	0.0095	0.4288	9.8600
0.1900	0.0050	0.0097	0.0097	0.5843	7.7881
0.2000	0.0050	0.0098	0.0098	0.5976	5.4725
0.2100	0.0050	0.0095	0.0095	0.4532	6.8677
0.2200	0.0050	0.0095	0.0095	0.4332	9.2843
0.2300	0.0050	0.0097	0.0097	0.5687	7.9079
0.2400	0.0050	0.0096	0.0096	0.5887	4.9678
0.2500	0.0050	0.0095	0.0095	0.4243	8.5056
0.2600	0.0050	0.0095	0.0095	0.5043	8.5687
0.2700	0.0050	0.0096	0.0096	0.5843	6.6103
0.2800	0.0050	0.0096	0.0096	0.5221	7.4726
0.2900	0.0050	0.0096	0.0096	0.5088	7.8794
0.3000	0.0050	0.0096	0.0096	0.5399	7.3432
0.3100	0.0050	0.0097	0.0097	0.5265	8.7492
0.3200	0.0050	0.0096	0.0096	0.5932	5.8429
0.3300	0.0050	0.0096	0.0096	0.4821	9.1017
0.3400	0.0050	0.0096	0.0096	0.5687	7.3700
0.3500	0.0050	0.0096	0.0096	0.5576	7.2140
0.3600	0.0050	0.0097	0.0097	0.5221	9.5154
0.3700	0.0050	0.0096	0.0096	0.6265	5.1382
0.3800	0.0050	0.0096	0.0096	0.4643	9.4658
0.3900	0.0050	0.0096	0.0096	0.5732	7.6223
0.4000	0.0050	0.0096	0.0096	0.5732	7.5801
0.4100	0.0050	0.0096	0.0096	0.5599	7.1985
0.4200	0.0050	0.0096	0.0096	0.5221	9.3686
0.4300	0.0050	0.0096	0.0096	0.6176	6.6000
0.4400	0.0050	0.0096	0.0096	0.5421	7.7936
0.4500	0.0050	0.0096	0.0096	0.5399	8.6972
0.4600	0.0050	0.0097	0.0097	0.5976	8.1574
0.4700	0.0050	0.0096	0.0096	0.6087	6.4909
0.4800	0.0050	0.0096	0.0096	0.5154	9.0625
0.4900	0.0050	0.0096	0.0096	0.5887	7.8704
0.5000	0.0050	0.0097	0.0097	0.5887	8.5673
0.5100	0.0050	0.0097	0.0097	0.6176	7.7264
0.5200	0.0050	0.0096	0.0096	0.5843	7.3956
0.5300	0.0050	0.0096	0.0096	0.5532	9.0377
0.5400	0.0050	0.0096	0.0096	0.6176	7.4941
0.5500	0.0050	0.0097	0.0097	0.5798	8.8936
0.5600	0.0050	0.0097	0.0097	0.6287	7.4026
0.5700	0.0050	0.0097	0.0097	0.5776	9.3166
0.5800	0.0050	0.0097	0.0097	0.6487	6.7337
0.5900	0.0050	0.0096	0.0096	0.5576	8.9281
0.6000	0.0050	0.0096	0.0096	0.6043	8.5059
0.6100	0.0050	0.0096	0.0096	0.6376	7.2253
0.6200	0.0050	0.0096	0.0096	0.5643	9.4933
0.6300	0.0050	0.0097	0.0097	0.6487	7.9194
0.6400	0.0050	0.0097	0.0097	0.6265	7.9073
0.6500	0.0050	0.0096	0.0096	0.5954	8.5789
0.6600	0.0050	0.0097	0.0097	0.6198	9.4032
0.6700	0.0050	0.0098	0.0098	0.6887	7.7305
0.6800	0.0050	0.0097	0.0097	0.6309	7.6210
0.6900	0.0050	0.0097	0.0097	0.5754	9.8600
0.7000	0.0050	0.0097	0.0097	0.6732	7.6018
0.7100	0.0050	0.0097	0.0097	0.6243	9.1612
0.7200	0.0050	0.0097	0.0097	0.6643	7.9829
0.7300	0.0050	0.0097	0.0097	0.6287	8.4221
0.7400	0.0050	0.0096	0.0096	0.6265	8.5386
0.7500	0.0050	0.0097	0.0097	0.6354	9.2053
0.7600	0.0050	0.0097	0.0097	0.6843	7.9678
0.7700	0.0050	0.0097	0.0097	0.6376	8.9806
0.7800	0.0050	0.0098	0.0098	0.6620	9.0802
0.7900	0.0050	0.0098	0.0098	0.6931	7.7839
0.8000	0.0050	0.0097	0.0097	0.6287	9.2121
0.8100	0.0050	0.0097	0.0097	0.6709	8.6198
0.8200	0.0050	0.0097	0.0097	0.6732	8.4236
0.8300	0.0050	0.0097	0.0097	0.6554	9.0714
0.8400	0.0050	0.0097	0.0097	0.6798	8.5505
0.8500	0.0050	0.0098	0.0098	0.6709	9.2811
0.8600	0.0050	0.0098	0.0098	0.7043	8.6368
0.8700	0.0050	0.0097	0.0097	0.6887	7.7230
0.8800	0.0050	0.0098	0.0098	0.6198	9.8600
0.8900	0.0050	0.0097	0.0097	0.6909	9.1863
0.9000	0.0050	0.0098	0.0098	0.7265	8.6771
0.9100	0.0050	0.0098	0.0098	0.7020	8.6962
0.9200	0.0050	0.0098	0.0098	0.6865	9.3235
0.9300	0.0050	0.0098	0.0098	0.7065	8.9968
0.9400	0.0050	0.0098	0.0098	0.7043	9.0757
0.9500	0.0050	0.0097	0.0097	0.7109	7.8919
0.9600	0.0050	0.0097	0.0097	0.6443	9.8600
0.9700	0.0050	0.0097	0.0097	0.7043	9.3441
0.9800	0.0050	0.0098	0.0098	0.7420	8.8282
0.9900	0.0050	0.0098	0.0098	0.7176	8.9553
1.0000	0.0050	0.0097	0.0097	0.7043	8.5688
1.0100	0.0050	0.0098	0.0098	0.6798	9.8600
1.0200	0.0050	0.0098	0.0098	0.7287	9.3999
1.0300	0.0050	0.0098	0.0098	0.7576	8.0627
1.0400	0.0050	0.0098	0.0098	0.6820	9.8600
1.0500	0.0050	0.0098	0.0098	0.7198	9.8600
1.0600	0.0050	0.0098	0.0098	0.7731	8.8943
1.0700	0.0050	0.0098	0.0098	0.7465	8.9334
1.0800	0.0050	0.0098	0.0098	0.7176	9.4238
1.0900	0.0050	0.0098	0.0098	0.7354	9.8600
1.1000	0.0050	0.0098	0.0098	0.7687	8.6428
1.1100	0.0050	0.0098	0.0098	0.7243	9.8505
1.1200	0.0050	0.0099	0.0099	0.7509	9.8600
1.1300	0.0050	0.0099	0.0099	0.7842	9.0225
1.1400	0.0050	0.0098	0.0098	0.7554	8.9624
1.1500	0.0050	0.0098	0.0098	0.7243	9.8600
1.1600	0.0050	0.0098	0.0098	0.7576	9.3706
1.1700	0.0050	0.0098	0.0098	0.7665	9.1077
1.1800	0.0050	0.0099	0.0099	0.7465	9.8600
1.1900	0.0050	0.0099	0.0099	0.7665	9.5570
1.2000	0.0050	0.0098	0.0098	0.7776	8.3323
1.2100	0.0050	0.0098	0.0098	0.7043	9.8600
1.2200	0.0050	0.0099	0.0099	0.7376	9.8600
1.2300	0.0050	0.0099	0.0099	0.7776	9.8600
1.2400	0.0050	0.0099	0.0099	0.7953	9.4559
1.2500	0.0050	0.0099	0.0099	0.7909	9.4999
1.2600	0.0050	0.0099	0.0099	0.7776	9.6101
1.2700	0.0050	0.0099	0.0099	0.7776	9.8600
1.2800	0.0050	0.0099	0.0099	0.7931	9.2662
1.2900	0.0050	0.0099	0.0099	0.7731	9.8600
1.3000	0.0050	0.0098	0.0098	0.7820	9.3990
1.3100	0.0050	0.0099	0.0099	0.7776	9.8600
1.3200	0.0050	0.0099	0.0099	0.7887	9.6710
1.3300	0.0050	0.0098	0.0098	0.7953	8.9182
1.3400	0.0050	0.0099	0.0099	0.7531	9.8600
1.3500	0.0050	0.0098	0.0098	0.7665	9.7315
1.3600	0.0050	0.0099	0.0099	0.7865	9.8600
1.3700	0.0050	0.0099	0.0099	0.7998	9.6836
1.3800	0.0050	0.0099	0.0099	0.8042	9.8600
1.3900	0.0050	0.0098	0.0098	0.8020	9.3342
1.4000	0.0050	0.0099	0.0099	0.7820	9.8600
1.4100	0.0050	0.0099	0.0099	0.7865	9.7262
1.4200	0.0050	0.0099	0.0099	0.7976	9.8600
1.4300	0.0050	0.0100	0.0100	0.8020	9.6669
1.4400	0.0050	0.0098	0.0098	0.8020	9.4591
1.4500	0.0050	0.0098	0.0098	0.7865	9.8600
1.4600	0.0050	0.0098	0.0098	0.7931	9.7735
1.4700	0.0050	0.0099	0.0099	0.7953	9.8600
1.4800	0.0050	0.0099	0.0099	0.8042	9.6402
1.4900	0.0050	0.0099	0.0099	0.8020	9.8600
1.5000	0.0050	0.0099	0.0099	0.8020	9.6669
1.5100	0.0050	0.0099	0.0099	0.8020	9.8600
1.5200	0.0050	0.0099	0.0099	0.8020	9.6669
1.5300	0.0050	0.0099	0.0099	0.8020	9.8600
1.5400	0.0050	0.0099	0.0099	0.8042	9.6402
1.5500	0.0050	0.0098	0.0098	0.8020	9.8600
1.5600	0.0050	0.0099	0.0099	0.8020	9.6669
1.5700	0.0050	0.0098	0.0098	0.8020	9.8600
1.5800	0.0050	0.0100	0.0100	0.8020	9.6669
1.5900	0.0050	0.0099	0.0099	0.8020	9.8600
1.6000	0.0050	0.0099	0.0099	0.8042	9.6402
1.6100	0.0050	0.0099	0.0099	0.8020	9.8600
1.6200	0.0050	0.0099	0.0099	0.8020	9.6669
1.6300	0.0050	0.0099	0.0099	0.8020	9.8600
1.6400	0.0050	0.0099	0.0099	0.8042	9.6402
1.6500	0.0050	0.0100	0.0100	0.8020	9.8600
1.6600	0.0050	0.0099	0.0099	0.8020	9.6669
1.6700	0.0050	0.0099	0.0099	0.8020	9.8600
1.6800	0.0050	0.0099	0.0099	0.8020	9.6669
1.6900	0.0050	0.0099	0.0099	0.8020	9.8600
1.7000	0.0050	0.0098	0.0098	0.8042	9.6402
1.7100	0.0050	0.0098	0.0098	0.8020	9.8600
1.7200	0.0050	0.0098	0.0098	0.8020	9.6669
1.7300	0.0050	0.0099	0.0099	0.7998	9.8600
1.7400	0.0050	0.0099	0.0099	0.8020	9.6669
1.7500	0.0050	0.0099	0.0099	0.8020	9.8600
1.7600	0.0050	0.0099	0.0099	0.8042	9.6402
1.7700	0.0050	0.0099	0.0099	0.8020	9.8600
1.7800	0.0050	0.0098	0.0098	0.7998	9.6936
1.7900	0.0050	0.0099	0.0099	0.8020	9.8600
1.8000	0.0050	0.0099	0.0099	0.8042	9.6402
1.8100	0.0050	0.0099	0.0099	0.8020	9.8600
1.8200	0.0050	0.0099	0.0099	0.7998	9.6936
1.8300	0.0050	0.0100	0.0100	0.8020	9.8600
1.8400	0.0050	0.0099	0.0099	0.8042	9.6402
1.8500	0.0050	0.0099	0.0099	0.8020	9.8600
1.8600	0.0050	0.0099	0.0099	0.8020	9.6669
1.8700	0.0050	0.0098	0.0098	0.7998	9.8600
1.8800	0.0050	0.0098	0.0098	0.8020	9.6669
1.8900	0.0050	0.0099	0.0099	0.8020	9.8600
1.9000	0.0050	0.0099	0.0099	0.8042	9.6402
1.9100	0.0050	0.0099	0.0099	0.8020	9.8600
1.9200	0.0050	0.0099	0.0099	0.8020	9.6669
1.9300	0.0050	0.0099	0.0099	0.8020	9.8600
1.9400	0.0050	0.0099	0.0099	0.8042	9.6402
1.9500	0.0050	0.0098	0.0098	0.8020	9.8600
1.9600	0.0050	0.0099	0.0099	0.8042	9.6402
1.9700	0.0050	0.0099	0.0099	0.8020	9.8600
1.9800	0.0050	0.0099	0.0099	0.8020	9.6669
1.9900	0.0050	0.0099	0.0099	0.8020	9.8600
2.0000	0.0050	0.0099	0.0099	0.8042	9.6402
2.0100	0.0050	0.0099	0.0099	0.8020	9.8600
2.0200	0.0050	0.0099	0.0099	0.8020	9.6669
2.0300	0.0050	0.0098	0.0098	0.8020	9.8600
2.0400	0.0050	0.0099	0.0099	0.8042	9.6402
2.0500	0.0050	0.0099	0.0099	0.8020	9.8600
2.0600	0.0050	0.0099	0.0099	0.8020	9.6669
2.0700	0.0050	0.0100	0.0100	0.8020	9.8600
2.0800	0.0050	0.0099	0.0099	0.8042	9.6402
2.0900	0.0050	0.0099	0.0099	0.8020	9.8600
2.1000	0.0050	0.0099	0.0099	0.7998	9.6936
2.1100	0.0050	0.0099	0.0099	0.8020	9.8600
2.1200	0.0050	0.0099	0.0099	0.8042	9.6402
2.1300	0.0050	0.0099	0.0099	0.8042	9.8600
2.1400	0.0050	0.0099	0.0099	0.8042	9.6402
2.1500	0.0050	0.0099	0.0099	0.8020	9.8600
2.1600	0.0050	0.0099	0.0099	0.8020	9.6669
2.1700	0.0050	0.0099	0.0099	0.8042	9.8600
2.1800	0.0050	0.0099	0.0099	0.8087	9.5869
2.1900	0.0050	0.0099	0.0099	0.7953	9.8600
2.2000	0.0050	0.0099	0.0099	0.7953	9.7469
2.2100	0.0050	0.0099	0.0099	0.8042	9.8600
2.2200	0.0050	0.0099	0.0099	0.8087	9.5869
2.2300	0.0050	0.0099	0.0099	0.7998	9.8600
2.2400	0.0050	0.0099	0.0099	0.7953	9.7469
2.2500	0.0050	0.0099	0.0099	0.8042	9.8600
2.2600	0.0050	0.0099	0.0099	0.8087	9.5869
2.2700	0.0050	0.0099	0.0099	0.7953	9.8600
2.2800	0.0050	0.0099	0.0099	0.7976	9.7202
2.2900	0.0050	0.0099	0.0099	0.8020	9.8600
2.3000	0.0050	0.0100	0.0100	0.8042	9.6402
2.3100	0.0050	0.0099	0.0099	0.8042	9.8600
2.3200	0.0050	0.0099	0.0099	0.8020	9.6669
2.3300	0.0050	0.0098	0.0098	0.8020	9.8600
2.3400	0.0050	0.0099	0.0099	0.8020	9.6669
2.3500	0.0050	0.0099	0.0099	0.8020	9.8600
2.3600	0.0050	0.0099	0.0099	0.8042	9.6402
2.3700	0.0050	0.0099	0.0099	0.8020	9.8600
2.3800	0.0050	0.0099	0.0099	0.8020	9.6669
2.3900	0.0050	0.0099	0.0099	0.8020	9.8600
2.4000	0.0050	0.0099	0.0099	0.8020	9.6669
2.4100	0.0050	0.0099	0.0099	0.8020	9.8600
2.4200	0.0050	0.0099	0.0099	0.8020	9.6669
2.4300	0.0050	0.0099	0.0099	0.8020	9.8600
2.4400	0.0050	0.0099	0.0099	0.8020	9.6669
2.4500	0.0050	0.0099	0.0099	0.8020	9.8600
2.4600	0.0050	0.0099	0.0099	0.8042	9.6402
2.4700	0.0050	0.0099	0.0099	0.8020	9.8600
2.4800	0.0050	0.0099	0.0099	0.8020	9.6669
2.4900	0.0050	0.0099	0.0099	0.8042	9.8600
2.5000	0.0050	0.0099	0.0099	0.8020	9.6669
2.5100	0.0050	0.0099	0.0099	0.7998	9.8600
2.5200	0.0050	0.0099	0.0099	0.8042	9.6402
2.5300	0.0050	0.0099	0.0099	0.8020	9.8600
2.5400	0.0050	0.0099	0.0099	0.8020	9.6669
2.5500	0.0050	0.0099	0.0099	0.8042	9.8600
2.5600	0.0050	0.0099	0.0099	0.8020	9.6669
2.5700	0.0050	0.0099	0.0099	0.8020	9.8600
2.5800	0.0050	0.0099	0.0099	0.8020	9.6669
2.5900	0.0050	0.0099	0.0099	0.8020	9.8600
2.6000	0.0050	0.0099	0.0099	0.8042	9.6402
2.6100	0.0050	0.0099	0.0099	0.8020	9.8600
2.6200	0.0050	0.0099	0.0099	0.8020	9.6669
2.6300	0.0050	0.0099	0.0099	0.8020	9.8600
2.6400	0.0050	0.0099	0.0099	0.8042	9.6402
2.6500	0.0050	0.0099	0.0099	0.8020	9.8600
2.6600	0.0050	0.0099	0.0099	0.8020	9.6669
2.6700	0.0050	0.0099	0.0099	0.8020	9.8600
2.6800	0.0050	0.0099	0.0099	0.8020	9.6669
2.6900	0.0050	0.0099	0.0099	0.8020	9.8600
2.7000	0.0050	0.0099	0.0099	0.8042	9.6402
2.7100	0.0050	0.0099	0.0099	0.8020	9.8600
2.7200	0.0050	0.0099	0.0099	0.8020	9.6669
2.7300	0.0050	0.0099	0.0099	0.8020	9.8600
2.7400	0.0050	0.0099	0.0099	0.8042	9.6402
2.7500	0.0050	0.0099	0.0099	0.8020	9.8600
2.7600	0.0050	0.0098	0.0098	0.8042	9.6402
2.7700	0.0050	0.0098	0.0098	0.8020	9.8600
2.7800	0.0050	0.0099	0.0099	0.7998	9.6936
2.7900	0.0050	0.0099	0.0099	0.8020	9.8600
2.8000	0.0050	0.0098	0.0098	0.8020	9.6669
2.8100	0.0050	0.0098	0.0098	0.7998	9.8600
2.8200	0.0050	0.0100	0.0100	0.8042	9.6402
2.8300	0.0050	0.0099	0.0099	0.8020	9.8600
2.8400	0.0050	0.0099	0.0099	0.8020	9.6669
2.8500	0.0050	0.0099	0.0099	0.8020	9.8600
2.8600	0.0050	0.0099	0.0099	0.8042	9.6402
2.8700	0.0050	0.0098	0.0098	0.8020	9.8600
2.8800	0.0050	0.0099	0.0099	0.8020	9.6669
2.8900	0.0050	0.0099	0.0099	0.8020	9.8600
2.9000	0.0050	0.0099	0.0099	0.8020	9.6669
2.9100	0.0050	0.0099	0.0099	0.8020	9.8600
2.9200	0.0050	0.0098	0.0098	0.8042	9.6402
2.9300	0.0050	0.0098	0.0098	0.8020	9.8600
2.9400	0.0050	0.0099	0.0099	0.8020	9.6669
2.9500	0.0050	0.0099	0.0099	0.7998	9.8600
2.9600	0.0050	0.0099	0.0099	0.8020	9.6669
2.9700	0.0050	0.0098	0.0098	0.8020	9.8600
2.9800	0.0050	0.0099	0.0099	0.8042	9.6402
2.9900	0.0050	0.0098	0.0098	0.8020	9.8600
3.0000	0.0050	0.0098	0.0098	0.8020	9.6669
3.0100	0.0050	0.0099	0.0099	0.8020	9.8600
3.0200	0.0050	0.0098	0.0098	0.8020	9.6669
3.0300	0.0050	0.0098	0.0098	0.8020	9.8600
3.0400	0.0050	0.0098	0.0098	0.8020	9.6669
3.0500	0.0050	0.0099	0.0099	0.8020	9.8600
3.0600	0.0050	0.0099	0.0099	0.8042	9.6402
3.0700	0.0050	0.0099	0.0099	0.8042	9.8600
3.0800	0.0050	0.0099	0.0099	0.8020	9.6669
3.0900	0.0050	0.0098	0.0098	0.8020	9.8600
3.1000	0.0050	0.0099	0.0099	0.8020	9.6669
3.1100	0.0050	0.0099	0.0099	0.8020	9.8600
3.1200	0.0050	0.0099	0.0099	0.8020	9.6669
3.1300	0.0050	0.0099	0.0099	0.8020	9.8600
3.1400	0.0050	0.0100	0.0100	0.8042	9.6402
3.1500	0.0050	0.0099	0.0099	0.8042	9.8600
3.1600	0.0050	0.0098	0.0098	0.8042	9.6402
3.1700	0.0050	0.0099	0.0099	0.7976	9.8600
3.1800	0.0050	0.0099	0.0099	0.8020	9.6669
3.1900	0.0050	0.0099	0.0099	0.8020	9.8600
3.2000	0.0050	0.0099	0.0099	0.8020	9.6669
3.2100	0.0050	0.0099	0.0099	0.8020	9.8600
3.2200	0.0050	0.0099	0.0099	0.8042	9.6402
3.2300	0.0050	0.0099	0.0099	0.8020	9.8600
3.2400	0.0050	0.0099	0.0099	0.7998	9.6936
3.2500	0.0050	0.0099	0.0099	0.8020	9.8600
3.2600	0.0050	0.0099	0.0099	0.8020	9.6669
3.2700	0.0050	0.0099	0.0099	0.8020	9.8600
3.2800	0.0050	0.0099	0.0099	0.8020	9.6669
3.2900	0.0050	0.0099	0.0099	0.8020	9.8600
3.3000	0.0050	0.0098	0.0098	0.8042	9.6402
3.3100	0.0050	0.0099	0.0099	0.8020	9.8600
3.3200	0.0050	0.0099	0.0099	0.8042	9.6402
3.3300	0.0050	0.0098	0.0098	0.7976	9.8600
3.3400	0.0050	0.0099	0.0099	0.8042	9.6402
3.3500	0.0050	0.0099	0.0099	0.7998	9.8600
3.3600	0.0050	0.0099	0.0099	0.8042	9.6402
3.3700	0.0050	0.0099	0.0099	0.8020	9.8600
3.3800	0.0050	0.0098	0.0098	0.8020	9.6669
3.3900	0.0050	0.0098	0.0098	0.8020	9.8600
3.4000	0.0050	0.0099	0.0099	0.8020	9.6669
3.4100	0.0050	0.0099	0.0099	0.8020	9.8600
3.4200	0.0050	0.0099	0.0099	0.8020	9.6669
3.4300	0.0050	0.0099	0.0099	0.8020	9.8600
3.4400	0.0050	0.0099	0.0099	0.8042	9.6402
3.4500	0.0050	0.0099	0.0099	0.8020	9.8600
3.4600	0.0050	0.0099	0.0099	0.8020	9.6669
3.4700	0.0050	0.0099	0.0099	0.8020	9.8600
3.4800	0.0050	0.0099	0.0099	0.8020	9.6669
3.4900	0.0050	0.0099	0.0099	0.8020	9.8600
3.5000	0.0050	0.0099	0.0099	0.8042	9.6402
3.5100	0.0050	0.0099	0.0099	0.8020	9.8600
3.5200	0.0050	0.0098	0.0098	0.8020	9.6669
3.5300	0.0050	0.0099	0.0099	0.8042	9.8600
3.5400	0.0050	0.0099	0.0099	0.8020	9.6669
3.5500	0.0050	0.0099	0.0099	0.8020	9.8600
3.5600	0.0050	0.0099	0.0099	0.8042	9.6402
3.5700	0.0050	0.0098	0.0098	0.8020	9.8600
3.5800	0.0050	0.0099	0.0099	0.8020	9.6669
3.5900	0.0050	0.0098	0.0098	0.8020	9.8600
3.6000	0.0050	0.0098	0.0098	0.8020	9.6669
3.6100	0.0050	0.0100	0.0100	0.8020	9.8600
3.6200	0.0050	0.0099	0.0099	0.8020	9.6669
3.6300	0.0050	0.0098	0.0098	0.8020	9.8600
3.6400	0.0050	0.0099	0.0099	0.8042	9.6402
3.6500	0.0050	0.0099	0.0099	0.8020	9.8600
3.6600	0.0050	0.0099	0.0099	0.8042	9.6402
3.6700	0.0050	0.0098	0.0098	0.7998	9.8600
3.6800	0.0050	0.0098	0.0098	0.8020	9.6669
3.6900	0.0050	0.0099	0.0099	0.8020	9.8600
3.7000	0.0050	0.0099	0.0099	0.8042	9.6402
3.7100	0.0050	0.0099	0.0099	0.8020	9.8600
3.7200	0.0050	0.0099	0.0099	0.8020	9.6669
3.7300	0.0050	0.0099	0.0099	0.8020	9.8600
3.7400	0.0050	0.0099	0.0099	0.8020	9.6669
3.7500	0.0050	0.0099	0.0099	0.8020	9.8600
3.7600	0.0050	0.0099	0.0099	0.8020	9.6669
3.7700	0.0050	0.0099	0.0099	0.8020	9.8600
3.7800	0.0050	0.0099	0.0099	0.8042	9.6402
3.7900	0.0050	0.0099	0.0099	0.8042	9.8600
3.8000	0.0050	0.0099	0.0099	0.8020	9.6669
3.8100	0.0050	0.0099	0.0099	0.8020	9.8600
3.8200	0.0050	0.0098	0.0098	0.8020	9.6669
3.8300	0.0050	0.0099	0.0099	0.7998	9.8600
3.8400	0.0050	0.0099	0.0099	0.8042	9.6402
3.8500	0.0050	0.0099	0.0099	0.8020	9.8600
3.8600	0.0050	0.0098	0.0098	0.8020	9.6669
3.8700	0.0050	0.0099	0.0099	0.8042	9.8600
3.8800	0.0050	0.0098	0.0098	0.8020	9.6669
3.8900	0.0050	0.0099	0.0099	0.8020	9.8600
3.9000	0.0050	0.0099	0.0099	0.8042	9.6402
3.9100	0.0050	0.0099	0.0099	0.8020	9.8600
3.9200	0.0050	0.0098	0.0098	0.8020	9.6669
3.9300	0.0050	0.0098	0.0098	0.8020	9.8600
3.9400	0.0050	0.0099	0.0099	0.8020	9.6669
3.9500	0.0050	0.0099	0.0099	0.8020	9.8600
3.9600	0.0050	0.0099	0.0099	0.8020	9.6669
3.9700	0.0050	0.0099	0.0099	0.8020	9.8600
3.9800	0.0050	0.0099	0.0099	0.8020	9.6669
3.9900	0.0050	0.0098	0.0098	0.7998	9.8600
4.0000	0.0050	0.0098	0.0098	0.8042	9.6402
4.0100	0.0050	0.0099	0.0099	0.8020	9.8600
4.0200	0.0050	0.0099	0.0099	0.8042	9.6402
4.0300	0.0050	0.0099	0.0099	0.8020	9.8600
4.0400	0.0050	0.0099	0.0099	0.8020	9.6669
4.0500	0.0050	0.0099	0.0099	0.8020	9.8600
4.0600	0.0050	0.0099	0.0099	0.8020	9.6669
4.0700	0.0050	0.0099	0.0099	0.8020	9.8600
4.0800	0.0050	0.0099	0.0099	0.8042	9.6402
4.0900	0.0050	0.0098	0.0098	0.8020	9.8600
4.1000	0.0050	0.0098	0.0098	0.8020	9.6669
4.1100	0.0050	0.0099	0.0099	0.8020	9.8600
4.1200	0.0050	0.0099	0.0099	0.8042	9.6402
4.1300	0.0050	0.0099	0.0099	0.8042	9.8600
4.1400	0.0050	0.0099	0.0099	0.8020	9.6669
4.1500	0.0050	0.0099	0.0099	0.8020	9.8600
4.1600	0.0050	0.0099	0.0099	0.8020	9.6669
4.1700	0.0050	0.0098	0.0098	0.7998	9.8600
4.1800	0.0050	0.0099	0.0099	0.8020	9.6669
4.1900	0.0050	0.0099	0.0099	0.8020	9.8600
4.2000	0.0050	0.0098	0.0098	0.8042	9.6402
4.2100	0.0050	0.0099	0.0099	0.8042	9.8600
4.2200	0.0050	0.0098	0.0098	0.8020	9.6669
4.2300	0.0050	0.0098	0.0098	0.8020	9.8600
4.2400	0.0050	0.0099	0.0099	0.8042	9.6402
4.2500	0.0050	0.0099	0.0099	0.8042	9.8600
4.2600	0.0050	0.0099	0.0099	0.8020	9.6669
4.2700	0.0050	0.0098	0.0098	0.8020	9.8600
4.2800	0.0050	0.0098	0.0098	0.8042	9.6402
4.2900	0.0050	0.0099	0.0099	0.8020	9.8600
4.3000	0.0050	0.0099	0.0099	0.8020	9.6669
4.3100	0.0050	0.0099	0.0099	0.8020	9.8600
4.3200	0.0050	0.0098	0.0098	0.8020	9.6669
4.3300	0.0050	0.0099	0.0099	0.8020	9.8600
4.3400	0.0050	0.0099	0.0099	0.8042	9.6402
4.3500	0.0050	0.0098	0.0098	0.8020	9.8600
4.3600	0.0050	0.0099	0.0099	0.8020	9.6669
4.3700	0.0050	0.0099	0.0099	0.8020	9.8600
4.3800	0.0050	0.0098	0.0098	0.8042	9.6402
4.3900	0.0050	0.0099	0.0099	0.8042	9.8600
4.4000	0.0050	0.0099	0.0099	0.8020	9.6669
4.4100	0.0050	0.0098	0.0098	0.8020	9.8600
4.4200	0.0050	0.0099	0.0099	0.8020	9.6669
4.4300	0.0050	0.0099	0.0099	0.8042	9.8600
4.4400	0.0050	0.0099	0.0099	0.8042	9.6402
4.4500	0.0050	0.0099	0.0099	0.8020	9.8600
4.4600	0.0050	0.0100	0.0100	0.8020	9.6669
4.4700	0.0050	0.0099	0.0099	0.8020	9.8600
4.4800	0.0050	0.0099	0.0099	0.8042	9.6402
4.4900	0.0050	0.0099	0.0099	0.8042	9.8600
4.5000	0.0050	0.0099	0.0099	0.8020	9.6669
4.5100	0.0050	0.0098	0.0098	0.8020	9.8600
4.5200	0.0050	0.0099	0.0099	0.8042	9.6402
4.5300	0.0050	0.0099	0.0099	0.8020	9.8600
4.5400	0.0050	0.0099	0.0099	0.8020	9.6669
4.5500	0.0050	0.0099	0.0099	0.8020	9.8600
4.5600	0.0050	0.0099	0.0099	0.8042	9.6402
4.5700	0.0050	0.0098	0.0098	0.8020	9.8600
4.5800	0.0050	0.0099	0.0099	0.8020	9.6669
4.5900	0.0050	0.0099	0.0099	0.8020	9.8600
4.6000	0.0050	0.0098	0.0098	0.8020	9.6669
4.6100	0.0050	0.0098	0.0098	0.8020	9.8600
4.6200	0.0050	0.0097	0.0097	0.8020	9.6669
4.6300	0.0050	0.0097	0.0097	0.8020	9.8600
4.6400	0.0050	0.0096	0.0096	0.8020	9.6669
4.6500	0.0050	0.0096	0.0096	0.8020	9.8600
4.6600	0.0050	0.0095	0.0095	0.8042	9.6402
4.6700	0.0050	0.0094	0.0094	0.8020	9.8600
4.6800	0.0050	0.0093	0.0093	0.7998	9.6936
4.6900	0.0050	0.0092	0.0092	0.8020	9.8600
4.7000	0.0050	0.0090	0.0090	0.8020	9.6669
4.7100	0.0050	0.0089	0.0089	0.7998	9.8600
4.7200	0.0050	0.0088	0.0088	0.8020	9.6669
4.7300	0.0050	0.0085	0.0085	0.7998	9.8600
4.7400	0.0050	0.0084	0.0084	0.8020	9.6669
4.7500	0.0050	0.0082	0.0082	0.7998	9.8600
4.7600	0.0050	0.0081	0.0081	0.7998	9.6936
4.7700	0.0050	0.0079	0.0079	0.7998	9.8600
4.7800	0.0050	0.0077	0.0077	0.7998	9.6936
4.7900	0.0050	0.0074	0.0074	0.7976	9.8600
4.8000	0.0050	0.0072	0.0072	0.7998	9.6936
4.8100	0.0050	0.0071	0.0071	0.7976	9.8600
4.8200	0.0050	0.0070	0.0070	0.7976	9.7202
4.8300	0.0050	0.0070	0.0070	0.7998	9.8600
4.8400	0.0050	0.0069	0.0069	0.8042	9.6402
4.8500	0.0050	0.0068	0.0068	0.7976	9.8600
4.8600	0.0050	0.0066	0.0066	0.7953	9.7469
4.8700	0.0050	0.0066	0.0066	0.7998	9.8600
4.8800	0.0050	0.0066	0.0066	0.8020	9.6669
4.8900	0.0050	0.0065	0.0065	0.7998	9.8600
4.9000	0.0050	0.0065	0.0065	0.7998	9.6936
4.9100	0.0050	0.0066	0.0066	0.7976	9.8600
4.9200	0.0050	0.0067	0.0067	0.7976	9.7202
4.9300	0.0050	0.0071	0.0071	0.7998	9.8600
4.9400	0.0050	0.0075	0.0075	0.7998	9.6936
4.9500	0.0050	0.0080	0.0080	0.7976	9.8600
4.9600	0.0050	0.0085	0.0085	0.8020	9.6669
4.9700	0.0050	0.0091	0.0091	0.7998	9.8600
4.9800	0.0050	0.0095	0.0095	0.8020	9.6669
4.9900	0.0050	0.0098	0.0098	0.8020	9.8600
5.0000	0.0050	0.0100	0.0100	0.8042	9.6402
5.0100	0.0050	0.0100	0.0100	0.8042	9.8600
5.0200	0.0050	0.0100	0.0100	0.8020	9.6669
5.0300	0.0050	0.0100	0.0100	0.8020	9.8600
5.0400	0.0050	0.0100	0.0100	0.8020	9.6669
5.0500	0.0050	0.0100	0.0100	0.8020	9.8600
5.0600	0.0050	0.0099	0.0099	0.8042	9.6402
5.0700	0.0050	0.0099	0.0099	0.8020	9.8600
5.0800	0.0050	0.0099	0.0099	0.8020	9.6669
5.0900	0.0050	0.0100	0.0100	0.8042	9.8600
5.1000	0.0050	0.0100	0.0100	0.8020	9.6669
5.1100	0.0050	0.0099	0.0099	0.8020	9.8600
5.1200	0.0050	0.0099	0.0099	0.8042	9.6402
5.1300	0.0050	0.0099	0.0099	0.8020	9.8600
5.1400	0.0050	0.0099	0.0099	0.8020	9.6669
5.1500	0.0050	0.0099	0.0099	0.8020	9.8600
5.1600	0.0050	0.0099	0.0099	0.8020	9.6669
5.1700	0.0050	0.0099	0.0099	0.8020	9.8600
5.1800	0.0050	0.0098	0.0098	0.8042	9.6402
5.1900	0.0050	0.0099	0.0099	0.8020	9.8600
5.2000	0.0050	0.0099	0.0099	0.8020	9.6669
5.2100	0.0050	0.0099	0.0099	0.8020	9.8600
5.2200	0.0050	0.0099	0.0099	0.8020	9.6669
5.2300	0.0050	0.0099	0.0099	0.7998	9.8600
5.2400	0.0050	0.0099	0.0099	0.8042	9.6402
5.2500	0.0050	0.0099	0.0099	0.8020	9.8600
5.2600	0.0050	0.0099	0.0099	0.8020	9.6669
5.2700	0.0050	0.0099	0.0099	0.8042	9.8600
5.2800	0.0050	0.0099	0.0099	0.8020	9.6669
5.2900	0.0050	0.0098	0.0098	0.8042	9.8600
5.3000	0.0050	0.0099	0.0099	0.8042	9.6402
5.3100	0.0050	0.0099	0.0099	0.8020	9.8600
5.3200	0.0050	0.0099	0.0099	0.8020	9.6669
5.3300	0.0050	0.0099	0.0099	0.8020	9.8600
5.3400	0.0050	0.0099	0.0099	0.8042	9.6402
5.3500	0.0050	0.0099	0.0099	0.8020	9.8600
5.3600	0.0050	0.0099	0.0099	0.7998	9.6936
5.3700	0.0050	0.0099	0.0099	0.8020	9.8600
5.3800	0.0050	0.0098	0.0098	0.7998	9.6936
5.3900	0.0050	0.0098	0.0098	0.8020	9.8600
5.4000	0.0050	0.0099	0.0099	0.8020	9.6669
5.4100	0.0050	0.0098	0.0098	0.8020	9.8600
5.4200	0.0050	0.0098	0.0098	0.8020	9.6669
5.4300	0.0050	0.0098	0.0098	0.8020	9.8600
5.4400	0.0050	0.0098	0.0098	0.8020	9.6669
5.4500	0.0050	0.0098	0.0098	0.8020	9.8600
5.4600	0.0050	0.0099	0.0099	0.8020	9.6669
5.4700	0.0050	0.0098	0.0098	0.8020	9.8600
5.4800	0.0050	0.0099	0.0099	0.8020	9.6669
5.4900	0.0050	0.0099	0.0099	0.8020	9.8600
5.5000	0.0050	0.0099	0.0099	0.8020	9.6669
5.5100	0.0050	0.0098	0.0098	0.8020	9.8600
5.5200	0.0050	0.0098	0.0098	0.8020	9.6669
5.5300	0.0050	0.0099	0.0099	0.7998	9.8600
5.5400	0.0050	0.0099	0.0099	0.8020	9.6669
5.5500	0.0050	0.0098	0.0098	0.7998	9.8600
5.5600	0.0050	0.0099	0.0099	0.8020	9.6669
5.5700	0.0050	0.0099	0.0099	0.8042	9.8600
5.5800	0.0050	0.0099	0.0099	0.8020	9.6669
5.5900	0.0050	0.0099	0.0099	0.8020	9.8600
5.6000	0.0050	0.0099	0.0099	0.8020	9.6669
5.6100	0.0050	0.0098	0.0098	0.7998	9.8600
5.6200	0.0050	0.0098	0.0098	0.8020	9.6669
5.6300	0.0050	0.0099	0.0099	0.8020	9.8600
5.6400	0.0050	0.0099	0.0099	0.8020	9.6669
5.6500	0.0050	0.0098	0.0098	0.8020	9.8600
5.6600	0.0050	0.0099	0.0099	0.8020	9.6669
5.6700	0.0050	0.0099	0.0099	0.8042	9.8600
5.6800	0.0050	0.0099	0.0099	0.8042	9.6402
5.6900	0.0050	0.0099	0.0099	0.8042	9.8600
5.7000	0.0050	0.0099	0.0099	0.8020	9.6669
5.7100	0.0050	0.0098	0.0098	0.8020	9.8600
5.7200	0.0050	0.0099	0.0099	0.8020	9.6669
5.7300	0.0050	0.0098	0.0098	0.8020	9.8600
5.7400	0.0050	0.0099	0.0099	0.8020	9.6669
5.7500	0.0050	0.0099	0.0099	0.8020	9.8600
5.7600	0.0050	0.0099	0.0099	0.8020	9.6669
5.7700	0.0050	0.0098	0.0098	0.8020	9.8600
5.7800	0.0050	0.0099	0.0099	0.8042	9.6402
5.7900	0.0050	0.0099	0.0099	0.8020	9.8600
5.8000	0.0050	0.0098	0.0098	0.8020	9.6669
5.8100	0.0050	0.0099	0.0099	0.8020	9.8600
5.8200	0.0050	0.0099	0.0099	0.8020	9.6669
5.8300	0.0050	0.0099	0.0099	0.8020	9.8600
5.8400	0.0050	0.0098	0.0098	0.8020	9.6669
5.8500	0.0050	0.0098	0.0098	0.8020	9.8600
5.8600	0.0050	0.0098	0.0098	0.8020	9.6669
5.8700	0.0050	0.0099	0.0099	0.7998	9.8600
5.8800	0.0050	0.0099	0.0099	0.8042	9.6402
5.8900	0.0050	0.0098	0.0098	0.7998	9.8600
5.9000	0.0050	0.0099	0.0099	0.8020	9.6669
5.9100	0.0050	0.0099	0.0099	0.8042	9.8600
5.9200	0.0050	0.0098	0.0098	0.7998	9.6936
5.9300	0.0050	0.0098	0.0098	0.8020	9.8600
5.9400	0.0050	0.0099	0.0099	0.8020	9.6669
5.9500	0.0050	0.0098	0.0098	0.8020	9.8600
5.9600	0.0050	0.0098	0.0098	0.8020	9.6669
5.9700	0.0050	0.0098	0.0098	0.8020	9.8600
5.9800	0.0050	0.0098	0.0098	0.8020	9.6669
5.9900	0.0050	0.0099	0.0099	0.7998	9.8600
6.0000	0.0050	0.0099	0.0099	0.8020	9.6669
6.0100	0.0050	0.0098	0.0098	0.8020	9.8600
6.0200	0.0050	0.0099	0.0099	0.8020	9.6669
6.0300	0.0050	0.0098	0.0098	0.8020	9.8600
6.0400	0.0050	0.0099	0.0099	0.7998	9.6936
6.0500	0.0050	0.0099	0.0099	0.8020	9.8600
6.0600	0.0050	0.0098	0.0098	0.8020	9.6669
6.0700	0.0050	0.0099	0.0099	0.8020	9.8600
6.0800	0.0050	0.0099	0.0099	0.8020	9.6669
6.0900	0.0050	0.0099	0.0099	0.8020	9.8600
6.1000	0.0050	0.0099	0.0099	0.8020	9.6669
6.1100	0.0050	0.0099	0.0099	0.8042	9.8600
6.1200	0.0050	0.0098	0.0098	0.7998	9.6936
6.1300	0.0050	0.0098	0.0098	0.8020	9.8600
6.1400	0.0050	0.0099	0.0099	0.8020	9.6669
6.1500	0.0050	0.0098	0.0098	0.8042	9.8600
6.1600	0.0050	0.0098	0.0098	0.7998	9.6936
6.1700	0.0050	0.0098	0.0098	0.8020	9.8600
6.1800	0.0050	0.0099	0.0099	0.8020	9.6669
6.1900	0.0050	0.0099	0.0099	0.8020	9.8600
6.2000	0.0050	0.0098	0.0098	0.8020	9.6669
6.2100	0.0050	0.0099	0.0099	0.8020	9.8600
6.2200	0.0050	0.0098	0.0098	0.8020	9.6669
6.2300	0.0050	0.0098	0.0098	0.8020	9.8600
6.2400	0.0050	0.0098	0.0098	0.8020	9.6669
6.2500	0.0050	0.0099	0.0099	0.7998	9.8600
6.2600	0.0050	0.0098	0.0098	0.8042	9.6402
6.2700	0.0050	0.0098	0.0098	0.7998	9.8600
6.2800	0.0050	0.0098	0.0098	0.8020	9.6669
6.2900	0.0050	0.0099	0.0099	0.8020	9.8600
6.3000	0.0050	0.0099	0.0099	0.8020	9.6669
6.3100	0.0050	0.0098	0.0098	0.8020	9.8600
6.3200	0.0050	0.0099	0.0099	0.8020	9.6669
6.3300	0.0050	0.0099	0.0099	0.8020	9.8600
6.3401	0.0050	0.0099	0.0099	0.8020	9.6669
6.3501	0.0050	0.0099	0.0099	0.8020	9.8600
6.3601	0.0050	0.0098	0.0098	0.8020	9.6669
6.3701	0.0050	0.0098	0.0098	0.8020	9.8600
6.3801	0.0050	0.0098	0.0098	0.7998	9.6936
6.3901	0.0050	0.0099	0.0099	0.8020	9.8600
6.4001	0.0050	0.0098	0.0098	0.7998	9.6936
6.4101	0.0050	0.0099	0.0099	0.7998	9.8600
6.4201	0.0050	0.0099	0.0099	0.8020	9.6669
6.4301	0.0050	0.0098	0.0098	0.8020	9.8600
6.4401	0.0050	0.0098	0.0098	0.8020	9.6669
6.4501	0.0050	0.0099	0.0099	0.8020	9.8600
6.4601	0.0050	0.0098	0.0098	0.8020	9.6669
6.4701	0.0050	0.0099	0.0099	0.8020	9.8600
6.4801	0.0050	0.0099	0.0099	0.8042	9.6402
6.4901	0.0050	0.0098	0.0098	0.8020	9.8600
6.5001	0.0050	0.0099	0.0099	0.8020	9.6669
6.5101	0.0050	0.0098	0.0098	0.8020	9.8600
6.5201	0.0050	0.0099	0.0099	0.8020	9.6669
6.5301	0.0050	0.0098	0.0098	0.7998	9.8600
6.5401	0.0050	0.0099	0.0099	0.8020	9.6669
6.5501	0.0050	0.0098	0.0098	0.7998	9.8600
6.5601	0.0050	0.0099	0.0099	0.8020	9.6669
6.5701	0.0050	0.0098	0.0098	0.7998	9.8600
6.5801	0.0050	0.0099	0.0099	0.8020	9.6669
6.5901	0.0050	0.0099	0.0099	0.8020	9.8600
6.6001	0.0050	0.0098	0.0098	0.8020	9.6669
6.6101	0.0050	0.0098	0.0098	0.8042	9.8600
6.6201	0.0050	0.0099	0.0099	0.8020	9.6669
6.6301	0.0050	0.0099	0.0099	0.8020	9.8600
6.6401	0.0050	0.0098	0.0098	0.8020	9.6669
6.6501	0.0050	0.0099	0.0099	0.8020	9.8600
6.6601	0.0050	0.0098	0.0098	0.7998	9.6936
6.6701	0.0050	0.0098	0.0098	0.8042	9.8600
6.6801	0.0050	0.0099	0.0099	0.8020	9.6669
6.6901	0.0050	0.0099	0.0099	0.8020	9.8600
6.7001	0.0050	0.0099	0.0099	0.8020	9.6669
6.7101	0.0050	0.0098	0.0098	0.8020	9.8600
6.7201	0.0050	0.0099	0.0099	0.8020	9.6669
6.7301	0.0050	0.0098	0.0098	0.7998	9.8600
6.7401	0.0050	0.0098	0.0098	0.8020	9.6669
6.7501	0.0050	0.0098	0.0098	0.8020	9.8600
6.7601	0.0050	0.0099	0.0099	0.8020	9.6669
6.7701	0.0050	0.0099	0.0099	0.8020	9.8600
6.7801	0.0050	0.0099	0.0099	0.8020	9.6669
6.7901	0.0050	0.0099	0.0099	0.8020	9.8600
6.8001	0.0050	0.0099	0.0099	0.8020	9.6669
6.8101	0.0050	0.0099	0.0099	0.8020	9.8600
6.8201	0.0050	0.0099	0.0099	0.7998	9.6936
6.8301	0.0050	0.0098	0.0098	0.7998	9.8600
6.8401	0.0050	0.0098	0.0098	0.8020	9.6669
6.8501	0.0050	0.0098	0.0098	0.8042	9.8600
6.8601	0.0050	0.0099	0.0099	0.8020	9.6669
6.8701	0.0050	0.0099	0.0099	0.8020	9.8600
6.8801	0.0050	0.0099	0.0099	0.8020	9.6669
6.8901	0.0050	0.0098	0.0098	0.8020	9.8600
6.9001	0.0050	0.0098	0.0098	0.8020	9.6669
6.9101	0.0050	0.0099	0.0099	0.8020	9.8600
6.9201	0.0050	0.0099	0.0099	0.8020	9.6669
6.9301	0.0050	0.0098	0.0098	0.7998	9.8600
6.9401	0.0050	0.0099	0.0099	0.8020	9.6669
6.9501	0.0050	0.0099	0.0099	0.8020	9.8600
6.9601	0.0050	0.0099	0.0099	0.8020	9.6669
6.9701	0.0050	0.0098	0.0098	0.8020	9.8600
6.9801	0.0050	0.0098	0.0098	0.8020	9.6669
6.9901	0.0050	0.0098	0.0098	0.7998	9.8600
7.0001	0.0050	0.0099	0.0099	0.7998	9.6936
7.0101	0.0050	0.0099	0.0099	0.8020	9.8600
7.0201	0.0050	0.0098	0.0098	0.8020	9.6669
7.0301	0.0050	0.0098	0.0098	0.8020	9.8600
7.0401	0.0050	0.0099	0.0099	0.7998	9.6936
7.0501	0.0050	0.0099	0.0099	0.8065	9.8600
7.0601	0.0050	0.0099	0.0099	0.8020	9.6669
7.0701	0.0050	0.0099	0.0099	0.8020	9.8600
7.0801	0.0050	0.0099	0.0099	0.8020	9.6669
7.0901	0.0050	0.0098	0.0098	0.8020	9.8600
7.1001	0.0050	0.0098	0.0098	0.7998	9.6936
7.1101	0.0050	0.0098	0.0098	0.8042	9.8600
7.1201	0.0050	0.0099	0.0099	0.8020	9.6669
7.1301	0.0050	0.0099	0.0099	0.8020	9.8600
7.1401	0.0050	0.0098	0.0098	0.7998	9.6936
7.1501	0.0050	0.0098	0.0098	0.7998	9.8600
7.1601	0.0050	0.0099	0.0099	0.8020	9.6669
7.1701	0.0050	0.0098	0.0098	0.8020	9.8600
7.1801	0.0050	0.0098	0.0098	0.8020	9.6669
7.1901	0.0050	0.0099	0.0099	0.8020	9.8600
7.2001	0.0050	0.0098	0.0098	0.8020	9.6669
7.2101	0.0050	0.0098	0.0098	0.8042	9.8600
7.2201	0.0050	0.0098	0.0098	0.7998	9.6936
7.2301	0.0050	0.0098	0.0098	0.8020	9.8600
7.2401	0.0050	0.0099	0.0099	0.8020	9.6669
7.2501	0.0050	0.0099	0.0099	0.8020	9.8600
7.2601	0.0050	0.0098	0.0098	0.8020	9.6669
7.2701	0.0050	0.0099	0.0099	0.8020	9.8600
7.2801	0.0050	0.0098	0.0098	0.8020	9.6669
7.2901	0.0050	0.0098	0.0098	0.8020	9.8600
7.3001	0.0050	0.0099	0.0099	0.8020	9.6669
7.3101	0.0050	0.0098	0.0098	0.7998	9.8600
7.3201	0.0050	0.0098	0.0098	0.8020	9.6669
7.3301	0.0050	0.0099	0.0099	0.8020	9.8600
7.3401	0.0050	0.0098	0.0098	0.8020	9.6669
7.3501	0.0050	0.0098	0.0098	0.8020	9.8600
7.3601	0.0050	0.0098	0.0098	0.8020	9.6669
7.3701	0.0050	0.0099	0.0099	0.7998	9.8600
7.3801	0.0050	0.0098	0.0098	0.7998	9.6936
7.3901	0.0050	0.0098	0.0098	0.8020	9.8600
7.4001	0.0050	0.0098	0.0098	0.8020	9.6669
7.4101	0.0050	0.0098	0.0098	0.8042	9.8600
7.4201	0.0050	0.0098	0.0098	0.8020	9.6669
7.4301	0.0050	0.0098	0.0098	0.8020	9.8600
7.4401	0.0050	0.0098	0.0098	0.8020	9.6669
7.4501	0.0050	0.0098	0.0098	0.7998	9.8600
7.4601	0.0050	0.0099	0.0099	0.8020	9.6669
7.4701	0.0050	0.0098	0.0098	0.8020	9.8600
7.4801	0.0050	0.0098	0.0098	0.8020	9.6669
7.4901	0.0050	0.0098	0.0098	0.8020	9.8600
7.5001	0.0050	0.0099	0.0099	0.8020	9.6669
7.5101	0.0050	0.0098	0.0098	0.8042	9.8600
7.5201	0.0050	0.0098	0.0098	0.8020	9.6669
7.5301	0.0050	0.0098	0.0098	0.7998	9.8600
7.5401	0.0050	0.0099	0.0099	0.8020	9.6669
7.5501	0.0050	0.0098	0.0098	0.7998	9.8600
7.5601	0.0050	0.0098	0.0098	0.8020	9.6669
7.5701	0.0050	0.0099	0.0099	0.7998	9.8600
7.5801	0.0050	0.0098	0.0098	0.7998	9.6936
7.5901	0.0050	0.0098	0.0098	0.8042	9.8600
7.6001	0.0050	0.0099	0.0099	0.8020	9.6669
7.6101	0.0050	0.0098	0.0098	0.8020	9.8600
7.6201	0.0050	0.0098	0.0098	0.8020	9.6669
7.6301	0.0050	0.0098	0.0098	0.8042	9.8600
7.6401	0.0050	0.0099	0.0099	0.8020	9.6669
7.6501	0.0050	0.0099	0.0099	0.8020	9.8600
7.6601	0.0050	0.0099	0.0099	0.8020	9.6669
7.6701	0.0050	0.0098	0.0098	0.8020	9.8600
7.6801	0.0050	0.0098	0.0098	0.8020	9.6669
7.6901	0.0050	0.0098	0.0098	0.8042	9.8600
7.7001	0.0050	0.0098	0.0098	0.8020	9.6669
7.7101	0.0050	0.0099	0.0099	0.8020	9.8600
7.7201	0.0050	0.0098	0.0098	0.8020	9.6669
7.7301	0.0050	0.0099	0.0099	0.8020	9.8600
7.7401	0.0050	0.0098	0.0098	0.8020	9.6669
7.7501	0.0050	0.0098	0.0098	0.8042	9.8600
7.7601	0.0050	0.0098	0.0098	0.8020	9.6669
7.7701	0.0050	0.0098	0.0098	0.8020	9.8600
7.7801	0.0050	0.0098	0.0098	0.8020	9.6669
7.7901	0.0050	0.0098	0.0098	0.8042	9.8600
7.8001	0.0050	0.0098	0.0098	0.8020	9.6669
7.8101	0.0050	0.0098	0.0098	0.8042	9.8600
7.8201	0.0050	0.0098	0.0098	0.8020	9.6669
7.8301	0.0050	0.0098	0.0098	0.8020	9.8600
7.8401	0.0050	0.0098	0.0098	0.8020	9.6669
7.8501	0.0050	0.0098	0.0098	0.8020	9.8600
7.8601	0.0050	0.0098	0.0098	0.8020	9.6669
7.8701	0.0050	0.0099	0.0099	0.8020	9.8600
7.8801	0.0050	0.0098	0.0098	0.7998	9.6936
7.8901	0.0050	0.0099	0.0099	0.8020	9.8600
7.9001	0.0050	0.0098	0.0098	0.8020	9.6669
7.9101	0.0050	0.0098	0.0098	0.8020	9.8600
7.9201	0.0050	0.0098	0.0098	0.8020	9.6669
7.9301	0.0050	0.0099	0.0099	0.8020	9.8600
7.9401	0.0050	0.0098	0.0098	0.7998	9.6936
7.9501	0.0050	0.0098	0.0098	0.7998	9.8600
7.9601	0.0050	0.0098	0.0098	0.8020	9.6669
7.9701	0.0050	0.0098	0.0098	0.8020	9.8600
7.9801	0.0050	0.0099	0.0099	0.8020	9.6669
7.9901	0.0050	0.0098	0.0098	0.8020	9.8600
8.0001	0.0050	0.0098	0.0098	0.8020	9.6669
8.0101	0.0050	0.0098	0.0098	0.8020	9.8600
8.0201	0.0050	0.0098	0.0098	0.8020	9.6669
8.0301	0.0050	0.0098	0.0098	0.8020	9.8600
8.0401	0.0050	0.0099	0.0099	0.8020	9.6669
8.0501	0.0050	0.0098	0.0098	0.8020	9.8600
8.0601	0.0050	0.0098	0.0098	0.7998	9.6936
8.0701	0.0050	0.0098	0.0098	0.8020	9.8600
8.0801	0.0050	0.0098	0.0098	0.8020	9.6669
8.0901	0.0050	0.0099	0.0099	0.8020	9.8600
8.1001	0.0050	0.0099	0.0099	0.8020	9.6669
8.1101	0.0050	0.0098	0.0098	0.8020	9.8600
8.1201	0.0050	0.0099	0.0099	0.7998	9.6936
8.1301	0.0050	0.0099	0.0099	0.8020	9.8600
8.1401	0.0050	0.0099	0.0099	0.7998	9.6936
8.1501	0.0050	0.0098	0.0098	0.7998	9.8600
8.1601	0.0050	0.0098	0.0098	0.8020	9.6669
8.1701	0.0050	0.0098	0.0098	0.8020	9.8600
8.1801	0.0050	0.0098	0.0098	0.8020	9.6669
8.1901	0.0050	0.0098	0.0098	0.8065	9.8600
8.2001	0.0050	0.0099	0.0099	0.8020	9.6669
8.2101	0.0050	0.0099	0.0099	0.8020	9.8600
8.2201	0.0050	0.0098	0.0098	0.8020	9.6669
8.2301	0.0050	0.0098	0.0098	0.8020	9.8600
8.2401	0.0050	0.0099	0.0099	0.8020	9.6669
8.2501	0.0050	0.0099	0.0099	0.8020	9.8600
8.2601	0.0050	0.0098	0.0098	0.8020	9.6669
8.2701	0.0050	0.0099	0.0099	0.8020	9.8600
8.2801	0.0050	0.0098	0.0098	0.7998	9.6936
8.2901	0.0050	0.0099	0.0099	0.8042	9.8600
8.3001	0.0050	0.0098	0.0098	0.8020	9.6669
8.3101	0.0050	0.0098	0.0098	0.8042	9.8600
8.3201	0.0050	0.0099	0.0099	0.8020	9.6669
8.3301	0.0050	0.0098	0.0098	0.8042	9.8600
8.3401	0.0050	0.0098	0.0098	0.8020	9.6669
8.3501	0.0050	0.0098	0.0098	0.7998	9.8600
8.3601	0.0050	0.0098	0.0098	0.8020	9.6669
8.3701	0.0050	0.0098	0.0098	0.8020	9.8600
8.3801	0.0050	0.0098	0.0098	0.8020	9.6669
8.3901	0.0050	0.0098	0.0098	0.8020	9.8600
8.4001	0.0050	0.0098	0.0098	0.7998	9.6936
8.4101	0.0050	0.0098	0.0098	0.8020	9.8600
8.4201	0.0050	0.0098	0.0098	0.8020	9.6669
8.4301	0.0050	0.0098	0.0098	0.8020	9.8600
8.4401	0.0050	0.0098	0.0098	0.8020	9.6669
8.4501	0.0050	0.0099	0.0099	0.8020	9.8600
8.4601	0.0050	0.0098	0.0098	0.8020	9.6669
8.4701	0.0050	0.0098	0.0098	0.8042	9.8600
8.4801	0.0050	0.0099	0.0099	0.7998	9.6936
8.4901	0.0050	0.0098	0.0098	0.7998	9.8600
8.5001	0.0050	0.0098	0.0098	0.8020	9.6669
8.5101	0.0050	0.0099	0.0099	0.7998	9.8600
8.5201	0.0050	0.0098	0.0098	0.8020	9.6669
8.5301	0.0050	0.0098	0.0098	0.8020	9.8600
8.5401	0.0050	0.0098	0.0098	0.8042	9.6402
8.5501	0.0050	0.0098	0.0098	0.7998	9.8600
8.5601	0.0050	0.0098	0.0098	0.8020	9.6669
8.5701	0.0050	0.0099	0.0099	0.7998	9.8600
8.5801	0.0050	0.0098	0.0098	0.8020	9.6669
8.5901	0.0050	0.0099	0.0099	0.8020	9.8600
8.6001	0.0050	0.0098	0.0098	0.8020	9.6669
8.6101	0.0050	0.0098	0.0098	0.8020	9.8600
8.6201	0.0050	0.0098	0.0098	0.7998	9.6936
8.6301	0.0050	0.0098	0.0098	0.8020	9.8600
8.6401	0.0050	0.0099	0.0099	0.7998	9.6936
8.6501	0.0050	0.0098	0.0098	0.8042	9.8600
8.6601	0.0050	0.0099	0.0099	0.8020	9.6669
8.6701	0.0050	0.0098	0.0098	0.7998	9.8600
8.6801	0.0050	0.0098	0.0098	0.8020	9.6669
8.6901	0.0050	0.0098	0.0098	0.8042	9.8600
8.7001	0.0050	0.0098	0.0098	0.8020	9.6669
8.7101	0.0050	0.0098	0.0098	0.8020	9.8600
8.7201	0.0050	0.0098	0.0098	0.8020	9.6669
8.7301	0.0050	0.0098	0.0098	0.8020	9.8600
8.7401	0.0050	0.0098	0.0098	0.7998	9.6936
8.7501	0.0050	0.0098	0.0098	0.7998	9.8600
8.7601	0.0050	0.0098	0.0098	0.7998	9.6936
8.7701	0.0050	0.0098	0.0098	0.8042	9.8600
8.7801	0.0050	0.0098	0.0098	0.8020	9.6669
8.7901	0.0050	0.0098	0.0098	0.8020	9.8600
8.8001	0.0050	0.0098	0.0098	0.8020	9.6669
8.8101	0.0050	0.0098	0.0098	0.8020	9.8600
8.8201	0.0050	0.0098	0.0098	0.8020	9.6669
8.8301	0.0050	0.0098	0.0098	0.8020	9.8600
8.8401	0.0050	0.0098	0.0098	0.8020	9.6669
8.8501	0.0050	0.0098	0.0098	0.7998	9.8600
8.8601	0.0050	0.0098	0.0098	0.8020	9.6669
8.8701	0.0050	0.0098	0.0098	0.7998	9.8600
8.8801	0.0050	0.0098	0.0098	0.8020	9.6669
8.8901	0.0050	0.0098	0.0098	0.8042	9.8600
8.9001	0.0050	0.0098	0.0098	0.7998	9.6936
8.9101	0.0050	0.0098	0.0098	0.8020	9.8600
8.9201	0.0050	0.0098	0.0098	0.7998	9.6936
8.9301	0.0050	0.0098	0.0098	0.8020	9.8600
8.9401	0.0050	0.0099	0.0099	0.8020	9.6669
8.9501	0.0050	0.0099	0.0099	0.8020	9.8600
8.9601	0.0050	0.0098	0.0098	0.8020	9.6669
8.9701	0.0050	0.0098	0.0098	0.8042	9.8600
8.9801	0.0050	0.0098	0.0098	0.8020	9.6669
8.9901	0.0050	0.0098	0.0098	0.8042	9.8600
9.0001	0.0050	0.0099	0.0099	0.8020	9.6669
9.0101	0.0050	0.0098	0.0098	0.8020	9.8600
9.0201	0.0050	0.0098	0.0098	0.8020	9.6669
9.0301	0.0050	0.0098	0.0098	0.7998	9.8600
9.0401	0.0050	0.0099	0.0099	0.8020	9.6669
9.0501	0.0050	0.0098	0.0098	0.8042	9.8600
9.0601	0.0050	0.0098	0.0098	0.8020	9.6669
9.0701	0.0050	0.0099	0.0099	0.8020	9.8600
9.0801	0.0050	0.0099	0.0099	0.8020	9.6669
9.0901	0.0050	0.0099	0.0099	0.8020	9.8600
9.1001	0.0050	0.0099	0.0099	0.8020	9.6669
9.1101	0.0050	0.0099	0.0099	0.8042	9.8600
9.1201	0.0050	0.0098	0.0098	0.8020	9.6669
9.1301	0.0050	0.0099	0.0099	0.7998	9.8600
9.1401	0.0050	0.0098	0.0098	0.8020	9.6669
9.1501	0.0050	0.0098	0.0098	0.8020	9.8600
9.1601	0.0050	0.0099	0.0099	0.8020	9.6669
9.1701	0.0050	0.0098	0.0098	0.8020	9.8600
9.1801	0.0050	0.0098	0.0098	0.7998	9.6936
9.1901	0.0050	0.0099	0.0099	0.8020	9.8600
9.2001	0.0050	0.0098	0.0098	0.8020	9.6669
9.2101	0.0050	0.0098	0.0098	0.8020	9.8600
9.2201	0.0050	0.0098	0.0098	0.8020	9.6669
9.2301	0.0050	0.0098	0.0098	0.8020	9.8600
9.2401	0.0050	0.0099	0.0099	0.8020	9.6669
9.2501	0.0050	0.0098	0.0098	0.8042	9.8600
9.2601	0.0050	0.0098	0.0098	0.7998	9.6936
9.2701	0.0050	0.0098	0.0098	0.8020	9.8600
9.2801	0.0050	0.0099	0.0099	0.8020	9.6669
9.2901	0.0050	0.0098	0.0098	0.7998	9.8600
9.3001	0.0050	0.0098	0.0098	0.8020	9.6669
9.3101	0.0050	0.0099	0.0099	0.7998	9.8600
9.3201	0.0050	0.0098	0.0098	0.8020	9.6669
9.3301	0.0050	0.0098	0.0098	0.8020	9.8600
9.3401	0.0050	0.0098	0.0098	0.8020	9.6669
9.3501	0.0050	0.0098	0.0098	0.8042	9.8600
9.3601	0.0050	0.0099	0.0099	0.8020	9.6669
9.3701	0.0050	0.0098	0.0098	0.8042	9.8600
9.3801	0.0050	0.0099	0.0099	0.8020	9.6669
9.3901	0.0050	0.0098	0.0098	0.8042	9.8600
9.4001	0.0050	0.0099	0.0099	0.8020	9.6669
9.4101	0.0050	0.0098	0.0098	0.8042	9.8600
9.4201	0.0050	0.0098	0.0098	0.8020	9.6669
9.4301	0.0050	0.0098	0.0098	0.8020	9.8600
9.4401	0.0050	0.0098	0.0098	0.8020	9.6669
9.4501	0.0050	0.0098	0.0098	0.8042	9.8600
9.4601	0.0050	0.0099	0.0099	0.8020	9.6669
9.4701	0.0050	0.0098	0.0098	0.8020	9.8600
9.4801	0.0050	0.0098	0.0098	0.8020	9.6669
9.4901	0.0050	0.0099	0.0099	0.8042	9.8600
9.5001	0.0050	0.0098	0.0098	0.8020	9.6669
9.5101	0.0050	0.0098	0.0098	0.8020	9.8600
9.5201	0.0050	0.0098	0.0098	0.8020	9.6669
9.5301	0.0050	0.0098	0.0098	0.8020	9.8600
9.5401	0.0050	0.0099	0.0099	0.8020	9.6669
9.5501	0.0050	0.0099	0.0099	0.8020	9.8600
9.5601	0.0050	0.0099	0.0099	0.8020	9.6669
9.5701	0.0050	0.0098	0.0098	0.8020	9.8600
9.5801	0.0050	0.0098	0.0098	0.7998	9.6936
9.5901	0.0050	0.0098	0.0098	0.7998	9.8600
9.6001	0.0050	0.0098	0.0098	0.8020	9.6669
9.6101	0.0050	0.0098	0.0098	0.7998	9.8600
9.6201	0.0050	0.0098	0.0098	0.8020	9.6669
9.6301	0.0050	0.0099	0.0099	0.8020	9.8600
9.6401	0.0050	0.0098	0.0098	0.8020	9.6669
9.6501	0.0050	0.0098	0.0098	0.8020	9.8600
9.6601	0.0050	0.0098	0.0098	0.8020	9.6669
9.6701	0.0050	0.0099	0.0099	0.8020	9.8600
9.6801	0.0050	0.0098	0.0098	0.7998	9.6936
9.6901	0.0050	0.0099	0.0099	0.8020	9.8600
9.7001	0.0050	0.0098	0.0098	0.8020	9.6669
9.7101	0.0050	0.0098	0.0098	0.7998	9.8600
9.7201	0.0050	0.0099	0.0099	0.8020	9.6669
9.7301	0.0050	0.0099	0.0099	0.8020	9.8600
9.7401	0.0050	0.0098	0.0098	0.8020	9.6669
9.7501	0.0050	0.0098	0.0098	0.8020	9.8600
9.7601	0.0050	0.0098	0.0098	0.7998	9.6936
9.7701	0.0050	0.0098	0.0098	0.8020	9.8600
9.7801	0.0050	0.0098	0.0098	0.8020	9.6669
9.7901	0.0050	0.0098	0.0098	0.7998	9.8600
9.8001	0.0050	0.0098	0.0098	0.8020	9.6669
9.8101	0.0050	0.0098	0.0098	0.8020	9.8600
9.8201	0.0050	0.0099	0.0099	0.8020	9.6669
9.8301	0.0050	0.0098	0.0098	0.8042	9.8600
9.8401	0.0050	0.0098	0.0098	0.8020	9.6669
9.8501	0.0050	0.0098	0.0098	0.8020	9.8600
9.8601	0.0050	0.0099	0.0099	0.8020	9.6669
9.8701	0.0050	0.0098	0.0098	0.8020	9.8600
9.8801	0.0050	0.0098	0.0098	0.7998	9.6936
9.8901	0.0050	0.0098	0.0098	0.8020	9.8600
9.9001	0.0050	0.0099	0.0099	0.8020	9.6669
9.9101	0.0050	0.0098	0.0098	0.8020	9.8600
9.9201	0.0050	0.0098	0.0098	0.7998	9.6936
9.9301	0.0050	0.0098	0.0098	0.8020	9.8600
9.9401	0.0050	0.0098	0.0098	0.7953	9.7469
9.9501	0.0050	0.0098	0.0098	0.7976	9.8600
9.9601	0.0050	0.0098	0.0098	0.7976	9.7202
9.9701	0.0050	0.0098	0.0098	0.8020	9.8600
9.9801	0.0050	0.0098	0.0098	0.8087	9.5869
9.9901	0.0050	0.0099	0.0099	0.8109	9.8600
10.0001	0.0050	0.0098	0.0098	0.8065	9.8600
10.0101	0.0050	0.0098	0.0098	0.8020	9.6669
10.0201	0.0050	0.0098	0.0098	0.8020	9.8600
10.0301	0.0050	0.0098	0.0098	0.7953	9.7469
10.0401	0.0050	0.0098	0.0098	0.7953	9.8600
10.0501	0.0050	0.0098	0.0098	0.7953	9.7469
10.0601	0.0050	0.0098	0.0098	0.8020	9.8600
10.0701	0.0050	0.0098	0.0098	0.8087	9.5869
10.0801	0.0050	0.0098	0.0098	0.7953	9.8600
10.0901	0.0050	0.0098	0.0098	0.7953	9.7469
10.1001	0.0050	0.0098	0.0098	0.8020	9.8600
10.1101	0.0050	0.0099	0.0099	0.8065	9.6136
10.1201	0.0050	0.0098	0.0098	0.7998	9.8600
10.1301	0.0050	0.0099	0.0099	0.7953	9.7469
10.1401	0.0050	0.0098	0.0098	0.8042	9.8600
10.1501	0.0050	0.0098	0.0098	0.8065	9.6136
10.1601	0.0050	0.0099	0.0099	0.8020	9.8600
10.1701	0.0050	0.0098	0.0098	0.7976	9.7202
10.1801	0.0050	0.0099	0.0099	0.8020	9.8600
10.1901	0.0050	0.0098	0.0098	0.8020	9.6669
10.2001	0.0050	0.0099	0.0099	0.8020	9.8600
10.2101	0.0050	0.0098	0.0098	0.8020	9.6669
10.2201	0.0050	0.0098	0.0098	0.8020	9.8600
10.2301	0.0050	0.0098	0.0098	0.7998	9.6936
10.2401	0.0050	0.0098	0.0098	0.8020	9.8600
10.2501	0.0050	0.0098	0.0098	0.8020	9.6669
10.2601	0.0050	0.0099	0.0099	0.7998	9.8600
10.2701	0.0050	0.0098	0.0098	0.8020	9.6669
10.2801	0.0050	0.0098	0.0098	0.8042	9.8600
10.2901	0.0050	0.0098	0.0098	0.8020	9.6669
10.3001	0.0050	0.0099	0.0099	0.8042	9.8600
10.3101	0.0050	0.0098	0.0098	0.8020	9.6669
10.3201	0.0050	0.0098	0.0098	0.8020	9.8600
10.3301	0.0050	0.0098	0.0098	0.8020	9.6669
10.3401	0.0050	0.0098	0.0098	0.8020	9.8600
10.3501	0.0050	0.0098	0.0098	0.8020	9.6669
10.3601	0.0050	0.0098	0.0098	0.8020	9.8600
10.3701	0.0050	0.0098	0.0098	0.8020	9.6669
10.3801	0.0050	0.0099	0.0099	0.8020	9.8600
10.3901	0.0050	0.0098	0.0098	0.8020	9.6669
10.4001	0.0050	0.0098	0.0098	0.8042	9.8600
10.4101	0.0050	0.0098	0.0098	0.7998	9.6936
10.4201	0.0050	0.0098	0.0098	0.8020	9.8600
10.4301	0.0050	0.0099	0.0099	0.8020	9.6669
10.4401	0.0050	0.0099	0.0099	0.8020	9.8600
10.4501	0.0050	0.0099	0.0099	0.7998	9.6936
10.4601	0.0050	0.0098	0.0098	0.8020	9.8600
10.4701	0.0050	0.0098	0.0098	0.7998	9.6936
10.4801	0.0050	0.0099	0.0099	0.8020	9.8600
10.4901	0.0050	0.0098	0.0098	0.8020	9.6669
10.5001	0.0050	0.0098	0.0098	0.8020	9.8600
10.5101	0.0050	0.0098	0.0098	0.8020	9.6669
10.5201	0.0050	0.0098	0.0098	0.8020	9.8600
10.5301	0.0050	0.0098	0.0098	0.8020	9.6669
10.5401	0.0050	0.0098	0.0098	0.8042	9.8600
10.5501	0.0050	0.0098	0.0098	0.8020	9.6669
10.5601	0.0050	0.0098	0.0098	0.8020	9.8600
10.5701	0.0050	0.0098	0.0098	0.8020	9.6669
10.5801	0.0050	0.0098	0.0098	0.8042	9.8600
10.5901	0.0050	0.0099	0.0099	0.8020	9.6669
10.6001	0.0050	0.0099	0.0099	0.7998	9.8600
10.6101	0.0050	0.0098	0.0098	0.8020	9.6669
10.6201	0.0050	0.0099	0.0099	0.8042	9.8600
10.6301	0.0050	0.0099	0.0099	0.7998	9.6936
10.6401	0.0050	0.0098	0.0098	0.8020	9.8600
10.6501	0.0050	0.0098	0.0098	0.8020	9.6669
10.6601	0.0050	0.0099	0.0099	0.8042	9.8600
10.6701	0.0050	0.0098	0.0098	0.8020	9.6669
10.6801	0.0050	0.0098	0.0098	0.7998	9.8600
10.6901	0.0050	0.0098	0.0098	0.8020	9.6669
10.7001	0.0050	0.0098	0.0098	0.8020	9.8600
10.7101	0.0050	0.0098	0.0098	0.7998	9.6936
10.7201	0.0050	0.0098	0.0098	0.7998	9.8600
10.7302	0.0050	0.0099	0.0099	0.8020	9.6669
10.7402	0.0050	0.0098	0.0098	0.8020	9.8600
10.7502	0.0050	0.0098	0.0098	0.8020	9.6669
10.7602	0.0050	0.0098	0.0098	0.8020	9.8600
10.7702	0.0050	0.0098	0.0098	0.8020	9.6669
10.7802	0.0050	0.0098	0.0098	0.7998	9.8600
10.7902	0.0050	0.0097	0.0097	0.7998	9.6936
10.8002	0.0050	0.0099	0.0099	0.7998	9.8600
10.8102	0.0050	0.0099	0.0099	0.8020	9.6669
10.8202	0.0050	0.0098	0.0098	0.8042	9.8600
10.8302	0.0050	0.0098	0.0098	0.8020	9.6669
10.8402	0.0050	0.0098	0.0098	0.8020	9.8600
10.8502	0.0050	0.0098	0.0098	0.8020	9.6669
10.8602	0.0050	0.0098	0.0098	0.8020	9.8600
10.8702	0.0050	0.0098	0.0098	0.8020	9.6669
10.8802	0.0050	0.0098	0.0098	0.8042	9.8600
10.8902	0.0050	0.0098	0.0098	0.7998	9.6936
10.9002	0.0050	0.0098	0.0098	0.8020	9.8600
10.9102	0.0050	0.0098	0.0098	0.8020	9.6669
10.9202	0.0050	0.0098	0.0098	0.8020	9.8600
10.9302	0.0050	0.0098	0.0098	0.7998	9.6936
10.9402	0.0050	0.0098	0.0098	0.8020	9.8600
10.9502	0.0050	0.0099	0.0099	0.8020	9.6669
10.9602	0.0050	0.0098	0.0098	0.8020	9.8600
10.9702	0.0050	0.0098	0.0098	0.8020	9.6669
10.9802	0.0050	0.0098	0.0098	0.8020	9.8600
10.9902	0.0050	0.0098	0.0098	0.8020	9.6669
11.0002	0.0050	0.0097	0.0097	0.8020	9.8600
11.0102	0.0050	0.0098	0.0098	0.8020	9.6669
11.0202	0.0050	0.0098	0.0098	0.8020	9.8600
11.0302	0.0050	0.0098	0.0098	0.8020	9.6669
11.0402	0.0050	0.0098	0.0098	0.8020	9.8600
11.0502	0.0050	0.0098	0.0098	0.7998	9.6936
11.0602	0.0050	0.0098	0.0098	0.8042	9.8600
11.0702	0.0050	0.0099	0.0099	0.8020	9.6669
11.0802	0.0050	0.0098	0.0098	0.8020	9.8600
11.0902	0.0050	0.0099	0.0099	0.8020	9.6669
11.1002	0.0050	0.0099	0.0099	0.8020	9.8600
11.1102	0.0050	0.0098	0.0098	0.8020	9.6669
11.1202	0.0050	0.0098	0.0098	0.7998	9.8600
11.1302	0.0050	0.0098	0.0098	0.7998	9.6936
11.1402	0.0050	0.0098	0.0098	0.8020	9.8600
11.1502	0.0050	0.0098	0.0098	0.8020	9.6669
11.1602	0.0050	0.0098	0.0098	0.8020	9.8600
11.1702	0.0050	0.0098	0.0098	0.7998	9.6936
11.1802	0.0050	0.0098	0.0098	0.8020	9.8600
11.1902	0.0050	0.0098	0.0098	0.8020	9.6669
11.2002	0.0050	0.0098	0.0098	0.7998	9.8600
11.2102	0.0050	0.0098	0.0098	0.8020	9.6669
11.2202	0.0050	0.0099	0.0099	0.7998	9.8600
11.2302	0.0050	0.0098	0.0098	0.7998	9.6936
11.2402	0.0050	0.0098	0.0098	0.8020	9.8600
11.2502	0.0050	0.0098	0.0098	0.7998	9.6936
11.2602	0.0050	0.0098	0.0098	0.8020	9.8600
11.2702	0.0050	0.0098	0.0098	0.8020	9.6669
11.2802	0.0050	0.0098	0.0098	0.8020	9.8600
11.2902	0.0050	0.0098	0.0098	0.8020	9.6669
11.3002	0.0050	0.0098	0.0098	0.8020	9.8600
11.3102	0.0050	0.0098	0.0098	0.8020	9.6669
11.3202	0.0050	0.0098	0.0098	0.8020	9.8600
11.3302	0.0050	0.0098	0.0098	0.8020	9.6669
11.3402	0.0050	0.0098	0.0098	0.8020	9.8600
11.3502	0.0050	0.0098	0.0098	0.8020	9.6669
11.3602	0.0050	0.0098	0.0098	0.8020	9.8600
11.3702	0.0050	0.0098	0.0098	0.7998	9.6936
11.3802	0.0050	0.0098	0.0098	0.7998	9.8600
11.3902	0.0050	0.0099	0.0099	0.7998	9.6936
11.4002	0.0050	0.0099	0.0099	0.8020	9.8600
11.4102	0.0050	0.0098	0.0098	0.8020	9.6669
11.4202	0.0050	0.0098	0.0098	0.8020	9.8600
11.4302	0.0050	0.0098	0.0098	0.8020	9.6669
11.4402	0.0050	0.0098	0.0098	0.8020	9.8600
11.4502	0.0050	0.0099	0.0099	0.8020	9.6669
11.4602	0.0050	0.0098	0.0098	0.8020	9.8600
11.4702	0.0050	0.0099	0.0099	0.8020	9.6669
11.4802	0.0050	0.0098	0.0098	0.8020	9.8600
11.4902	0.0050	0.0098	0.0098	0.8020	9.6669
11.5002	0.0050	0.0098	0.0098	0.7998	9.8600
11.5102	0.0050	0.0098	0.0098	0.7998	9.6936
11.5202	0.0050	0.0099	0.0099	0.8042	9.8600
11.5302	0.0050	0.0098	0.0098	0.8020	9.6669
11.5402	0.0050	0.0098	0.0098	0.8020	9.8600
11.5502	0.0050	0.0098	0.0098	0.8020	9.6669
11.5602	0.0050	0.0098	0.0098	0.7998	9.8600
11.5702	0.0050	0.0098	0.0098	0.8020	9.6669
11.5802	0.0050	0.0098	0.0098	0.8042	9.8600
11.5902	0.0050	0.0098	0.0098	0.8020	9.6669
11.6002	0.0050	0.0098	0.0098	0.8020	9.8600
11.6102	0.0050	0.0098	0.0098	0.8020	9.6669
11.6202	0.0050	0.0098	0.0098	0.8042	9.8600
11.6302	0.0050	0.0098	0.0098	0.8020	9.6669
11.6402	0.0050	0.0098	0.0098	0.8042	9.8600
11.6502	0.0050	0.0098	0.0098	0.8020	9.6669
11.6602	0.0050	0.0098	0.0098	0.8042	9.8600
11.6702	0.0050	0.0099	0.0099	0.8020	9.6669
11.6802	0.0050	0.0098	0.0098	0.8020	9.8600
11.6902	0.0050	0.0098	0.0098	0.7998	9.6936
11.7002	0.0050	0.0099	0.0099	0.8020	9.8600
11.7102	0.0050	0.0098	0.0098	0.8020	9.6669
11.7202	0.0050	0.0098	0.0098	0.8020	9.8600
11.7302	0.0050	0.0098	0.0098	0.8020	9.6669
11.7402	0.0050	0.0098	0.0098	0.8020	9.8600
11.7502	0.0050	0.0099	0.0099	0.8020	9.6669
11.7602	0.0050	0.0098	0.0098	0.8042	9.8600
11.7702	0.0050	0.0099	0.0099	0.8020	9.6669
11.7802	0.0050	0.0098	0.0098	0.8020	9.8600
11.7902	0.0050	0.0098	0.0098	0.7998	9.6936
11.8002	0.0050	0.0099	0.0099	0.7998	9.8600
11.8102	0.0050	0.0099	0.0099	0.8020	9.6669
11.8202	0.0050	0.0098	0.0098	0.8020	9.8600
11.8302	0.0050	0.0097	0.0097	0.8020	9.6669
11.8402	0.0050	0.0098	0.0098	0.8020	9.8600
11.8502	0.0050	0.0098	0.0098	0.8020	9.6669
11.8602	0.0050	0.0099	0.0099	0.8020	9.8600
11.8702	0.0050	0.0099	0.0099	0.8020	9.6669
11.8802	0.0050	0.0099	0.0099	0.8020	9.8600
11.8902	0.0050	0.0098	0.0098	0.7998	9.6936
11.9002	0.0050	0.0098	0.0098	0.7998	9.8600
11.9102	0.0050	0.0098	0.0098	0.8020	9.6669
11.9202	0.0050	0.0099	0.0099	0.8020	9.8600
11.9302	0.0050	0.0098	0.0098	0.8020	9.6669
11.9402	0.0050	0.0098	0.0098	0.8020	9.8600
11.9502	0.0050	0.0097	0.0097	0.8020	9.6669
11.9602	0.0050	0.0098	0.0098	0.8020	9.8600
11.9702	0.0050	0.0098	0.0098	0.8020	9.6669
11.9802	0.0050	0.0098	0.0098	0.8020	9.8600
11.9902	0.0050	0.0098	0.0098	0.8020	9.6669
12.0002	0.0050	0.0098	0.0098	0.8020	9.8600
12.0102	0.0050	0.0099	0.0099	0.8020	9.6669
12.0202	0.0050	0.0098	0.0098	0.7998	9.8600
12.0302	0.0050	0.0098	0.0098	0.8020	9.6669
12.0402	0.0050	0.0098	0.0098	0.8020	9.8600
12.0502	0.0050	0.0099	0.0099	0.8020	9.6669
12.0602	0.0050	0.0098	0.0098	0.8042	9.8600
12.0702	0.0050	0.0099	0.0099	0.8020	9.6669
12.0802	0.0050	0.0098	0.0098	0.8042	9.8600
12.0902	0.0050	0.0098	0.0098	0.8020	9.6669
12.1002	0.0050	0.0098	0.0098	0.8042	9.8600
12.1102	0.0050	0.0098	0.0098	0.8020	9.6669
12.1202	0.0050	0.0097	0.0097	0.7998	9.8600
12.1302	0.0050	0.0098	0.0098	0.7998	9.6936
12.1402	0.0050	0.0097	0.0097	0.7998	9.8600
12.1502	0.0050	0.0098	0.0098	0.8020	9.6669
12.1602	0.0050	0.0098	0.0098	0.8020	9.8600
12.1702	0.0050	0.0098	0.0098	0.8020	9.6669
12.1802	0.0050	0.0098	0.0098	0.8020	9.8600
12.1902	0.0050	0.0098	0.0098	0.8020	9.6669
12.2002	0.0050	0.0098	0.0098	0.8042	9.8600
12.2102	0.0050	0.0099	0.0099	0.8020	9.6669
12.2202	0.0050	0.0099	0.0099	0.8042	9.8600
12.2302	0.0050	0.0098	0.0098	0.7998	9.6936
12.2402	0.0050	0.0098	0.0098	0.8020	9.8600
12.2502	0.0050	0.0098	0.0098	0.7998	9.6936
12.2602	0.0050	0.0098	0.0098	0.8020	9.8600
12.2702	0.0050	0.0098	0.0098	0.7998	9.6936
12.2802	0.0050	0.0098	0.0098	0.7998	9.8600
12.2902	0.0050	0.0098	0.0098	0.8020	9.6669
12.3002	0.0050	0.0098	0.0098	0.7998	9.8600
12.3102	0.0050	0.0099	0.0099	0.7998	9.6936
12.3202	0.0050	0.0099	0.0099	0.8020	9.8600
12.3302	0.0050	0.0099	0.0099	0.8020	9.6669
12.3402	0.0050	0.0098	0.0098	0.8020	9.8600
12.3502	0.0050	0.0099	0.0099	0.8020	9.6669
12.3602	0.0050	0.0098	0.0098	0.8020	9.8600
12.3702	0.0050	0.0098	0.0098	0.7998	9.6936
12.3802	0.0050	0.0099	0.0099	0.8020	9.8600
12.3902	0.0050	0.0099	0.0099	0.8020	9.6669
12.4002	0.0050	0.0099	0.0099	0.8020	9.8600
12.4102	0.0050	0.0099	0.0099	0.7998	9.6936
12.4202	0.0050	0.0098	0.0098	0.8020	9.8600
12.4302	0.0050	0.0099	0.0099	0.8020	9.6669
12.4402	0.0050	0.0098	0.0098	0.7998	9.8600
12.4502	0.0050	0.0099	0.0099	0.8020	9.6669
12.4602	0.0050	0.0098	0.0098	0.8042	9.8600
12.4702	0.0050	0.0098	0.0098	0.8020	9.6669
12.4802	0.0050	0.0098	0.0098	0.8020	9.8600
12.4902	0.0050	0.0098	0.0098	0.8020	9.6669
12.5002	0.0050	0.0098	0.0098	0.8020	9.8600
12.5102	0.0050	0.0098	0.0098	0.8020	9.6669
12.5202	0.0050	0.0098	0.0098	0.8020	9.8600
12.5302	0.0050	0.0098	0.0098	0.8020	9.6669
12.5402	0.0050	0.0098	0.0098	0.8020	9.8600
12.5502	0.0050	0.0098	0.0098	0.8020	9.6669
12.5602	0.0050	0.0099	0.0099	0.8020	9.8600
12.5702	0.0050	0.0098	0.0098	0.7998	9.6936
12.5802	0.0050	0.0099	0.0099	0.8020	9.8600
12.5902	0.0050	0.0098	0.0098	0.8020	9.6669
12.6002	0.0050	0.0098	0.0098	0.8020	9.8600
12.6102	0.0050	0.0098	0.0098	0.8020	9.6669
12.6202	0.0050	0.0099	0.0099	0.8020	9.8600
12.6302	0.0050	0.0098	0.0098	0.8020	9.6669
12.6402	0.0050	0.0098	0.0098	0.8020	9.8600
12.6502	0.0050	0.0098	0.0098	0.8020	9.6669
12.6602	0.0050	0.0099	0.0099	0.8020	9.8600
12.6702	0.0050	0.0098	0.0098	0.8020	9.6669
12.6802	0.0050	0.0098	0.0098	0.7998	9.8600
12.6902	0.0050	0.0098	0.0098	0.7998	9.6936
12.7002	0.0050	0.0098	0.0098	0.8042	9.8600
12.7102	0.0050	0.0098	0.0098	0.8020	9.6669
12.7202	0.0050	0.0098	0.0098	0.8020	9.8600
12.7302	0.0050	0.0098	0.0098	0.8020	9.6669
12.7402	0.0050	0.0099	0.0099	0.8020	9.8600
12.7502	0.0050	0.0098	0.0098	0.8020	9.6669
12.7602	0.0050	0.0098	0.0098	0.8020	9.8600
12.7702	0.0050	0.0098	0.0098	0.8020	9.6669
12.7802	0.0050	0.0098	0.0098	0.8020	9.8600
12.7902	0.0050	0.0098	0.0098	0.8020	9.6669
12.8002	0.0050	0.0098	0.0098	0.8020	9.8600
12.8102	0.0050	0.0098	0.0098	0.7998	9.6936
12.8202	0.0050	0.0099	0.0099	0.8087	9.8600
12.8302	0.0050	0.0098	0.0098	0.8020	9.6669
12.8402	0.0050	0.0098	0.0098	0.8020	9.8600
12.8502	0.0050	0.0098	0.0098	0.8020	9.6669
12.8602	0.0050	0.0098	0.0098	0.7998	9.8600
12.8702	0.0050	0.0099	0.0099	0.7998	9.6936
12.8802	0.0050	0.0098	0.0098	0.8020	9.8600
12.8902	0.0050	0.0098	0.0098	0.7998	9.6936
12.9002	0.0050	0.0098	0.0098	0.8020	9.8600
12.9102	0.0050	0.0098	0.0098	0.7998	9.6936
12.9202	0.0050	0.0098	0.0098	0.7998	9.8600
12.9302	0.0050	0.0098	0.0098	0.8020	9.6669
12.9402	0.0050	0.0098	0.0098	0.8042	9.8600
12.9502	0.0050	0.0099	0.0099	0.8020	9.6669
12.9602	0.0050	0.0098	0.0098	0.8020	9.8600
12.9702	0.0050	0.0098	0.0098	0.8020	9.6669
12.9802	0.0050	0.0099	0.0099	0.8042	9.8600
12.9902	0.0050	0.0099	0.0099	0.7998	9.6936
13.0002	0.0050	0.0098	0.0098	0.8020	9.8600
13.0102	0.0050	0.0098	0.0098	0.8020	9.6669
13.0202	0.0050	0.0098	0.0098	0.8020	9.8600
13.0302	0.0050	0.0098	0.0098	0.8020	9.6669
13.0402	0.0050	0.0098	0.0098	0.8042	9.8600
13.0502	0.0050	0.0098	0.0098	0.7998	9.6936
13.0602	0.0050	0.0098	0.0098	0.8020	9.8600
13.0702	0.0050	0.0099	0.0099	0.8020	9.6669
13.0802	0.0050	0.0098	0.0098	0.8020	9.8600
13.0902	0.0050	0.0098	0.0098	0.7998	9.6936
13.1002	0.0050	0.0098	0.0098	0.8042	9.8600
13.1102	0.0050	0.0098	0.0098	0.7998	9.6936
13.1202	0.0050	0.0099	0.0099	0.8042	9.8600
13.1302	0.0050	0.0099	0.0099	0.8020	9.6669
13.1402	0.0050	0.0098	0.0098	0.8020	9.8600
13.1502	0.0050	0.0099	0.0099	0.8020	9.6669
13.1602	0.0050	0.0098	0.0098	0.8020	9.8600
13.1702	0.0050	0.0098	0.0098	0.7998	9.6936
13.1802	0.0050	0.0099	0.0099	0.8020	9.8600
13.1902	0.0050	0.0098	0.0098	0.8020	9.6669
13.2002	0.0050	0.0098	0.0098	0.8020	9.8600
13.2102	0.0050	0.0099	0.0099	0.8020	9.6669
13.2202	0.0050	0.0099	0.0099	0.8020	9.8600
13.2302	0.0050	0.0099	0.0099	0.8020	9.6669
13.2402	0.0050	0.0098	0.0098	0.8020	9.8600
13.2502	0.0050	0.0099	0.0099	0.7998	9.6936
13.2602	0.0050	0.0097	0.0097	0.7998	9.8600
13.2702	0.0050	0.0098	0.0098	0.8020	9.6669
13.2802	0.0050	0.0098	0.0098	0.8042	9.8600
13.2902	0.0050	0.0098	0.0098	0.7998	9.6936
13.3002	0.0050	0.0098	0.0098	0.8020	9.8600
13.3102	0.0050	0.0098	0.0098	0.7998	9.6936
13.3202	0.0050	0.0098	0.0098	0.8042	9.8600
13.3302	0.0050	0.0098	0.0098	0.7998	9.6936
13.3402	0.0050	0.0098	0.0098	0.7998	9.8600
13.3502	0.0050	0.0098	0.0098	0.8020	9.6669
13.3602	0.0050	0.0098	0.0098	0.7998	9.8600
13.3702	0.0050	0.0098	0.0098	0.8020	9.6669
13.3802	0.0050	0.0098	0.0098	0.8020	9.8600
13.3902	0.0050	0.0098	0.0098	0.8020	9.6669
13.4002	0.0050	0.0098	0.0098	0.8020	9.8600
13.4102	0.0050	0.0098	0.0098	0.8020	9.6669
13.4202	0.0050	0.0098	0.0098	0.8020	9.8600
13.4302	0.0050	0.0098	0.0098	0.7998	9.6936
13.4402	0.0050	0.0099	0.0099	0.7998	9.8600
13.4502	0.0050	0.0098	0.0098	0.8020	9.6669
13.4602	0.0050	0.0098	0.0098	0.8042	9.8600
13.4702	0.0050	0.0098	0.0098	0.7998	9.6936
13.4802	0.0050	0.0098	0.0098	0.8020	9.8600
13.4902	0.0050	0.0098	0.0098	0.7998	9.6936
13.5002	0.0050	0.0098	0.0098	0.8020	9.8600
13.5102	0.0050	0.0098	0.0098	0.8020	9.6669
13.5202	0.0050	0.0098	0.0098	0.8042	9.8600
13.5302	0.0050	0.0099	0.0099	0.7998	9.6936
13.5402	0.0050	0.0099	0.0099	0.8020	9.8600
13.5502	0.0050	0.0098	0.0098	0.8020	9.6669
13.5602	0.0050	0.0099	0.0099	0.8020	9.8600
13.5702	0.0050	0.0098	0.0098	0.8020	9.6669
13.5802	0.0050	0.0098	0.0098	0.8042	9.8600
13.5902	0.0050	0.0098	0.0098	0.8020	9.6669
13.6002	0.0050	0.0098	0.0098	0.8020	9.8600
13.6102	0.0050	0.0098	0.0098	0.8020	9.6669
13.6202	0.0050	0.0098	0.0098	0.7998	9.8600
13.6302	0.0050	0.0098	0.0098	0.8020	9.6669
13.6402	0.0050	0.0098	0.0098	0.8020	9.8600
13.6502	0.0050	0.0098	0.0098	0.8020	9.6669
13.6602	0.0050	0.0098	0.0098	0.8020	9.8600
13.6702	0.0050	0.0098	0.0098	0.8020	9.6669
13.6802	0.0050	0.0098	0.0098	0.8042	9.8600
13.6902	0.0050	0.0098	0.0098	0.7998	9.6936
13.7002	0.0050	0.0098	0.0098	0.7998	9.8600
13.7102	0.0050	0.0098	0.0098	0.7998	9.6936
13.7202	0.0050	0.0098	0.0098	0.8020	9.8600
13.7302	0.0050	0.0098	0.0098	0.8020	9.6669
13.7402	0.0050	0.0098	0.0098	0.8042	9.8600
13.7502	0.0050	0.0098	0.0098	0.8020	9.6669
13.7602	0.0050	0.0098	0.0098	0.8020	9.8600
13.7702	0.0050	0.0098	0.0098	0.8020	9.6669
13.7802	0.0050	0.0098	0.0098	0.8042	9.8600
13.7902	0.0050	0.0098	0.0098	0.8020	9.6669
13.8002	0.0050	0.0098	0.0098	0.8020	9.8600
13.8102	0.0050	0.0098	0.0098	0.7998	9.6936
13.8202	0.0050	0.0098	0.0098	0.8020	9.8600
13.8302	0.0050	0.0099	0.0099	0.8020	9.6669
13.8402	0.0050	0.0099	0.0099	0.8020	9.8600
13.8502	0.0050	0.0099	0.0099	0.8020	9.6669
13.8602	0.0050	0.0098	0.0098	0.7998	9.8600
13.8702	0.0050	0.0098	0.0098	0.8020	9.6669
13.8802	0.0050	0.0098	0.0098	0.8020	9.8600
13.8902	0.0050	0.0098	0.0098	0.8020	9.6669
13.9002	0.0050	0.0098	0.0098	0.7998	9.8600
13.9102	0.0050	0.0099	0.0099	0.8020	9.6669
13.9202	0.0050	0.0098	0.0098	0.8042	9.8600
13.9302	0.0050	0.0098	0.0098	0.8020	9.6669
13.9402	0.0050	0.0098	0.0098	0.7998	9.8600
13.9502	0.0050	0.0098	0.0098	0.8020	9.6669
13.9602	0.0050	0.0098	0.0098	0.8020	9.8600
13.9702	0.0050	0.0098	0.0098	0.8020	9.6669
13.9802	0.0050	0.0098	0.0098	0.7998	9.8600
13.9902	0.0050	0.0098	0.0098	0.8020	9.6669
14.0002	0.0050	0.0099	0.0099	0.8020	9.8600
14.0102	0.0050	0.0099	0.0099	0.8020	9.6669
14.0202	0.0050	0.0098	0.0098	0.8020	9.8600
14.0302	0.0050	0.0099	0.0099	0.7998	9.6936
14.0402	0.0050	0.0098	0.0098	0.8020	9.8600
14.0502	0.0050	0.0099	0.0099	0.8020	9.6669
14.0602	0.0050	0.0098	0.0098	0.8042	9.8600
14.0702	0.0050	0.0097	0.0097	0.8020	9.6669
14.0802	0.0050	0.0097	0.0097	0.8020	9.8600
14.0902	0.0050	0.0096	0.0096	0.7998	9.6936
14.1002	0.0050	0.0096	0.0096	0.8020	9.8600
14.1102	0.0050	0.0095	0.0095	0.8020	9.6669
14.1202	0.0050	0.0095	0.0095	0.8020	9.8600
14.1302	0.0050	0.0095	0.0095	0.8020	9.6669
14.1402	0.0050	0.0094	0.0094	0.8020	9.8600
14.1502	0.0050	0.0094	0.0094	0.8020	9.6669
14.1602	0.0050	0.0094	0.0094	0.8020	9.8600
14.1702	0.0050	0.0093	0.0093	0.8020	9.6669
14.1802	0.0050	0.0092	0.0092	0.8020	9.8600
14.1902	0.0050	0.0092	0.0092	0.7998	9.6936
14.2002	0.0050	0.0091	0.0091	0.7998	9.8600
14.2102	0.0050	0.0090	0.0090	0.7998	9.6936
14.2202	0.0050	0.0088	0.0088	0.7998	9.8600
14.2302	0.0050	0.0087	0.0087	0.7998	9.6936
14.2402	0.0050	0.0085	0.0085	0.8020	9.8600
14.2502	0.0050	0.0084	0.0084	0.7998	9.6936
14.2602	0.0050	0.0083	0.0083	0.7998	9.8600
14.2702	0.0050	0.0081	0.0081	0.7998	9.6936
14.2802	0.0050	0.0081	0.0081	0.7976	9.8600
14.2902	0.0050	0.0080	0.0080	0.7976	9.7202
14.3002	0.0050	0.0079	0.0079	0.7976	9.8600
14.3102	0.0050	0.0079	0.0079	0.7998	9.6936
14.3202	0.0050	0.0078	0.0078	0.7998	9.8600
14.3302	0.0050	0.0078	0.0078	0.8020	9.6669
14.3402	0.0050	0.0079	0.0079	0.7998	9.8600
14.3502	0.0050	0.0080	0.0080	0.7998	9.6936
14.3602	0.0050	0.0079	0.0079	0.7998	9.8600
14.3702	0.0050	0.0080	0.0080	0.7976	9.7202
14.3802	0.0050	0.0081	0.0081	0.7998	9.8600
14.3902	0.0050	0.0082	0.0082	0.8020	9.6669
14.4002	0.0050	0.0085	0.0085	0.7976	9.8600
14.4102	0.0050	0.0087	0.0087	0.8020	9.6669
14.4202	0.0050	0.0088	0.0088	0.7998	9.8600
14.4302	0.0050	0.0089	0.0089	0.8020	9.6669
14.4402	0.0050	0.0091	0.0091	0.8042	9.8600
14.4502	0.0050	0.0092	0.0092	0.8020	9.6669
14.4602	0.0050	0.0093	0.0093	0.7998	9.8600
14.4702	0.0050	0.0093	0.0093	0.8020	9.6669
14.4802	0.0050	0.0092	0.0092	0.8020	9.8600
14.4902	0.0050	0.0090	0.0090	0.7998	9.6936
14.5002	0.0050	0.0085	0.0085	0.8020	9.8600
14.5102	0.0050	0.0081	0.0081	0.7998	9.6936
14.5202	0.0050	0.0079	0.0079	0.7998	9.8600
14.5302	0.0050	0.0076	0.0076	0.7998	9.6936
14.5402	0.0050	0.0073	0.0073	0.7976	9.8600
14.5502	0.0050	0.0072	0.0072	0.7976	9.7202
14.5602	0.0050	0.0070	0.0070	0.7976	9.8600
14.5702	0.0050	0.0070	0.0070	0.7998	9.6936
14.5802	0.0050	0.0068	0.0068	0.7976	9.8600
14.5902	0.0050	0.0068	0.0068	0.7976	9.7202
14.6002	0.0050	0.0068	0.0068	0.7976	9.8600
14.6102	0.0050	0.0069	0.0069	0.8020	9.6669
14.6202	0.0050	0.0070	0.0070	0.7976	9.8600
14.6302	0.0050	0.0073	0.0073	0.7976	9.7202
14.6402	0.0050	0.0077	0.0077	0.7998	9.8600
14.6502	0.0050	0.0081	0.0081	0.8020	9.6669
14.6602	0.0050	0.0086	0.0086	0.7998	9.8600
14.6702	0.0050	0.0088	0.0088	0.8020	9.6669
14.6802	0.0050	0.0092	0.0092	0.8020	9.8600
14.6902	0.0050	0.0094	0.0094	0.8020	9.6669
14.7002	0.0050	0.0095	0.0095	0.8020	9.8600
14.7102	0.0050	0.0096	0.0096	0.8020	9.6669
14.7202	0.0050	0.0097	0.0097	0.7998	9.8600
14.7302	0.0050	0.0097	0.0097	0.8020	9.6669
14.7402	0.0050	0.0097	0.0097	0.8020	9.8600
14.7502	0.0050	0.0098	0.0098	0.7998	9.6936
14.7602	0.0050	0.0098	0.0098	0.7998	9.8600
14.7702	0.0050	0.0099	0.0099	0.8020	9.6669
14.7802	0.0050	0.0099	0.0099	0.8020	9.8600
14.7902	0.0050	0.0099	0.0099	0.8020	9.6669
14.8002	0.0050	0.0098	0.0098	0.8042	9.8600
14.8102	0.0050	0.0099	0.0099	0.8020	9.6669
14.8202	0.0050	0.0099	0.0099	0.8020	9.8600
14.8302	0.0050	0.0099	0.0099	0.8042	9.6402
14.8402	0.0050	0.0098	0.0098	0.7976	9.8600
14.8502	0.0050	0.0098	0.0098	0.8042	9.6402
14.8602	0.0050	0.0098	0.0098	0.7953	9.8600
14.8702	0.0050	0.0098	0.0098	0.7998	9.6936
14.8802	0.0050	0.0098	0.0098	0.8020	9.8600
14.8902	0.0050	0.0098	0.0098	0.8020	9.6669
14.9002	0.0050	0.0098	0.0098	0.8020	9.8600
14.9102	0.0050	0.0098	0.0098	0.8020	9.6669
14.9202	0.0050	0.0098	0.0098	0.8020	9.8600
14.9302	0.0050	0.0099	0.0099	0.7998	9.6936
14.9402	0.0050	0.0099	0.0099	0.8042	9.8600
14.9502	0.0050	0.0099	0.0099	0.8020	9.6669
14.9602	0.0050	0.0098	0.0098	0.7998	9.8600
14.9702	0.0050	0.0098	0.0098	0.7998	9.6936
14.9802	0.0050	0.0098	0.0098	0.8020	9.8600
14.9902	0.0050	0.0098	0.0098	0.7998	9.6936
15.0002	0.0050	0.0098	0.0098	0.8020	9.8600
15.0102	0.0050	0.0098	0.0098	0.7998	9.6936
15.0202	0.0050	0.0099	0.0099	0.8020	9.8600
15.0302	0.0050	0.0098	0.0098	0.8020	9.6669
15.0402	0.0050	0.0098	0.0098	0.8020	9.8600
15.0502	0.0050	0.0098	0.0098	0.8020	9.6669
15.0602	0.0050	0.0098	0.0098	0.8020	9.8600
15.0702	0.0050	0.0098	0.0098	0.8020	9.6669
15.0802	0.0050	0.0099	0.0099	0.8020	9.8600
15.0903	0.0050	0.0098	0.0098	0.8020	9.6669
15.1003	0.0050	0.0098	0.0098	0.8042	9.8600
15.1103	0.0050	0.0098	0.0098	0.8020	9.6669
15.1203	0.0050	0.0098	0.0098	0.8020	9.8600
15.1303	0.0050	0.0098	0.0098	0.8020	9.6669
15.1403	0.0050	0.0098	0.0098	0.8020	9.8600
15.1503	0.0050	0.0099	0.0099	0.7998	9.6936
15.1603	0.0050	0.0098	0.0098	0.8042	9.8600
15.1703	0.0050	0.0098	0.0098	0.8020	9.6669
15.1803	0.0050	0.0098	0.0098	0.7998	9.8600
15.1903	0.0050	0.0098	0.0098	0.8020	9.6669
15.2003	0.0050	0.0098	0.0098	0.8020	9.8600
15.2103	0.0050	0.0098	0.0098	0.8020	9.6669
15.2203	0.0050	0.0098	0.0098	0.8020	9.8600
15.2303	0.0050	0.0097	0.0097	0.8020	9.6669
15.2403	0.0050	0.0098	0.0098	0.8020	9.8600
15.2503	0.0050	0.0098	0.0098	0.8020	9.6669
15.2603	0.0050	0.0098	0.0098	0.8020	9.8600
15.2703	0.0050	0.0098	0.0098	0.8020	9.6669
15.2803	0.0050	0.0098	0.0098	0.8020	9.8600
15.2903	0.0050	0.0098	0.0098	0.8020	9.6669
15.3003	0.0050	0.0098	0.0098	0.8042	9.8600
15.3103	0.0050	0.0098	0.0098	0.7998	9.6936
15.3203	0.0050	0.0098	0.0098	0.8042	9.8600
15.3303	0.0050	0.0098	0.0098	0.8020	9.6669
15.3403	0.0050	0.0098	0.0098	0.8042	9.8600
15.3503	0.0050	0.0099	0.0099	0.8020	9.6669
15.3603	0.0050	0.0097	0.0097	0.7998	9.8600
15.3703	0.0050	0.0098	0.0098	0.7998	9.6936
15.3803	0.0050	0.0098	0.0098	0.8020	9.8600
15.3903	0.0050	0.0098	0.0098	0.8020	9.6669
15.4003	0.0050	0.0098	0.0098	0.7998	9.8600
15.4103	0.0050	0.0098	0.0098	0.7998	9.6936
15.4203	0.0050	0.0098	0.0098	0.8020	9.8600
15.4303	0.0050	0.0097	0.0097	0.8020	9.6669
15.4403	0.0050	0.0098	0.0098	0.8020	9.8600
15.4503	0.0050	0.0098	0.0098	0.8020	9.6669
15.4603	0.0050	0.0098	0.0098	0.7998	9.8600
15.4703	0.0050	0.0098	0.0098	0.8020	9.6669
15.4803	0.0050	0.0097	0.0097	0.7998	9.8600
15.4903	0.0050	0.0098	0.0098	0.8020	9.6669
15.5003	0.0050	0.0098	0.0098	0.8020	9.8600
15.5103	0.0050	0.0097	0.0097	0.8020	9.6669
15.5203	0.0050	0.0097	0.0097	0.7998	9.8600
15.5303	0.0050	0.0097	0.0097	0.8020	9.6669
15.5403	0.0050	0.0097	0.0097	0.8020	9.8600
15.5503	0.0050	0.0097	0.0097	0.7998	9.6936
15.5603	0.0050	0.0097	0.0097	0.8020	9.8600
15.5703	0.0050	0.0097	0.0097	0.8020	9.6669
15.5803	0.0050	0.0097	0.0097	0.8020	9.8600
15.5903	0.0050	0.0097	0.0097	0.8020	9.6669
15.6003	0.0050	0.0096	0.0096	0.8020	9.8600
15.6103	0.0050	0.0097	0.0097	0.8020	9.6669
15.6203	0.0050	0.0096	0.0096	0.8020	9.8600
15.6303	0.0050	0.0096	0.0096	0.7998	9.6936
15.6403	0.0050	0.0096	0.0096	0.8020	9.8600
15.6503	0.0050	0.0096	0.0096	0.8020	9.6669
15.6603	0.0050	0.0096	0.0096	0.7998	9.8600
15.6703	0.0050	0.0096	0.0096	0.8020	9.6669
15.6803	0.0050	0.0096	0.0096	0.7998	9.8600
15.6903	0.0050	0.0096	0.0096	0.7998	9.6936
15.7003	0.0050	0.0096	0.0096	0.8020	9.8600
15.7103	0.0050	0.0096	0.0096	0.8020	9.6669
15.7203	0.0050	0.0095	0.0095	0.8020	9.8600
15.7303	0.0050	0.0096	0.0096	0.7998	9.6936
15.7403	0.0050	0.0096	0.0096	0.8020	9.8600
15.7503	0.0050	0.0096	0.0096	0.7998	9.6936
15.7603	0.0050	0.0095	0.0095	0.7998	9.8600
15.7703	0.0050	0.0095	0.0095	0.7998	9.6936
15.7803	0.0050	0.0096	0.0096	0.8020	9.8600
15.7903	0.0050	0.0095	0.0095	0.8020	9.6669
15.8003	0.0050	0.0096	0.0096	0.7998	9.8600
15.8103	0.0050	0.0096	0.0096	0.8020	9.6669
15.8203	0.0050	0.0095	0.0095	0.8020	9.8600
15.8303	0.0050	0.0095	0.0095	0.7998	9.6936
15.8403	0.0050	0.0095	0.0095	0.8020	9.8600
15.8503	0.0050	0.0095	0.0095	0.8020	9.6669
15.8603	0.0050	0.0095	0.0095	0.8020	9.8600
15.8703	0.0050	0.0095	0.0095	0.8020	9.6669
15.8803	0.0050	0.0095	0.0095	0.8020	9.8600
15.8903	0.0050	0.0095	0.0095	0.8020	9.6669
15.9003	0.0050	0.0095	0.0095	0.8020	9.8600
15.9103	0.0050	0.0095	0.0095	0.8020	9.6669
15.9203	0.0050	0.0095	0.0095	0.8020	9.8600
15.9303	0.0050	0.0095	0.0095	0.8020	9.6669
15.9403	0.0050	0.0095	0.0095	0.8020	9.8600
15.9503	0.0050	0.0095	0.0095	0.8020	9.6669
15.9603	0.0050	0.0096	0.0096	0.8020	9.8600
15.9703	0.0050	0.0096	0.0096	0.8020	9.6669
15.9803	0.0050	0.0096	0.0096	0.8020	9.8600
15.9903	0.0050	0.0096	0.0096	0.7998	9.6936
16.0003	0.0050	0.0096	0.0096	0.8020	9.8600
16.0103	0.0050	0.0096	0.0096	0.8020	9.6669
16.0203	0.0050	0.0096	0.0096	0.8020	9.8600
16.0303	0.0050	0.0097	0.0097	0.7998	9.6936
16.0403	0.0050	0.0097	0.0097	0.8020	9.8600
16.0503	0.0050	0.0097	0.0097	0.7998	9.6936
16.0603	0.0050	0.0096	0.0096	0.8020	9.8600
16.0703	0.0050	0.0097	0.0097	0.7998	9.6936
16.0803	0.0050	0.0097	0.0097	0.7998	9.8600
16.0903	0.0050	0.0097	0.0097	0.8020	9.6669
16.1003	0.0050	0.0098	0.0098	0.8020	9.8600
16.1103	0.0050	0.0097	0.0097	0.7998	9.6936
16.1203	0.0050	0.0097	0.0097	0.7998	9.8600
16.1303	0.0050	0.0098	0.0098	0.8020	9.6669
16.1403	0.0050	0.0098	0.0098	0.7998	9.8600
16.1503	0.0050	0.0098	0.0098	0.7998	9.6936
16.1603	0.0050	0.0098	0.0098	0.8042	9.8600
16.1703	0.0050	0.0098	0.0098	0.8020	9.6669
16.1803	0.0050	0.0098	0.0098	0.7998	9.8600
16.1903	0.0050	0.0098	0.0098	0.8020	9.6669
16.2003	0.0050	0.0098	0.0098	0.7998	9.8600
16.2103	0.0050	0.0098	0.0098	0.8020	9.6669
16.2203	0.0050	0.0099	0.0099	0.8020	9.8600
16.2303	0.0050	0.0098	0.0098	0.7998	9.6936
16.2403	0.0050	0.0098	0.0098	0.8020	9.8600
16.2503	0.0050	0.0098	0.0098	0.7998	9.6936
16.2603	0.0050	0.0098	0.0098	0.8020	9.8600
16.2703	0.0050	0.0097	0.0097	0.7998	9.6936
16.2803	0.0050	0.0098	0.0098	0.8020	9.8600
16.2903	0.0050	0.0098	0.0098	0.8020	9.6669
16.3003	0.0050	0.0098	0.0098	0.8020	9.8600
16.3103	0.0050	0.0097	0.0097	0.7998	9.6936
16.3203	0.0050	0.0098	0.0098	0.8020	9.8600
16.3303	0.0050	0.0097	0.0097	0.7998	9.6936
16.3403	0.0050	0.0098	0.0098	0.8020	9.8600
16.3503	0.0050	0.0098	0.0098	0.8020	9.6669
16.3603	0.0050	0.0098	0.0098	0.8020	9.8600
16.3703	0.0050	0.0097	0.0097	0.7998	9.6936
16.3803	0.0050	0.0098	0.0098	0.7998	9.8600
16.3903	0.0050	0.0098	0.0098	0.8020	9.6669
16.4003	0.0050	0.0098	0.0098	0.8020	9.8600
16.4103	0.0050	0.0097	0.0097	0.7998	9.6936
16.4203	0.0050	0.0098	0.0098	0.8020	9.8600
16.4303	0.0050	0.0098	0.0098	0.8020	9.6669
16.4403	0.0050	0.0097	0.0097	0.8020	9.8600
16.4503	0.0050	0.0097	0.0097	0.7998	9.6936
16.4603	0.0050	0.0097	0.0097	0.8042	9.8600
16.4703	0.0050	0.0098	0.0098	0.8042	9.6402
16.4803	0.0050	0.0097	0.0097	0.7953	9.8600
16.4903	0.0050	0.0098	0.0098	0.8020	9.6669
16.5003	0.0050	0.0097	0.0097	0.8020	9.8600
16.5103	0.0050	0.0098	0.0098	0.7998	9.6936
16.5203	0.0050	0.0098	0.0098	0.8020	9.8600
16.5303	0.0050	0.0098	0.0098	0.7998	9.6936
16.5403	0.0050	0.0098	0.0098	0.7998	9.8600
16.5503	0.0050	0.0098	0.0098	0.8065	9.6136
16.5603	0.0050	0.0097	0.0097	0.7976	9.8600
16.5703	0.0050	0.0097	0.0097	0.7953	9.7469
16.5803	0.0050	0.0098	0.0098	0.8020	9.8600
16.5903	0.0050	0.0098	0.0098	0.8065	9.6136
16.6003	0.0050	0.0097	0.0097	0.7998	9.8600
16.6103	0.0050	0.0097	0.0097	0.7953	9.7469
16.6203	0.0050	0.0098	0.0098	0.8020	9.8600
16.6303	0.0050	0.0098	0.0098	0.8065	9.6136
16.6403	0.0050	0.0097	0.0097	0.7953	9.8600
16.6503	0.0050	0.0097	0.0097	0.7953	9.7469
16.6603	0.0050	0.0097	0.0097	0.8020	9.8600
16.6703	0.0050	0.0097	0.0097	0.8042	9.6402
16.6803	0.0050	0.0098	0.0098	0.8020	9.8600
16.6903	0.0050	0.0098	0.0098	0.7998	9.6936
16.7003	0.0050	0.0097	0.0097	0.7998	9.8600
16.7103	0.0050	0.0097	0.0097	0.7998	9.6936
16.7203	0.0050	0.0098	0.0098	0.8020	9.8600
16.7303	0.0050	0.0097	0.0097	0.7998	9.6936
16.7403	0.0050	0.0098	0.0098	0.8020	9.8600
16.7503	0.0050	0.0098	0.0098	0.8020	9.6669
16.7603	0.0050	0.0098	0.0098	0.8020	9.8600
16.7703	0.0050	0.0097	0.0097	0.8020	9.6669
16.7803	0.0050	0.0098	0.0098	0.8020	9.8600
16.7903	0.0050	0.0097	0.0097	0.7998	9.6936
16.8003	0.0050	0.0098	0.0098	0.7998	9.8600
16.8103	0.0050	0.0098	0.0098	0.8020	9.6669
16.8203	0.0050	0.0098	0.0098	0.8020	9.8600
16.8303	0.0050	0.0098	0.0098	0.7998	9.6936
16.8403	0.0050	0.0098	0.0098	0.8042	9.8600
16.8503	0.0050	0.0097	0.0097	0.7998	9.6936
16.8603	0.0050	0.0098	0.0098	0.7998	9.8600
16.8703	0.0050	0.0098	0.0098	0.8020	9.6669
16.8803	0.0050	0.0098	0.0098	0.8020	9.8600
16.8903	0.0050	0.0098	0.0098	0.8020	9.6669
16.9003	0.0050	0.0097	0.0097	0.8020	9.8600
16.9103	0.0050	0.0098	0.0098	0.7998	9.6936
16.9203	0.0050	0.0098	0.0098	0.8020	9.8600
16.9303	0.0050	0.0098	0.0098	0.8020	9.6669
16.9403	0.0050	0.0098	0.0098	0.8042	9.8600
16.9503	0.0050	0.0097	0.0097	0.7998	9.6936
16.9603	0.0050	0.0097	0.0097	0.7998	9.8600
16.9703	0.0050	0.0097	0.0097	0.7998	9.6936
16.9803	0.0050	0.0098	0.0098	0.8020	9.8600
16.9903	0.0050	0.0098	0.0098	0.7998	9.6936
17.0003	0.0050	0.0098	0.0098	0.8020	9.8600
17.0103	0.0050	0.0097	0.0097	0.7998	9.6936
17.0203	0.0050	0.0097	0.0097	0.8020	9.8600
17.0303	0.0050	0.0098	0.0098	0.8020	9.6669
17.0403	0.0050	0.0097	0.0097	0.8020	9.8600
17.0503	0.0050	0.0098	0.0098	0.8020	9.6669
17.0603	0.0050	0.0098	0.0098	0.7998	9.8600
17.0703	0.0050	0.0098	0.0098	0.8020	9.6669
17.0803	0.0050	0.0097	0.0097	0.8020	9.8600
17.0903	0.0050	0.0098	0.0098	0.7998	9.6936
17.1003	0.0050	0.0098	0.0098	0.8042	9.8600
17.1103	0.0050	0.0098	0.0098	0.8020	9.6669
17.1203	0.0050	0.0098	0.0098	0.8020	9.8600
17.1303	0.0050	0.0098	0.0098	0.8020	9.6669
17.1403	0.0050	0.0097	0.0097	0.8020	9.8600
17.1503	0.0050	0.0097	0.0097	0.7998	9.6936
17.1603	0.0050	0.0098	0.0098	0.7998	9.8600
17.1703	0.0050	0.0098	0.0098	0.8020	9.6669
17.1803	0.0050	0.0098	0.0098	0.8020	9.8600
17.1903	0.0050	0.0098	0.0098	0.8020	9.6669
17.2003	0.0050	0.0097	0.0097	0.8020	9.8600
17.2103	0.0050	0.0098	0.0098	0.7998	9.6936
17.2203	0.0050	0.0097	0.0097	0.8020	9.8600
17.2303	0.0050	0.0098	0.0098	0.8020	9.6669
17.2403	0.0050	0.0097	0.0097	0.8020	9.8600
17.2503	0.0050	0.0098	0.0098	0.8020	9.6669
17.2603	0.0050	0.0097	0.0097	0.7998	9.8600
17.2703	0.0050	0.0097	0.0097	0.7998	9.6936
17.2803	0.0050	0.0098	0.0098	0.7998	9.8600
17.2903	0.0050	0.0098	0.0098	0.7998	9.6936
17.3003	0.0050	0.0098	0.0098	0.8042	9.8600
17.3103	0.0050	0.0098	0.0098	0.8020	9.6669
17.3203	0.0050	0.0098	0.0098	0.8020	9.8600
17.3303	0.0050	0.0098	0.0098	0.8020	9.6669
17.3403	0.0050	0.0097	0.0097	0.8020	9.8600
17.3503	0.0050	0.0098	0.0098	0.8020	9.6669
17.3603	0.0050	0.0098	0.0098	0.8020	9.8600
17.3703	0.0050	0.0097	0.0097	0.7998	9.6936
17.3803	0.0050	0.0097	0.0097	0.8020	9.8600
17.3903	0.0050	0.0098	0.0098	0.7998	9.6936
17.4003	0.0050	0.0098	0.0098	0.8042	9.8600
17.4103	0.0050	0.0098	0.0098	0.8020	9.6669
17.4203	0.0050	0.0098	0.0098	0.8020	9.8600
17.4303	0.0050	0.0098	0.0098	0.8020	9.6669
17.4403	0.0050	0.0097	0.0097	0.7998	9.8600
17.4503	0.0050	0.0098	0.0098	0.7998	9.6936
17.4603	0.0050	0.0097	0.0097	0.7998	9.8600
17.4703	0.0050	0.0098	0.0098	0.8020	9.6669
17.4803	0.0050	0.0098	0.0098	0.7998	9.8600
17.4903	0.0050	0.0097	0.0097	0.7998	9.6936
17.5003	0.0050	0.0098	0.0098	0.7998	9.8600
17.5103	0.0050	0.0098	0.0098	0.7998	9.6936
17.5203	0.0050	0.0098	0.0098	0.8020	9.8600
17.5303	0.0050	0.0098	0.0098	0.7998	9.6936
17.5403	0.0050	0.0098	0.0098	0.7998	9.8600
17.5503	0.0050	0.0098	0.0098	0.8020	9.6669
17.5603	0.0050	0.0098	0.0098	0.8020	9.8600
17.5703	0.0050	0.0097	0.0097	0.8020	9.6669
17.5803	0.0050	0.0098	0.0098	0.8020	9.8600
17.5903	0.0050	0.0098	0.0098	0.7998	9.6936
17.6003	0.0050	0.0098	0.0098	0.8020	9.8600
17.6103	0.0050	0.0098	0.0098	0.8020	9.6669
17.6203	0.0050	0.0098	0.0098	0.8042	9.8600
17.6303	0.0050	0.0098	0.0098	0.8020	9.6669
17.6403	0.0050	0.0098	0.0098	0.8020	9.8600
17.6503	0.0050	0.0098	0.0098	0.8020	9.6669
17.6603	0.0050	0.0098	0.0098	0.8020	9.8600
17.6703	0.0050	0.0098	0.0098	0.7998	9.6936
17.6803	0.0050	0.0098	0.0098	0.7998	9.8600
17.6903	0.0050	0.0097	0.0097	0.7998	9.6936
17.7003	0.0050	0.0097	0.0097	0.8020	9.8600
17.7103	0.0050	0.0098	0.0098	0.8020	9.6669
17.7203	0.0050	0.0098	0.0098	0.8020	9.8600
17.7303	0.0050	0.0098	0.0098	0.8020	9.6669
17.7403	0.0050	0.0098	0.0098	0.8020	9.8600
17.7503	0.0050	0.0098	0.0098	0.7998	9.6936
17.7603	0.0050	0.0098	0.0098	0.8020	9.8600
17.7703	0.0050	0.0097	0.0097	0.7998	9.6936
17.7803	0.0050	0.0098	0.0098	0.7998	9.8600
17.7903	0.0050	0.0098	0.0098	0.7998	9.6936
17.8003	0.0050	0.0098	0.0098	0.8020	9.8600
17.8103	0.0050	0.0097	0.0097	0.7998	9.6936
17.8203	0.0050	0.0098	0.0098	0.8020	9.8600
17.8303	0.0050	0.0098	0.0098	0.7998	9.6936
17.8403	0.0050	0.0098	0.0098	0.8020	9.8600
17.8503	0.0050	0.0098	0.0098	0.7998	9.6936
17.8603	0.0050	0.0098	0.0098	0.7998	9.8600
17.8703	0.0050	0.0098	0.0098	0.7998	9.6936
17.8803	0.0050	0.0098	0.0098	0.8020	9.8600
17.8903	0.0050	0.0098	0.0098	0.8042	9.6402
17.9003	0.0050	0.0097	0.0097	0.7998	9.8600
17.9103	0.0050	0.0098	0.0098	0.7998	9.6936
17.9203	0.0050	0.0097	0.0097	0.7998	9.8600
17.9303	0.0050	0.0098	0.0098	0.8042	9.6402
17.9403	0.0050	0.0097	0.0097	0.7998	9.8600
17.9503	0.0050	0.0098	0.0098	0.7998	9.6936
17.9603	0.0050	0.0097	0.0097	0.7998	9.8600
17.9703	0.0050	0.0098	0.0098	0.7998	9.6936
17.9803	0.0050	0.0098	0.0098	0.8020	9.8600
17.9903	0.0050	0.0097	0.0097	0.7998	9.6936
18.0003	0.0050	0.0097	0.0097	0.8020	9.8600
18.0103	0.0050	0.0098	0.0098	0.8020	9.6669
18.0203	0.0050	0.0098	0.0098	0.8020	9.8600
18.0303	0.0050	0.0098	0.0098	0.8020	9.6669
18.0403	0.0050	0.0098	0.0098	0.8042	9.8600
18.0503	0.0050	0.0098	0.0098	0.7998	9.6936
18.0603	0.0050	0.0098	0.0098	0.7998	9.8600
18.0703	0.0050	0.0098	0.0098	0.7998	9.6936
18.0803	0.0050	0.0098	0.0098	0.8020	9.8600
18.0903	0.0050	0.0097	0.0097	0.7998	9.6936
18.1003	0.0050	0.0098	0.0098	0.8020	9.8600
18.1103	0.0050	0.0098	0.0098	0.7998	9.6936
18.1203	0.0050	0.0097	0.0097	0.7998	9.8600
18.1303	0.0050	0.0098	0.0098	0.7998	9.6936
18.1403	0.0050	0.0098	0.0098	0.7998	9.8600
18.1503	0.0050	0.0098	0.0098	0.7998	9.6936
18.1603	0.0050	0.0098	0.0098	0.8020	9.8600
18.1703	0.0050	0.0097	0.0097	0.7998	9.6936
18.1803	0.0050	0.0097	0.0097	0.7998	9.8600
18.1903	0.0050	0.0098	0.0098	0.7998	9.6936
18.2003	0.0050	0.0098	0.0098	0.8020	9.8600
18.2103	0.0050	0.0098	0.0098	0.7998	9.6936
18.2203	0.0050	0.0097	0.0097	0.8020	9.8600
18.2303	0.0050	0.0098	0.0098	0.8020	9.6669
18.2403	0.0050	0.0097	0.0097	0.8020	9.8600
18.2503	0.0050	0.0097	0.0097	0.7998	9.6936
18.2603	0.0050	0.0098	0.0098	0.8020	9.8600
18.2703	0.0050	0.0097	0.0097	0.7998	9.6936
18.2803	0.0050	0.0097	0.0097	0.7998	9.8600
18.2903	0.0050	0.0098	0.0098	0.7998	9.6936
18.3003	0.0050	0.0097	0.0097	0.7998	9.8600
18.3103	0.0050	0.0097	0.0097	0.7998	9.6936
18.3203	0.0050	0.0097	0.0097	0.8020	9.8600
18.3303	0.0050	0.0098	0.0098	0.8020	9.6669
18.3403	0.0050	0.0097	0.0097	0.7998	9.8600
18.3503	0.0050	0.0098	0.0098	0.7998	9.6936
18.3603	0.0050	0.0097	0.0097	0.8020	9.8600
18.3703	0.0050	0.0097	0.0097	0.7998	9.6936
18.3803	0.0050	0.0097	0.0097	0.7998	9.8600
18.3903	0.0050	0.0098	0.0098	0.7998	9.6936
18.4003	0.0050	0.0098	0.0098	0.8020	9.8600
18.4103	0.0050	0.0098	0.0098	0.7998	9.6936
18.4203	0.0050	0.0098	0.0098	0.8020	9.8600
18.4303	0.0050	0.0098	0.0098	0.7998	9.6936
18.4403	0.0050	0.0097	0.0097	0.7998	9.8600
18.4503	0.0050	0.0098	0.0098	0.7998	9.6936
18.4603	0.0050	0.0098	0.0098	0.8020	9.8600
18.4703	0.0050	0.0098	0.0098	0.8020	9.6669
18.4803	0.0050	0.0098	0.0098	0.7998	9.8600
18.4903	0.0050	0.0098	0.0098	0.7998	9.6936
18.5003	0.0050	0.0098	0.0098	0.8020	9.8600
18.5103	0.0050	0.0098	0.0098	0.7998	9.6936
18.5203	0.0050	0.0098	0.0098	0.8020	9.8600
18.5303	0.0050	0.0098	0.0098	0.8020	9.6669
18.5403	0.0050	0.0098	0.0098	0.8020	9.8600
18.5503	0.0050	0.0097	0.0097	0.8020	9.6669
18.5603	0.0050	0.0097	0.0097	0.7998	9.8600
18.5703	0.0050	0.0097	0.0097	0.7998	9.6936
18.5803	0.0050	0.0098	0.0098	0.8020	9.8600
18.5903	0.0050	0.0097	0.0097	0.7998	9.6936
18.6003	0.0050	0.0098	0.0098	0.8020	9.8600
18.6103	0.0050	0.0098	0.0098	0.7998	9.6936
18.6203	0.0050	0.0098	0.0098	0.8020	9.8600
18.6303	0.0050	0.0097	0.0097	0.7998	9.6936
18.6403	0.0050	0.0098	0.0098	0.8020	9.8600
18.6503	0.0050	0.0098	0.0098	0.7998	9.6936
18.6603	0.0050	0.0098	0.0098	0.8020	9.8600
18.6703	0.0050	0.0098	0.0098	0.8020	9.6669
18.6803	0.0050	0.0097	0.0097	0.8020	9.8600
18.6903	0.0050	0.0098	0.0098	0.8020	9.6669
18.7003	0.0050	0.0097	0.0097	0.8020	9.8600
18.7103	0.0050	0.0098	0.0098	0.7998	9.6936
18.7203	0.0050	0.0097	0.0097	0.8020	9.8600
18.7303	0.0050	0.0098	0.0098	0.8020	9.6669
18.7403	0.0050	0.0098	0.0098	0.8020	9.8600
18.7503	0.0050	0.0097	0.0097	0.7998	9.6936
18.7603	0.0050	0.0097	0.0097	0.7998	9.8600
18.7703	0.0050	0.0098	0.0098	0.8020	9.6669
18.7803	0.0050	0.0098	0.0098	0.8020	9.8600
18.7903	0.0050	0.0098	0.0098	0.7998	9.6936
18.8003	0.0050	0.0097	0.0097	0.8020	9.8600
18.8103	0.0050	0.0097	0.0097	0.7998	9.6936
18.8203	0.0050	0.0097	0.0097	0.8020	9.8600
18.8303	0.0050	0.0098	0.0098	0.8020	9.6669
18.8403	0.0050	0.0098	0.0098	0.7998	9.8600
18.8503	0.0050	0.0097	0.0097	0.7998	9.6936
18.8603	0.0050	0.0097	0.0097	0.8020	9.8600
18.8703	0.0050	0.0097	0.0097	0.8020	9.6669
18.8803	0.0050	0.0097	0.0097	0.7998	9.8600
18.8903	0.0050	0.0098	0.0098	0.8020	9.6669
18.9003	0.0050	0.0098	0.0098	0.8020	9.8600
18.9103	0.0050	0.0097	0.0097	0.8042	9.6402
18.9203	0.0050	0.0097	0.0097	0.7998	9.8600
18.9303	0.0050	0.0097	0.0097	0.7998	9.6936
18.9403	0.0050	0.0097	0.0097	0.8020	9.8600
18.9503	0.0050	0.0098	0.0098	0.8020	9.6669
18.9603	0.0050	0.0098	0.0098	0.8020	9.8600
18.9703	0.0050	0.0098	0.0098	0.7998	9.6936
18.9803	0.0050	0.0098	0.0098	0.8020	9.8600
18.9903	0.0050	0.0097	0.0097	0.7998	9.6936
19.0003	0.0050	0.0097	0.0097	0.8020	9.8600
19.0103	0.0050	0.0098	0.0098	0.7998	9.6936
19.0203	0.0050	0.0098	0.0098	0.7998	9.8600
19.0303	0.0050	0.0098	0.0098	0.8020	9.6669
19.0403	0.0050	0.0098	0.0098	0.8042	9.8600
19.0503	0.0050	0.0098	0.0098	0.8020	9.6669
19.0603	0.0050	0.0097	0.0097	0.7998	9.8600
19.0703	0.0050	0.0097	0.0097	0.7998	9.6936
19.0803	0.0050	0.0097	0.0097	0.8020	9.8600
19.0903	0.0050	0.0098	0.0098	0.8020	9.6669
19.1003	0.0050	0.0097	0.0097	0.8020	9.8600
19.1103	0.0050	0.0097	0.0097	0.7998	9.6936
19.1203	0.0050	0.0097	0.0097	0.7998	9.8600
19.1303	0.0050	0.0098	0.0098	0.7998	9.6936
19.1403	0.0050	0.0098	0.0098	0.7998	9.8600
19.1503	0.0050	0.0098	0.0098	0.8020	9.6669
19.1603	0.0050	0.0098	0.0098	0.8020	9.8600
19.1703	0.0050	0.0097	0.0097	0.8020	9.6669
19.1803	0.0050	0.0096	0.0096	0.7998	9.8600
19.1903	0.0050	0.0096	0.0096	0.8042	9.6402
19.2003	0.0050	0.0096	0.0096	0.7953	9.8600
19.2103	0.0050	0.0095	0.0095	0.8020	9.6669
19.2203	0.0050	0.0094	0.0094	0.8020	9.8600
19.2303	0.0050	0.0093	0.0093	0.7998	9.6936
19.2403	0.0050	0.0091	0.0091	0.7998	9.8600
19.2503	0.0050	0.0089	0.0089	0.7998	9.6936
19.2603	0.0050	0.0086	0.0086	0.8020	9.8600
19.2703	0.0050	0.0081	0.0081	0.7976	9.7202
19.2803	0.0050	0.0075	0.0075	0.7976	9.8600
19.2903	0.0050	0.0067	0.0067	0.7976	9.7202
19.3003	0.0050	0.0062	0.0062	0.7976	9.8600
19.3103	0.0050	0.0056	0.0056	0.7976	9.1254
19.3203	0.0050	0.0053	0.0053	0.7642	9.8600
19.3303	0.0050	0.0052	0.0052	0.7687	9.6509
19.3403	0.0050	0.0052	0.0052	0.7798	9.8600
19.3503	0.0050	0.0053	0.0053	0.7887	9.8269
19.3603	0.0050	0.0054	0.0054	0.7931	9.8600
19.3703	0.0050	0.0055	0.0055	0.7998	9.6936
19.3803	0.0050	0.0058	0.0058	0.7976	9.8600
19.3903	0.0050	0.0061	0.0061	0.7976	9.7202
19.4003	0.0050	0.0065	0.0065	0.7976	9.8600
19.4103	0.0050	0.0068	0.0068	0.7976	9.7202
19.4203	0.0050	0.0073	0.0073	0.7976	9.8600
19.4303	0.0050	0.0078	0.0078	0.8020	9.6669
19.4403	0.0050	0.0081	0.0081	0.7976	9.8600
19.4503	0.0050	0.0083	0.0083	0.7998	9.6936
19.4604	0.0050	0.0084	0.0084	0.8020	9.8600
19.4704	0.0050	0.0084	0.0084	0.7998	9.6936
19.4804	0.0050	0.0084	0.0084	0.7998	9.8600
19.4904	0.0050	0.0083	0.0083	0.7998	9.6936
19.5004	0.0050	0.0083	0.0083	0.7998	9.8600
19.5104	0.0050	0.0081	0.0081	0.7998	9.6936
19.5204	0.0050	0.0081	0.0081	0.7976	9.8600
19.5304	0.0050	0.0081	0.0081	0.7976	9.7202
19.5404	0.0050	0.0081	0.0081	0.7998	9.8600
19.5504	0.0050	0.0081	0.0081	0.8020	9.6669
19.5604	0.0050	0.0081	0.0081	0.7998	9.8600
19.5704	0.0050	0.0081	0.0081	0.7998	9.6936
19.5804	0.0050	0.0083	0.0083	0.7998	9.8600
19.5904	0.0050	0.0084	0.0084	0.7998	9.6936
19.6004	0.0050	0.0084	0.0084	0.7998	9.8600
19.6104	0.0050	0.0085	0.0085	0.7998	9.6936
19.6204	0.0050	0.0086	0.0086	0.8020	9.8600
19.6304	0.0050	0.0087	0.0087	0.8042	9.6402
19.6404	0.0050	0.0087	0.0087	0.7998	9.8600
19.6504	0.0050	0.0088	0.0088	0.7976	9.7202
19.6604	0.0050	0.0088	0.0088	0.8020	9.8600
19.6704	0.0050	0.0089	0.0089	0.8020	9.6669
19.6804	0.0050	0.0089	0.0089	0.7998	9.8600
19.6904	0.0050	0.0090	0.0090	0.7998	9.6936
19.7004	0.0050	0.0090	0.0090	0.8020	9.8600
19.7104	0.0050	0.0091	0.0091	0.7998	9.6936
19.7204	0.0050	0.0092	0.0092	0.8020	9.8600
19.7304	0.0050	0.0092	0.0092	0.7998	9.6936
19.7404	0.0050	0.0092	0.0092	0.8020	9.8600
19.7504	0.0050	0.0090	0.0090	0.7998	9.6936
19.7604	0.0050	0.0088	0.0088	0.7998	9.8600
19.7704	0.0050	0.0087	0.0087	0.7998	9.6936
19.7804	0.0050	0.0086	0.0086	0.7998	9.8600
19.7904	0.0050	0.0085	0.0085	0.8020	9.6669
19.8004	0.0050	0.0085	0.0085	0.7998	9.8600
19.8104	0.0050	0.0084	0.0084	0.7998	9.6936
19.8204	0.0050	0.0085	0.0085	0.7998	9.8600
19.8304	0.0050	0.0084	0.0084	0.7998	9.6936
19.8404	0.0050	0.0085	0.0085	0.7998	9.8600
19.8504	0.0050	0.0085	0.0085	0.7998	9.6936
19.8604	0.0050	0.0086	0.0086	0.7998	9.8600
19.8704	0.0050	0.0086	0.0086	0.7998	9.6936
19.8804	0.0050	0.0087	0.0087	0.8020	9.8600
19.8904	0.0050	0.0089	0.0089	0.7998	9.6936
19.9004	0.0050	0.0093	0.0093	0.7998	9.8600
19.9104	0.0050	0.0095	0.0095	0.7998	9.6936
19.9204	0.0050	0.0096	0.0096	0.8020	9.8600
19.9304	0.0050	0.0098	0.0098	0.8042	9.6402
19.9404	0.0050	0.0099	0.0099	0.7953	9.8600
19.9504	0.0050	0.0099	0.0099	0.8020	9.6669
19.9604	0.0050	0.0099	0.0099	0.8020	9.8600
19.9704	0.0050	0.0098	0.0098	0.8020	9.6669
19.9804	0.0050	0.0099	0.0099	0.8020	9.8600
19.9904	0.0050	0.0098	0.0098	0.8020	9.6669
20.0004	0.0050	0.0098	0.0098	0.8020	9.8600
20.0104	0.0050	0.0098	0.0098	0.8042	9.6402
20.0204	0.0050	0.0098	0.0098	0.7953	9.8600
20.0304	0.0050	0.0098	0.0098	0.8020	9.6669
20.0404	0.0050	0.0098	0.0098	0.7976	9.8600
20.0504	0.0050	0.0098	0.0098	0.8042	9.6402
20.0604	0.0050	0.0097	0.0097	0.7953	9.8600
20.0704	0.0050	0.0098	0.0098	0.8020	9.6669
20.0804	0.0050	0.0098	0.0098	0.7998	9.8600
20.0904	0.0050	0.0098	0.0098	0.7998	9.6936
20.1004	0.0050	0.0097	0.0097	0.7998	9.8600
20.1104	0.0050	0.0098	0.0098	0.8020	9.6669
20.1204	0.0050	0.0098	0.0098	0.7998	9.8600
20.1304	0.0050	0.0098	0.0098	0.7998	9.6936
20.1404	0.0050	0.0098	0.0098	0.8020	9.8600
20.1504	0.0050	0.0097	0.0097	0.7998	9.6936
20.1604	0.0050	0.0097	0.0097	0.7998	9.8600
20.1704	0.0050	0.0097	0.0097	0.8042	9.6402
20.1804	0.0050	0.0098	0.0098	0.7953	9.8600
20.1904	0.0050	0.0097	0.0097	0.7976	9.7202
20.2004	0.0050	0.0097	0.0097	0.8020	9.8600
20.2104	0.0050	0.0098	0.0098	0.7998	9.6936
20.2204	0.0050	0.0098	0.0098	0.8020	9.8600
20.2304	0.0050	0.0097	0.0097	0.7998	9.6936
20.2404	0.0050	0.0098	0.0098	0.8020	9.8600
20.2504	0.0050	0.0098	0.0098	0.8042	9.6402
20.2604	0.0050	0.0098	0.0098	0.7953	9.8600
20.2704	0.0050	0.0098	0.0098	0.7998	9.6936
20.2804	0.0050	0.0097	0.0097	0.7953	9.8600
20.2904	0.0050	0.0097	0.0097	0.8020	9.6669
20.3004	0.0050	0.0098	0.0098	0.7998	9.8600
20.3104	0.0050	0.0097	0.0097	0.7998	9.6936
20.3204	0.0050	0.0097	0.0097	0.8020	9.8600
20.3304	0.0050	0.0098	0.0098	0.7998	9.6936
20.3404	0.0050	0.0097	0.0097	0.7998	9.8600
20.3504	0.0050	0.0098	0.0098	0.7998	9.6936
20.3604	0.0050	0.0098	0.0098	0.8020	9.8600
20.3704	0.0050	0.0097	0.0097	0.7998	9.6936
20.3804	0.0050	0.0097	0.0097	0.7998	9.8600
20.3904	0.0050	0.0097	0.0097	0.7998	9.6936
20.4004	0.0050	0.0098	0.0098	0.8020	9.8600
20.4104	0.0050	0.0098	0.0098	0.7998	9.6936
20.4204	0.0050	0.0097	0.0097	0.8020	9.8600
20.4304	0.0050	0.0097	0.0097	0.7998	9.6936
20.4404	0.0050	0.0097	0.0097	0.7998	9.8600
20.4504	0.0050	0.0098	0.0098	0.7998	9.6936
20.4604	0.0050	0.0097	0.0097	0.7998	9.8600
20.4704	0.0050	0.0098	0.0098	0.8020	9.6669
20.4804	0.0050	0.0098	0.0098	0.8020	9.8600
20.4904	0.0050	0.0097	0.0097	0.8020	9.6669
20.5004	0.0050	0.0097	0.0097	0.8020	9.8600
20.5104	0.0050	0.0098	0.0098	0.8020	9.6669
20.5204	0.0050	0.0097	0.0097	0.8020	9.8600
20.5304	0.0050	0.0098	0.0098	0.8020	9.6669
20.5404	0.0050	0.0097	0.0097	0.8020	9.8600
20.5504	0.0050	0.0097	0.0097	0.7998	9.6936
20.5604	0.0050	0.0097	0.0097	0.8020	9.8600
20.5704	0.0050	0.0097	0.0097	0.8020	9.6669
20.5804	0.0050	0.0097	0.0097	0.8020	9.8600
20.5904	0.0050	0.0097	0.0097	0.7998	9.6936
20.6004	0.0050	0.0097	0.0097	0.8020	9.8600
20.6104	0.0050	0.0097	0.0097	0.8020	9.6669
20.6204	0.0050	0.0097	0.0097	0.7998	9.8600
20.6304	0.0050	0.0097	0.0097	0.7998	9.6936
20.6404	0.0050	0.0097	0.0097	0.7998	9.8600
20.6504	0.0050	0.0097	0.0097	0.7998	9.6936
20.6604	0.0050	0.0097	0.0097	0.8020	9.8600
20.6704	0.0050	0.0097	0.0097	0.8020	9.6669
20.6804	0.0050	0.0098	0.0098	0.7998	9.8600
20.6904	0.0050	0.0097	0.0097	0.7998	9.6936
20.7004	0.0050	0.0097	0.0097	0.8020	9.8600
20.7104	0.0050	0.0097	0.0097	0.7998	9.6936
20.7204	0.0050	0.0097	0.0097	0.8020	9.8600
20.7304	0.0050	0.0097	0.0097	0.8020	9.6669
20.7404	0.0050	0.0097	0.0097	0.8020	9.8600
20.7504	0.0050	0.0097	0.0097	0.8020	9.6669
20.7604	0.0050	0.0097	0.0097	0.7998	9.8600
20.7704	0.0050	0.0097	0.0097	0.7998	9.6936
20.7804	0.0050	0.0097	0.0097	0.7998	9.8600
20.7904	0.0050	0.0097	0.0097	0.7998	9.6936
20.8004	0.0050	0.0097	0.0097	0.8020	9.8600
20.8104	0.0050	0.0097	0.0097	0.7998	9.6936
20.8204	0.0050	0.0098	0.0098	0.7998	9.8600
20.8304	0.0050	0.0097	0.0097	0.7998	9.6936
20.8404	0.0050	0.0098	0.0098	0.7998	9.8600
20.8504	0.0050	0.0097	0.0097	0.8020	9.6669
20.8604	0.0050	0.0097	0.0097	0.7998	9.8600
20.8704	0.0050	0.0097	0.0097	0.8020	9.6669
20.8804	0.0050	0.0097	0.0097	0.8020	9.8600
20.8904	0.0050	0.0097	0.0097	0.7998	9.6936
20.9004	0.0050	0.0097	0.0097	0.7998	9.8600
20.9104	0.0050	0.0097	0.0097	0.7998	9.6936
20.9204	0.0050	0.0097	0.0097	0.8020	9.8600
20.9304	0.0050	0.0097	0.0097	0.7998	9.6936
20.9404	0.0050	0.0097	0.0097	0.8020	9.8600
20.9504	0.0050	0.0097	0.0097	0.8020	9.6669
20.9604	0.0050	0.0098	0.0098	0.8020	9.8600
20.9704	0.0050	0.0098	0.0098	0.8020	9.6669
20.9804	0.0050	0.0097	0.0097	0.8020	9.8600
20.9904	0.0050	0.0098	0.0098	0.7998	9.6936
21.0004	0.0050	0.0097	0.0097	0.8020	9.8600
21.0104	0.0050	0.0097	0.0097	0.7998	9.6936
21.0204	0.0050	0.0097	0.0097	0.7998	9.8600
21.0304	0.0050	0.0097	0.0097	0.7998	9.6936
21.0404	0.0050	0.0098	0.0098	0.8020	9.8600
21.0504	0.0050	0.0097	0.0097	0.7998	9.6936
21.0604	0.0050	0.0097	0.0097	0.7998	9.8600
21.0704	0.0050	0.0097	0.0097	0.7998	9.6936
21.0804	0.0050	0.0098	0.0098	0.7998	9.8600
21.0904	0.0050	0.0097	0.0097	0.8020	9.6669
21.1004	0.0050	0.0098	0.0098	0.8020	9.8600
21.1104	0.0050	0.0097	0.0097	0.7998	9.6936
21.1204	0.0050	0.0097	0.0097	0.7998	9.8600
21.1304	0.0050	0.0097	0.0097	0.7998	9.6936
21.1404	0.0050	0.0098	0.0098	0.7998	9.8600
21.1504	0.0050	0.0098	0.0098	0.7998	9.6936
21.1604	0.0050	0.0098	0.0098	0.7998	9.8600
21.1704	0.0050	0.0098	0.0098	0.8020	9.6669
21.1804	0.0050	0.0097	0.0097	0.8020	9.8600
21.1904	0.0050	0.0097	0.0097	0.7998	9.6936
21.2004	0.0050	0.0098	0.0098	0.8020	9.8600
21.2104	0.0050	0.0097	0.0097	0.7998	9.6936
21.2204	0.0050	0.0098	0.0098	0.8020	9.8600
21.2304	0.0050	0.0098	0.0098	0.7998	9.6936
21.2404	0.0050	0.0097	0.0097	0.7998	9.8600
21.2504	0.0050	0.0097	0.0097	0.8020	9.6669
21.2604	0.0050	0.0097	0.0097	0.7998	9.8600
21.2704	0.0050	0.0097	0.0097	0.7998	9.6936
21.2804	0.0050	0.0097	0.0097	0.8020	9.8600
21.2904	0.0050	0.0098	0.0098	0.7998	9.6936
21.3004	0.0050	0.0098	0.0098	0.8020	9.8600
21.3104	0.0050	0.0098	0.0098	0.8042	9.6402
21.3204	0.0050	0.0097	0.0097	0.7953	9.8600
21.3304	0.0050	0.0098	0.0098	0.8020	9.6669
21.3404	0.0050	0.0098	0.0098	0.8020	9.8600
21.3504	0.0050	0.0098	0.0098	0.8020	9.6669
21.3604	0.0050	0.0097	0.0097	0.8020	9.8600
21.3704	0.0050	0.0098	0.0098	0.8020	9.6669
21.3804	0.0050	0.0098	0.0098	0.7998	9.8600
21.3904	0.0050	0.0097	0.0097	0.7998	9.6936
21.4004	0.0050	0.0097	0.0097	0.7998	9.8600
21.4104	0.0050	0.0097	0.0097	0.7998	9.6936
21.4204	0.0050	0.0097	0.0097	0.8020	9.8600
21.4304	0.0050	0.0097	0.0097	0.8020	9.6669
21.4404	0.0050	0.0098	0.0098	0.7998	9.8600
21.4504	0.0050	0.0098	0.0098	0.7998	9.6936
21.4604	0.0050	0.0097	0.0097	0.8020	9.8600
21.4704	0.0050	0.0097	0.0097	0.7998	9.6936
21.4804	0.0050	0.0098	0.0098	0.8020	9.8600
21.4904	0.0050	0.0098	0.0098	0.7998	9.6936
21.5004	0.0050	0.0098	0.0098	0.8020	9.8600
21.5104	0.0050	0.0098	0.0098	0.7998	9.6936
21.5204	0.0050	0.0098	0.0098	0.8020	9.8600
21.5304	0.0050	0.0098	0.0098	0.7998	9.6936
21.5404	0.0050	0.0097	0.0097	0.7998	9.8600
21.5504	0.0050	0.0097	0.0097	0.8020	9.6669
21.5604	0.0050	0.0097	0.0097	0.7998	9.8600
21.5704	0.0050	0.0097	0.0097	0.7998	9.6936
21.5804	0.0050	0.0097	0.0097	0.8020	9.8600
21.5904	0.0050	0.0097	0.0097	0.7998	9.6936
21.6004	0.0050	0.0098	0.0098	0.8020	9.8600
21.6104	0.0050	0.0097	0.0097	0.7998	9.6936
21.6204	0.0050	0.0098	0.0098	0.7998	9.8600
21.6304	0.0050	0.0097	0.0097	0.8020	9.6669
21.6404	0.0050	0.0098	0.0098	0.8020	9.8600
21.6504	0.0050	0.0097	0.0097	0.8020	9.6669
21.6604	0.0050	0.0097	0.0097	0.7998	9.8600
21.6704	0.0050	0.0097	0.0097	0.7998	9.6936
21.6804	0.0050	0.0098	0.0098	0.8020	9.8600
21.6904	0.0050	0.0098	0.0098	0.7998	9.6936
21.7004	0.0050	0.0098	0.0098	0.8020	9.8600
21.7104	0.0050	0.0097	0.0097	0.8020	9.6669
21.7204	0.0050	0.0097	0.0097	0.8020	9.8600
21.7304	0.0050	0.0097	0.0097	0.7998	9.6936
21.7404	0.0050	0.0097	0.0097	0.8020	9.8600
21.7504	0.0050	0.0098	0.0098	0.8020	9.6669
21.7604	0.0050	0.0097	0.0097	0.8020	9.8600
21.7704	0.0050	0.0098	0.0098	0.7998	9.6936
21.7804	0.0050	0.0097	0.0097	0.8020	9.8600
21.7904	0.0050	0.0097	0.0097	0.7998	9.6936
21.8004	0.0050	0.0098	0.0098	0.8020	9.8600
21.8104	0.0050	0.0098	0.0098	0.8042	9.6402
21.8204	0.0050	0.0098	0.0098	0.7953	9.8600
21.8304	0.0050	0.0097	0.0097	0.7976	9.7202
21.8404	0.0050	0.0097	0.0097	0.8020	9.8600
21.8504	0.0050	0.0097	0.0097	0.8020	9.6669
21.8604	0.0050	0.0097	0.0097	0.7998	9.8600
21.8704	0.0050	0.0097	0.0097	0.7998	9.6936
21.8804	0.0050	0.0098	0.0098	0.8020	9.8600
21.8904	0.0050	0.0098	0.0098	0.7998	9.6936
21.9004	0.0050	0.0098	0.0098	0.7998	9.8600
21.9104	0.0050	0.0098	0.0098	0.7998	9.6936
21.9204	0.0050	0.0097	0.0097	0.8020	9.8600
21.9304	0.0050	0.0098	0.0098	0.8020	9.6669
21.9404	0.0050	0.0097	0.0097	0.8020	9.8600
21.9504	0.0050	0.0097	0.0097	0.7998	9.6936
21.9604	0.0050	0.0098	0.0098	0.8020	9.8600
21.9704	0.0050	0.0098	0.0098	0.8020	9.6669
21.9804	0.0050	0.0097	0.0097	0.8020	9.8600
21.9904	0.0050	0.0098	0.0098	0.7998	9.6936
22.0004	0.0050	0.0097	0.0097	0.7998	9.8600
22.0104	0.0050	0.0098	0.0098	0.8020	9.6669
22.0204	0.0050	0.0098	0.0098	0.8020	9.8600
22.0304	0.0050	0.0097	0.0097	0.7998	9.6936
22.0404	0.0050	0.0097	0.0097	0.7998	9.8600
22.0504	0.0050	0.0098	0.0098	0.7998	9.6936
22.0604	0.0050	0.0098	0.0098	0.8020	9.8600
22.0704	0.0050	0.0098	0.0098	0.7998	9.6936
22.0804	0.0050	0.0097	0.0097	0.8020	9.8600
22.0904	0.0050	0.0097	0.0097	0.7998	9.6936
22.1004	0.0050	0.0097	0.0097	0.7998	9.8600
22.1104	0.0050	0.0097	0.0097	0.7998	9.6936
22.1204	0.0050	0.0098	0.0098	0.7998	9.8600
22.1304	0.0050	0.0098	0.0098	0.7998	9.6936
22.1404	0.0050	0.0098	0.0098	0.8042	9.8600
22.1504	0.0050	0.0097	0.0097	0.8020	9.6669
22.1604	0.0050	0.0098	0.0098	0.8020	9.8600
22.1704	0.0050	0.0098	0.0098	0.8020	9.6669
22.1804	0.0050	0.0097	0.0097	0.7998	9.8600
22.1904	0.0050	0.0097	0.0097	0.7998	9.6936
22.2004	0.0050	0.0098	0.0098	0.8020	9.8600
22.2104	0.0050	0.0097	0.0097	0.7998	9.6936
22.2204	0.0050	0.0097	0.0097	0.7998	9.8600
22.2304	0.0050	0.0097	0.0097	0.8020	9.6669
22.2404	0.0050	0.0097	0.0097	0.8020	9.8600
22.2504	0.0050	0.0098	0.0098	0.8020	9.6669
22.2604	0.0050	0.0097	0.0097	0.8020	9.8600
22.2704	0.0050	0.0097	0.0097	0.8020	9.6669
22.2804	0.0050	0.0098	0.0098	0.7998	9.8600
22.2904	0.0050	0.0097	0.0097	0.8020	9.6669
22.3004	0.0050	0.0098	0.0098	0.8020	9.8600
22.3104	0.0050	0.0097	0.0097	0.7998	9.6936
22.3204	0.0050	0.0098	0.0098	0.8020	9.8600
22.3304	0.0050	0.0097	0.0097	0.7998	9.6936
22.3404	0.0050	0.0097	0.0097	0.8020	9.8600
22.3504	0.0050	0.0098	0.0098	0.7998	9.6936
22.3604	0.0050	0.0097	0.0097	0.8020	9.8600
22.3704	0.0050	0.0098	0.0098	0.7998	9.6936
22.3804	0.0050	0.0098	0.0098	0.8020	9.8600
22.3904	0.0050	0.0098	0.0098	0.7998	9.6936
22.4004	0.0050	0.0097	0.0097	0.8020	9.8600
22.4104	0.0050	0.0097	0.0097	0.7998	9.6936
22.4204	0.0050	0.0097	0.0097	0.8020	9.8600
22.4304	0.0050	0.0097	0.0097	0.7998	9.6936
22.4404	0.0050	0.0097	0.0097	0.8020	9.8600
22.4504	0.0050	0.0097	0.0097	0.7998	9.6936
22.4604	0.0050	0.0097	0.0097	0.8020	9.8600
22.4704	0.0050	0.0097	0.0097	0.7998	9.6936
22.4804	0.0050	0.0097	0.0097	0.8020	9.8600
22.4904	0.0050	0.0097	0.0097	0.7998	9.6936
22.5004	0.0050	0.0098	0.0098	0.7998	9.8600
22.5104	0.0050	0.0097	0.0097	0.7998	9.6936
22.5204	0.0050	0.0098	0.0098	0.8020	9.8600
22.5304	0.0050	0.0097	0.0097	0.7998	9.6936
22.5404	0.0050	0.0098	0.0098	0.8020	9.8600
22.5504	0.0050	0.0097	0.0097	0.8020	9.6669
22.5604	0.0050	0.0097	0.0097	0.8020	9.8600
22.5704	0.0050	0.0097	0.0097	0.7998	9.6936
22.5804	0.0050	0.0097	0.0097	0.7998	9.8600
22.5904	0.0050	0.0097	0.0097	0.7998	9.6936
22.6004	0.0050	0.0097	0.0097	0.8020	9.8600
22.6104	0.0050	0.0098	0.0098	0.7998	9.6936
22.6204	0.0050	0.0097	0.0097	0.8020	9.8600
22.6304	0.0050	0.0098	0.0098	0.8042	9.6402
22.6404	0.0050	0.0097	0.0097	0.7976	9.8600
22.6504	0.0050	0.0097	0.0097	0.7998	9.6936
22.6604	0.0050	0.0098	0.0098	0.7976	9.8600
22.6704	0.0050	0.0097	0.0097	0.8020	9.6669
22.6804	0.0050	0.0098	0.0098	0.7998	9.8600
22.6904	0.0050	0.0097	0.0097	0.7998	9.6936
22.7004	0.0050	0.0097	0.0097	0.8020	9.8600
22.7104	0.0050	0.0098	0.0098	0.7998	9.6936
22.7204	0.0050	0.0098	0.0098	0.7998	9.8600
22.7304	0.0050	0.0098	0.0098	0.7998	9.6936
22.7404	0.0050	0.0097	0.0097	0.8020	9.8600
22.7504	0.0050	0.0098	0.0098	0.8020	9.6669
22.7604	0.0050	0.0098	0.0098	0.8020	9.8600
22.7704	0.0050	0.0098	0.0098	0.7998	9.6936
22.7804	0.0050	0.0098	0.0098	0.7998	9.8600
22.7904	0.0050	0.0098	0.0098	0.8020	9.6669
22.8004	0.0050	0.0097	0.0097	0.7998	9.8600
22.8104	0.0050	0.0097	0.0097	0.7998	9.6936
22.8204	0.0050	0.0096	0.0096	0.7998	9.8600
22.8304	0.0050	0.0094	0.0094	0.8020	9.6669
22.8404	0.0050	0.0092	0.0092	0.8020	9.8600
22.8504	0.0050	0.0087	0.0087	0.8020	9.6669
22.8604	0.0050	0.0082	0.0082	0.7998	9.8600
22.8704	0.0050	0.0078	0.0078	0.8020	9.6669
22.8804	0.0050	0.0075	0.0075	0.7998	9.8600
22.8904	0.0050	0.0072	0.0072	0.7976	9.7202
22.9004	0.0050	0.0069	0.0069	0.7953	9.8600
22.9104	0.0050	0.0066	0.0066	0.7976	9.7202
22.9204	0.0050	0.0065	0.0065	0.7953	9.8600
22.9304	0.0050	0.0063	0.0063	0.7976	9.7202
22.9404	0.0050	0.0062	0.0062	0.7953	9.8600
22.9504	0.0050	0.0060	0.0060	0.7976	9.7202
22.9604	0.0050	0.0060	0.0060	0.7953	9.8600
22.9704	0.0050	0.0058	0.0058	0.7976	9.7202
22.9804	0.0050	0.0058	0.0058	0.7976	9.8600
22.9904	0.0050	0.0058	0.0058	0.7976	9.7202
23.0004	0.0050	0.0057	0.0057	0.7976	9.8600
23.0104	0.0050	0.0057	0.0057	0.7976	9.7202
23.0204	0.0050	0.0058	0.0058	0.7976	9.8600
23.0304	0.0050	0.0059	0.0059	0.7976	9.7202
23.0404	0.0050	0.0061	0.0061	0.7976	9.8600
23.0504	0.0050	0.0062	0.0062	0.7976	9.7202
23.0604	0.0050	0.0059	0.0059	0.7976	9.8600
23.0704	0.0050	0.0055	0.0055	0.7976	9.2474
23.0804	0.0050	0.0050	0.0050	0.7687	7.4937
23.0904	0.0050	0.0047	0.0047	0.6443	9.8600
23.1004	0.0050	0.0043	0.0043	0.6931	9.1753
23.1104	0.0050	0.0041	0.0041	0.7198	6.6326
23.1204	0.0050	0.0038	0.0038	0.5665	9.8600
23.1304	0.0050	0.0036	0.0036	0.6465	8.0735
23.1404	0.0050	0.0035	0.0035	0.6332	8.5893
23.1504	0.0050	0.0035	0.0035	0.6309	8.5167
23.1604	0.0050	0.0034	0.0034	0.6332	8.1535
23.1704	0.0050	0.0035	0.0035	0.6154	9.8600
23.1804	0.0050	0.0036	0.0036	0.6909	8.3395
23.1904	0.0050	0.0037	0.0037	0.6709	8.7649
23.2004	0.0050	0.0038	0.0038	0.6620	9.0855
23.2104	0.0050	0.0040	0.0040	0.6843	9.8600
23.2204	0.0050	0.0043	0.0043	0.7331	9.8600
23.2304	0.0050	0.0046	0.0046	0.7687	9.6709
23.2404	0.0050	0.0050	0.0050	0.7865	9.8600
23.2504	0.0050	0.0052	0.0052	0.7887	9.8269
23.2604	0.0050	0.0055	0.0055	0.7976	9.8600
23.2704	0.0050	0.0058	0.0058	0.8020	9.6669
23.2804	0.0050	0.0060	0.0060	0.7976	9.8600
23.2904	0.0050	0.0062	0.0062	0.7953	9.7469
23.3004	0.0050	0.0063	0.0063	0.7998	9.8600
23.3104	0.0050	0.0063	0.0063	0.7998	9.6936
23.3204	0.0050	0.0063	0.0063	0.7976	9.8600
23.3304	0.0050	0.0062	0.0062	0.7976	9.7202
23.3404	0.0050	0.0062	0.0062	0.7953	9.8600
23.3504	0.0050	0.0061	0.0061	0.7976	9.7202
23.3604	0.0050	0.0060	0.0060	0.7976	9.8600
23.3704	0.0050	0.0058	0.0058	0.7976	9.7202
23.3804	0.0050	0.0058	0.0058	0.7976	9.8600
23.3904	0.0050	0.0058	0.0058	0.7976	9.7202
23.4004	0.0050	0.0058	0.0058	0.7976	9.8600
23.4104	0.0050	0.0058	0.0058	0.7976	9.7202
23.4204	0.0050	0.0057	0.0057	0.7976	9.8600
23.4304	0.0050	0.0056	0.0056	0.7976	9.7202
23.4404	0.0050	0.0055	0.0055	0.7953	9.8600
23.4504	0.0050	0.0052	0.0052	0.7953	9.0467
23.4604	0.0050	0.0050	0.0050	0.7642	9.3467
23.4704	0.0050	0.0049	0.0049	0.7487	9.8600
23.4804	0.0050	0.0051	0.0051	0.7642	9.8600
23.4904	0.0050	0.0055	0.0055	0.7865	9.8600
23.5004	0.0050	0.0058	0.0058	0.7953	9.7469
23.5104	0.0050	0.0061	0.0061	0.7998	9.8600
23.5204	0.0050	0.0063	0.0063	0.7998	9.6936
23.5304	0.0050	0.0063	0.0063	0.7953	9.8600
23.5404	0.0050	0.0063	0.0063	0.7976	9.7202
23.5504	0.0050	0.0064	0.0064	0.7953	9.8600
23.5604	0.0050	0.0064	0.0064	0.7953	9.7469
23.5704	0.0050	0.0064	0.0064	0.7976	9.8600
23.5804	0.0050	0.0064	0.0064	0.7998	9.6936
23.5904	0.0050	0.0063	0.0063	0.7953	9.8600
23.6004	0.0050	0.0064	0.0064	0.7953	9.7469
23.6104	0.0050	0.0063	0.0063	0.7976	9.8600
23.6204	0.0050	0.0064	0.0064	0.8020	9.6669
23.6304	0.0050	0.0064	0.0064	0.7953	9.8600
23.6404	0.0050	0.0063	0.0063	0.7976	9.7202
23.6504	0.0050	0.0064	0.0064	0.7976	9.8600
23.6604	0.0050	0.0062	0.0062	0.7953	9.7469
23.6704	0.0050	0.0061	0.0061	0.7998	9.8600
23.6804	0.0050	0.0060	0.0060	0.8020	9.6669
23.6904	0.0050	0.0061	0.0061	0.7953	9.8600
23.7004	0.0050	0.0063	0.0063	0.7953	9.7469
23.7104	0.0050	0.0065	0.0065	0.7998	9.8600
23.7204	0.0050	0.0068	0.0068	0.8020	9.6669
23.7304	0.0050	0.0070	0.0070	0.7976	9.8600
23.7404	0.0050	0.0072	0.0072	0.7976	9.7202
23.7504	0.0050	0.0073	0.0073	0.7998	9.8600
23.7604	0.0050	0.0073	0.0073	0.7998	9.6936
23.7704	0.0050	0.0074	0.0074	0.7976	9.8600
23.7804	0.0050	0.0075	0.0075	0.7976	9.7202
23.7904	0.0050	0.0075	0.0075	0.7976	9.8600
23.8004	0.0050	0.0075	0.0075	0.7998	9.6936
23.8104	0.0050	0.0074	0.0074	0.7976	9.8600
23.8204	0.0050	0.0075	0.0075	0.7976	9.7202
23.8305	0.0050	0.0075	0.0075	0.7976	9.8600
23.8405	0.0050	0.0074	0.0074	0.7998	9.6936
23.8505	0.0050	0.0073	0.0073	0.7976	9.8600
23.8605	0.0050	0.0071	0.0071	0.7976	9.7202
23.8705	0.0050	0.0069	0.0069	0.7976	9.8600
23.8805	0.0050	0.0066	0.0066	0.7976	9.7202
23.8905	0.0050	0.0065	0.0065	0.7976	9.8600
23.9005	0.0050	0.0066	0.0066	0.7976	9.7202
23.9105	0.0050	0.0068	0.0068	0.7998	9.8600
23.9205	0.0050	0.0069	0.0069	0.7976	9.7202
23.9305	0.0050	0.0071	0.0071	0.7998	9.8600
23.9405	0.0050	0.0072	0.0072	0.7998	9.6936
23.9505	0.0050	0.0073	0.0073	0.7976	9.8600
23.9605	0.0050	0.0074	0.0074	0.7976	9.7202
23.9705	0.0050	0.0074	0.0074	0.7998	9.8600
23.9805	0.0050	0.0074	0.0074	0.7998	9.6936
23.9905	0.0050	0.0074	0.0074	0.7976	9.8600
24.0005	0.0050	0.0074	0.0074	0.7976	9.7202
24.0105	0.0050	0.0074	0.0074	0.7976	9.8600
24.0205	0.0050	0.0074	0.0074	0.7998	9.6936
24.0305	0.0050	0.0074	0.0074	0.7976	9.8600
24.0405	0.0050	0.0075	0.0075	0.7998	9.6936
24.0505	0.0050	0.0074	0.0074	0.7998	9.8600
24.0605	0.0050	0.0073	0.0073	0.7976	9.7202
24.0705	0.0050	0.0071	0.0071	0.7976	9.8600
24.0805	0.0050	0.0068	0.0068	0.7998	9.6936
24.0905	0.0050	0.0065	0.0065	0.7953	9.8600
24.1005	0.0050	0.0065	0.0065	0.7953	9.7469
24.1105	0.0050	0.0065	0.0065	0.7998	9.8600
24.1205	0.0050	0.0066	0.0066	0.8020	9.6669
24.1305	0.0050	0.0068	0.0068	0.7998	9.8600
24.1405	0.0050	0.0071	0.0071	0.7976	9.7202
24.1505	0.0050	0.0073	0.0073	0.7976	9.8600
24.1605	0.0050	0.0075	0.0075	0.7998	9.6936
24.1705	0.0050	0.0076	0.0076	0.7998	9.8600
24.1805	0.0050	0.0078	0.0078	0.7998	9.6936
24.1905	0.0050	0.0077	0.0077	0.7998	9.8600
24.2005	0.0050	0.0079	0.0079	0.7998	9.6936
24.2105	0.0050	0.0080	0.0080	0.7998	9.8600
24.2205	0.0050	0.0080	0.0080	0.7976	9.7202
24.2305	0.0050	0.0080	0.0080	0.7976	9.8600
24.2405	0.0050	0.0080	0.0080	0.7998	9.6936
24.2505	0.0050	0.0079	0.0079	0.7998	9.8600
24.2605	0.0050	0.0077	0.0077	0.7998	9.6936
24.2705	0.0050	0.0077	0.0077	0.7998	9.8600
24.2805	0.0050	0.0076	0.0076	0.7998	9.6936
24.2905	0.0050	0.0075	0.0075	0.7976	9.8600
24.3005	0.0050	0.0075	0.0075	0.7976	9.7202
24.3105	0.0050	0.0075	0.0075	0.7976	9.8600
24.3205	0.0050	0.0073	0.0073	0.7976	9.7202
24.3305	0.0050	0.0072	0.0072	0.7998	9.8600
24.3405	0.0050	0.0071	0.0071	0.7998	9.6936
24.3505	0.0050	0.0071	0.0071	0.7976	9.8600
24.3605	0.0050	0.0072	0.0072	0.7976	9.7202
24.3705	0.0050	0.0072	0.0072	0.7976	9.8600
24.3805	0.0050	0.0073	0.0073	0.7998	9.6936
24.3905	0.0050	0.0073	0.0073	0.7998	9.8600
24.4005	0.0050	0.0075	0.0075	0.7976	9.7202
24.4105	0.0050	0.0076	0.0076	0.7976	9.8600
24.4205	0.0050	0.0077	0.0077	0.8020	9.6669
24.4305	0.0050	0.0079	0.0079	0.7998	9.8600
24.4405	0.0050	0.0080	0.0080	0.7976	9.7202
24.4505	0.0050	0.0082	0.0082	0.7998	9.8600
24.4605	0.0050	0.0084	0.0084	0.8020	9.6669
24.4705	0.0050	0.0087	0.0087	0.7998	9.8600
24.4805	0.0050	0.0089	0.0089	0.7998	9.6936
24.4905	0.0050	0.0092	0.0092	0.8020	9.8600
24.5005	0.0050	0.0093	0.0093	0.7998	9.6936
24.5105	0.0050	0.0093	0.0093	0.8020	9.8600
24.5205	0.0050	0.0093	0.0093	0.7998	9.6936
24.5305	0.0050	0.0093	0.0093	0.7998	9.8600
24.5405	0.0050	0.0092	0.0092	0.7998	9.6936
24.5505	0.0050	0.0091	0.0091	0.8020	9.8600
24.5605	0.0050	0.0090	0.0090	0.7998	9.6936
24.5705	0.0050	0.0090	0.0090	0.8020	9.8600
24.5805	0.0050	0.0089	0.0089	0.7998	9.6936
24.5905	0.0050	0.0088	0.0088	0.7998	9.8600
24.6005	0.0050	0.0087	0.0087	0.7998	9.6936
24.6105	0.0050	0.0086	0.0086	0.7998	9.8600
24.6205	0.0050	0.0084	0.0084	0.8020	9.6669
24.6305	0.0050	0.0082	0.0082	0.8020	9.8600
24.6405	0.0050	0.0079	0.0079	0.7998	9.6936
24.6505	0.0050	0.0074	0.0074	0.7998	9.8600
24.6605	0.0050	0.0072	0.0072	0.7976	9.7202
24.6705	0.0050	0.0070	0.0070	0.7976	9.8600
24.6805	0.0050	0.0067	0.0067	0.7976	9.7202
24.6905	0.0050	0.0066	0.0066	0.7976	9.8600
24.7005	0.0050	0.0065	0.0065	0.7976	9.7202
24.7105	0.0050	0.0065	0.0065	0.7976	9.8600
24.7205	0.0050	0.0065	0.0065	0.7976	9.7202
24.7305	0.0050	0.0066	0.0066	0.7976	9.8600
24.7405	0.0050	0.0069	0.0069	0.7998	9.6936
24.7505	0.0050	0.0073	0.0073	0.7976	9.8600
24.7605	0.0050	0.0080	0.0080	0.7976	9.7202
24.7705	0.0050	0.0087	0.0087	0.7998	9.8600
24.7805	0.0050	0.0090	0.0090	0.8020	9.6669
24.7905	0.0050	0.0091	0.0091	0.7998	9.8600
24.8005	0.0050	0.0093	0.0093	0.7998	9.6936
24.8105	0.0050	0.0093	0.0093	0.7998	9.8600
24.8205	0.0050	0.0094	0.0094	0.8020	9.6669
24.8305	0.0050	0.0094	0.0094	0.7998	9.8600
24.8405	0.0050	0.0094	0.0094	0.8020	9.6669
24.8505	0.0050	0.0094	0.0094	0.7998	9.8600
24.8605	0.0050	0.0093	0.0093	0.7998	9.6936
24.8705	0.0050	0.0093	0.0093	0.7998	9.8600
24.8805	0.0050	0.0091	0.0091	0.7998	9.6936
24.8905	0.0050	0.0087	0.0087	0.8020	9.8600
24.9005	0.0050	0.0081	0.0081	0.7998	9.6936
24.9105	0.0050	0.0074	0.0074	0.7976	9.8600
24.9205	0.0050	0.0067	0.0067	0.7953	9.7469
24.9305	0.0050	0.0065	0.0065	0.7998	9.8600
24.9405	0.0050	0.0066	0.0066	0.7998	9.6936
24.9505	0.0050	0.0070	0.0070	0.7976	9.8600
24.9605	0.0050	0.0077	0.0077	0.7998	9.6936
24.9705	0.0050	0.0083	0.0083	0.7998	9.8600
24.9805	0.0050	0.0091	0.0091	0.8020	9.6669
24.9905	0.0050	0.0096	0.0096	0.8020	9.8600
25.0005	0.0050	0.0098	0.0098	0.8020	9.6669
25.0105	0.0050	0.0099	0.0099	0.8042	9.8600
25.0205	0.0050	0.0099	0.0099	0.8020	9.6669
25.0305	0.0050	0.0099	0.0099	0.8020	9.8600
25.0405	0.0050	0.0099	0.0099	0.8042	9.6402
25.0505	0.0050	0.0099	0.0099	0.7976	9.8600
25.0605	0.0050	0.0098	0.0098	0.8020	9.6669
25.0705	0.0050	0.0098	0.0098	0.8020	9.8600
25.0805	0.0050	0.0095	0.0095	0.8020	9.6669
25.0905	0.0050	0.0089	0.0089	0.7998	9.8600
25.1005	0.0050	0.0075	0.0075	0.7976	9.6845
25.1105	0.0050	0.0065	0.0065	0.7976	9.6898
25.1205	0.0050	0.0063	0.0063	0.7931	9.8600
25.1305	0.0050	0.0062	0.0062	0.7931	9.7735
25.1405	0.0050	0.0062	0.0062	0.7976	9.8600
25.1505	0.0050	0.0063	0.0063	0.7998	9.6936
25.1605	0.0050	0.0065	0.0065	0.7953	9.8600
25.1705	0.0050	0.0067	0.0067	0.7976	9.7202
25.1805	0.0050	0.0071	0.0071	0.7976	9.8600
25.1905	0.0050	0.0076	0.0076	0.7998	9.6936
25.2005	0.0050	0.0081	0.0081	0.7976	9.8600
25.2105	0.0050	0.0084	0.0084	0.7998	9.6936
25.2205	0.0050	0.0087	0.0087	0.7998	9.8600
25.2305	0.0050	0.0090	0.0090	0.7998	9.6936
25.2405	0.0050	0.0091	0.0091	0.7998	9.8600
25.2505	0.0050	0.0092	0.0092	0.7998	9.6936
25.2605	0.0050	0.0092	0.0092	0.8020	9.8600
25.2705	0.0050	0.0091	0.0091	0.7998	9.6936
25.2805	0.0050	0.0091	0.0091	0.8020	9.8600
25.2905	0.0050	0.0091	0.0091	0.7998	9.6936
25.3005	0.0050	0.0093	0.0093	0.8020	9.8600
25.3105	0.0050	0.0093	0.0093	0.8020	9.6669
25.3205	0.0050	0.0094	0.0094	0.8042	9.8600
25.3305	0.0050	0.0095	0.0095	0.8020	9.6669
25.3405	0.0050	0.0096	0.0096	0.7998	9.8600
25.3505	0.0050	0.0096	0.0096	0.7998	9.6936
25.3605	0.0050	0.0096	0.0096	0.8020	9.8600
25.3705	0.0050	0.0097	0.0097	0.7998	9.6936
25.3805	0.0050	0.0097	0.0097	0.8020	9.8600
25.3905	0.0050	0.0098	0.0098	0.7998	9.6936
25.4005	0.0050	0.0099	0.0099	0.8020	9.8600
25.4105	0.0050	0.0099	0.0099	0.7998	9.6936
25.4205	0.0050	0.0098	0.0098	0.8065	9.8600
25.4305	0.0050	0.0099	0.0099	0.8020	9.6669
25.4405	0.0050	0.0099	0.0099	0.8020	9.8600
25.4505	0.0050	0.0098	0.0098	0.8042	9.6402
25.4605	0.0050	0.0098	0.0098	0.7998	9.8600
25.4705	0.0050	0.0098	0.0098	0.8020	9.6669
25.4805	0.0050	0.0098	0.0098	0.7998	9.8600
25.4905	0.0050	0.0098	0.0098	0.8020	9.6669
25.5005	0.0050	0.0098	0.0098	0.7998	9.8600
25.5105	0.0050	0.0098	0.0098	0.7998	9.6936
25.5205	0.0050	0.0098	0.0098	0.8020	9.8600
25.5305	0.0050	0.0098	0.0098	0.8020	9.6669
25.5405	0.0050	0.0098	0.0098	0.8020	9.8600
25.5505	0.0050	0.0098	0.0098	0.7998	9.6936
25.5605	0.0050	0.0097	0.0097	0.8020	9.8600
25.5705	0.0050	0.0098	0.0098	0.8020	9.6669
25.5805	0.0050	0.0098	0.0098	0.8020	9.8600
25.5905	0.0050	0.0098	0.0098	0.7998	9.6936
25.6005	0.0050	0.0097	0.0097	0.8020	9.8600
25.6105	0.0050	0.0098	0.0098	0.8020	9.6669
25.6205	0.0050	0.0098	0.0098	0.7998	9.8600
25.6305	0.0050	0.0097	0.0097	0.7998	9.6936
25.6405	0.0050	0.0097	0.0097	0.8020	9.8600
25.6505	0.0050	0.0098	0.0098	0.7998	9.6936
25.6605	0.0050	0.0097	0.0097	0.8020	9.8600
25.6705	0.0050	0.0098	0.0098	0.7998	9.6936
25.6805	0.0050	0.0097	0.0097	0.8020	9.8600
25.6905	0.0050	0.0097	0.0097	0.7998	9.6936
25.7005	0.0050	0.0097	0.0097	0.8020	9.8600
25.7105	0.0050	0.0097	0.0097	0.8020	9.6669
25.7205	0.0050	0.0098	0.0098	0.7998	9.8600
25.7305	0.0050	0.0098	0.0098	0.7998	9.6936
25.7405	0.0050	0.0097	0.0097	0.8020	9.8600
25.7505	0.0050	0.0097	0.0097	0.7998	9.6936
25.7605	0.0050	0.0097	0.0097	0.8020	9.8600
25.7705	0.0050	0.0097	0.0097	0.7998	9.6936
25.7805	0.0050	0.0098	0.0098	0.8020	9.8600
25.7905	0.0050	0.0098	0.0098	0.7998	9.6936
25.8005	0.0050	0.0097	0.0097	0.8020	9.8600
25.8105	0.0050	0.0097	0.0097	0.7998	9.6936
25.8205	0.0050	0.0097	0.0097	0.8020	9.8600
25.8305	0.0050	0.0097	0.0097	0.7998	9.6936
25.8405	0.0050	0.0097	0.0097	0.8020	9.8600
25.8505	0.0050	0.0097	0.0097	0.7998	9.6936
25.8605	0.0050	0.0097	0.0097	0.8020	9.8600
25.8705	0.0050	0.0098	0.0098	0.8020	9.6669
25.8805	0.0050	0.0097	0.0097	0.8020	9.8600
25.8905	0.0050	0.0097	0.0097	0.7998	9.6936
25.9005	0.0050	0.0097	0.0097	0.8020	9.8600
25.9105	0.0050	0.0097	0.0097	0.8042	9.6402
25.9205	0.0050	0.0097	0.0097	0.7976	9.8600
25.9305	0.0050	0.0097	0.0097	0.7998	9.6936
25.9405	0.0050	0.0097	0.0097	0.8020	9.8600
25.9505	0.0050	0.0097	0.0097	0.7998	9.6936
25.9605	0.0050	0.0098	0.0098	0.8020	9.8600
25.9705	0.0050	0.0097	0.0097	0.8020	9.6669
25.9805	0.0050	0.0098	0.0098	0.7998	9.8600
25.9905	0.0050	0.0097	0.0097	0.7998	9.6936
26.0005	0.0050	0.0097	0.0097	0.8020	9.8600
26.0105	0.0050	0.0098	0.0098	0.7998	9.6936
26.0205	0.0050	0.0097	0.0097	0.7998	9.8600
26.0305	0.0050	0.0097	0.0097	0.7998	9.6936
26.0405	0.0050	0.0098	0.0098	0.8020	9.8600
26.0505	0.0050	0.0098	0.0098	0.7998	9.6936
26.0605	0.0050	0.0098	0.0098	0.7998	9.8600
26.0705	0.0050	0.0097	0.0097	0.7998	9.6936
26.0805	0.0050	0.0097	0.0097	0.7998	9.8600
26.0905	0.0050	0.0097	0.0097	0.7998	9.6936
26.1005	0.0050	0.0098	0.0098	0.8020	9.8600
26.1105	0.0050	0.0098	0.0098	0.8020	9.6669
26.1205	0.0050	0.0097	0.0097	0.8020	9.8600
26.1305	0.0050	0.0097	0.0097	0.8020	9.6669
26.1405	0.0050	0.0097	0.0097	0.8020	9.8600
26.1505	0.0050	0.0097	0.0097	0.7998	9.6936
26.1605	0.0050	0.0098	0.0098	0.7998	9.8600
26.1705	0.0050	0.0098	0.0098	0.8020	9.6669
26.1805	0.0050	0.0097	0.0097	0.8020	9.8600
26.1905	0.0050	0.0097	0.0097	0.7998	9.6936
26.2005	0.0050	0.0097	0.0097	0.8020	9.8600
26.2105	0.0050	0.0097	0.0097	0.8020	9.6669
26.2205	0.0050	0.0097	0.0097	0.8020	9.8600
26.2305	0.0050	0.0097	0.0097	0.7998	9.6936
26.2405	0.0050	0.0098	0.0098	0.8020	9.8600
26.2505	0.0050	0.0097	0.0097	0.7998	9.6936
26.2605	0.0050	0.0097	0.0097	0.8020	9.8600
26.2705	0.0050	0.0098	0.0098	0.7998	9.6936
26.2805	0.0050	0.0098	0.0098	0.7998	9.8600
26.2905	0.0050	0.0098	0.0098	0.8020	9.6669
26.3005	0.0050	0.0098	0.0098	0.7998	9.8600
26.3105	0.0050	0.0098	0.0098	0.7998	9.6936
26.3205	0.0050	0.0097	0.0097	0.8020	9.8600
26.3305	0.0050	0.0097	0.0097	0.7998	9.6936
26.3405	0.0050	0.0098	0.0098	0.8020	9.8600
26.3505	0.0050	0.0097	0.0097	0.8020	9.6669
26.3605	0.0050	0.0098	0.0098	0.8020	9.8600
26.3705	0.0050	0.0098	0.0098	0.8020	9.6669
26.3805	0.0050	0.0097	0.0097	0.7998	9.8600
26.3905	0.0050	0.0098	0.0098	0.8020	9.6669
26.4005	0.0050	0.0098	0.0098	0.7998	9.8600
26.4105	0.0050	0.0098	0.0098	0.8020	9.6669
26.4205	0.0050	0.0098	0.0098	0.8020	9.8600
26.4305	0.0050	0.0097	0.0097	0.8020	9.6669
26.4405	0.0050	0.0097	0.0097	0.8020	9.8600
26.4505	0.0050	0.0097	0.0097	0.7998	9.6936
26.4605	0.0050	0.0097	0.0097	0.7998	9.8600
26.4705	0.0050	0.0098	0.0098	0.7998	9.6936
26.4805	0.0050	0.0097	0.0097	0.8020	9.8600
26.4905	0.0050	0.0097	0.0097	0.7998	9.6936
26.5005	0.0050	0.0097	0.0097	0.8020	9.8600
26.5105	0.0050	0.0097	0.0097	0.8020	9.6669
26.5205	0.0050	0.0098	0.0098	0.8020	9.8600
26.5305	0.0050	0.0097	0.0097	0.8020	9.6669
26.5405	0.0050	0.0097	0.0097	0.8020	9.8600
26.5505	0.0050	0.0097	0.0097	0.7998	9.6936
26.5605	0.0050	0.0097	0.0097	0.8020	9.8600
26.5705	0.0050	0.0097	0.0097	0.8020	9.6669
26.5805	0.0050	0.0097	0.0097	0.7998	9.8600
26.5905	0.0050	0.0098	0.0098	0.7998	9.6936
26.6005	0.0050	0.0098	0.0098	0.7998	9.8600
26.6105	0.0050	0.0097	0.0097	0.8020	9.6669
26.6205	0.0050	0.0097	0.0097	0.8020	9.8600
26.6305	0.0050	0.0097	0.0097	0.8020	9.6669
26.6405	0.0050	0.0097	0.0097	0.8020	9.8600
26.6505	0.0050	0.0097	0.0097	0.7998	9.6936
26.6605	0.0050	0.0097	0.0097	0.7998	9.8600
26.6705	0.0050	0.0097	0.0097	0.7998	9.6936
26.6805	0.0050	0.0097	0.0097	0.8020	9.8600
26.6905	0.0050	0.0097	0.0097	0.7998	9.6936
26.7005	0.0050	0.0097	0.0097	0.8020	9.8600
26.7105	0.0050	0.0097	0.0097	0.7998	9.6936
26.7205	0.0050	0.0097	0.0097	0.8020	9.8600
26.7305	0.0050	0.0098	0.0098	0.8042	9.6402
26.7405	0.0050	0.0097	0.0097	0.7953	9.8600
26.7505	0.0050	0.0097	0.0097	0.7976	9.7202
26.7605	0.0050	0.0098	0.0098	0.8042	9.8600
26.7705	0.0050	0.0098	0.0098	0.7998	9.6936
26.7805	0.0050	0.0098	0.0098	0.7998	9.8600
26.7905	0.0050	0.0097	0.0097	0.7998	9.6936
26.8005	0.0050	0.0097	0.0097	0.8020	9.8600
26.8105	0.0050	0.0098	0.0098	0.8020	9.6669
26.8205	0.0050	0.0097	0.0097	0.7998	9.8600
26.8305	0.0050	0.0097	0.0097	0.7998	9.6936
26.8405	0.0050	0.0098	0.0098	0.8020	9.8600
26.8505	0.0050	0.0097	0.0097	0.7998	9.6936
26.8605	0.0050	0.0098	0.0098	0.8020	9.8600
26.8705	0.0050	0.0097	0.0097	0.8020	9.6669
26.8805	0.0050	0.0097	0.0097	0.8020	9.8600
26.8905	0.0050	0.0097	0.0097	0.7998	9.6936
26.9005	0.0050	0.0097	0.0097	0.7998	9.8600
26.9105	0.0050	0.0097	0.0097	0.7998	9.6936
26.9205	0.0050	0.0097	0.0097	0.8020	9.8600
26.9305	0.0050	0.0098	0.0098	0.8020	9.6669
26.9405	0.0050	0.0097	0.0097	0.8020	9.8600
26.9505	0.0050	0.0098	0.0098	0.7998	9.6936
26.9605	0.0050	0.0098	0.0098	0.8020	9.8600
26.9705	0.0050	0.0097	0.0097	0.8020	9.6669
26.9805	0.0050	0.0097	0.0097	0.8020	9.8600
26.9905	0.0050	0.0097	0.0097	0.7998	9.6936
27.0005	0.0050	0.0098	0.0098	0.8020	9.8600
27.0105	0.0050	0.0097	0.0097	0.7998	9.6936
27.0205	0.0050	0.0097	0.0097	0.8020	9.8600
27.0305	0.0050	0.0097	0.0097	0.8020	9.6669
27.0405	0.0050	0.0097	0.0097	0.8020	9.8600
27.0505	0.0050	0.0097	0.0097	0.8020	9.6669
27.0605	0.0050	0.0097	0.0097	0.7998	9.8600
27.0705	0.0050	0.0097	0.0097	0.8020	9.6669
27.0805	0.0050	0.0098	0.0098	0.8020	9.8600
27.0905	0.0050	0.0097	0.0097	0.7998	9.6936
27.1005	0.0050	0.0097	0.0097	0.7998	9.8600
27.1105	0.0050	0.0097	0.0097	0.7998	9.6936
27.1205	0.0050	0.0097	0.0097	0.8020	9.8600
27.1305	0.0050	0.0097	0.0097	0.8020	9.6669
27.1405	0.0050	0.0097	0.0097	0.7998	9.8600
27.1505	0.0050	0.0097	0.0097	0.8020	9.6669
27.1605	0.0050	0.0097	0.0097	0.8020	9.8600
27.1705	0.0050	0.0098	0.0098	0.8020	9.6669
27.1805	0.0050	0.0097	0.0097	0.7998	9.8600
27.1905	0.0050	0.0098	0.0098	0.7998	9.6936
27.2005	0.0050	0.0097	0.0097	0.7998	9.8600
27.2105	0.0050	0.0097	0.0097	0.7998	9.6936
27.2205	0.0050	0.0097	0.0097	0.8020	9.8600
27.2305	0.0050	0.0097	0.0097	0.7998	9.6936
27.2405	0.0050	0.0097	0.0097	0.7998	9.8600
27.2505	0.0050	0.0097	0.0097	0.7998	9.6936
27.2605	0.0050	0.0097	0.0097	0.7998	9.8600
27.2705	0.0050	0.0097	0.0097	0.7998	9.6936
27.2805	0.0050	0.0097	0.0097	0.7998	9.8600
27.2905	0.0050	0.0097	0.0097	0.7998	9.6936
27.3005	0.0050	0.0097	0.0097	0.7998	9.8600
27.3105	0.0050	0.0097	0.0097	0.7998	9.6936
27.3205	0.0050	0.0097	0.0097	0.7998	9.8600
27.3305	0.0050	0.0098	0.0098	0.8020	9.6669
27.3405	0.0050	0.0097	0.0097	0.8020	9.8600
27.3505	0.0050	0.0097	0.0097	0.7998	9.6936
27.3605	0.0050	0.0097	0.0097	0.8020	9.8600
27.3705	0.0050	0.0098	0.0098	0.8020	9.6669
27.3805	0.0050	0.0097	0.0097	0.8020	9.8600
27.3905	0.0050	0.0097	0.0097	0.7998	9.6936
27.4005	0.0050	0.0097	0.0097	0.7998	9.8600
27.4105	0.0050	0.0097	0.0097	0.7998	9.6936
27.4205	0.0050	0.0097	0.0097	0.7998	9.8600
27.4305	0.0050	0.0097	0.0097	0.7998	9.6936
27.4405	0.0050	0.0097	0.0097	0.7998	9.8600
27.4505	0.0050	0.0098	0.0098	0.7998	9.6936
27.4605	0.0050	0.0097	0.0097	0.8020	9.8600
27.4705	0.0050	0.0097	0.0097	0.7998	9.6936
27.4805	0.0050	0.0098	0.0098	0.8020	9.8600
27.4905	0.0050	0.0097	0.0097	0.8020	9.6669
27.5005	0.0050	0.0097	0.0097	0.8020	9.8600
27.5105	0.0050	0.0097	0.0097	0.8020	9.6669
27.5205	0.0050	0.0097	0.0097	0.7998	9.8600
27.5305	0.0050	0.0097	0.0097	0.8020	9.6669
27.5405	0.0050	0.0098	0.0098	0.7998	9.8600
27.5505	0.0050	0.0097	0.0097	0.8020	9.6669
27.5605	0.0050	0.0097	0.0097	0.8020	9.8600
27.5705	0.0050	0.0098	0.0098	0.8020	9.6669
27.5805	0.0050	0.0097	0.0097	0.8020	9.8600
27.5905	0.0050	0.0097	0.0097	0.8020	9.6669
27.6005	0.0050	0.0097	0.0097	0.7998	9.8600
27.6105	0.0050	0.0098	0.0098	0.8020	9.6669
27.6205	0.0050	0.0097	0.0097	0.8020	9.8600
27.6305	0.0050	0.0097	0.0097	0.8020	9.6669
27.6405	0.0050	0.0097	0.0097	0.8020	9.8600
27.6505	0.0050	0.0098	0.0098	0.8020	9.6669
27.6605	0.0050	0.0098	0.0098	0.8020	9.8600
27.6705	0.0050	0.0097	0.0097	0.7998	9.6936
27.6805	0.0050	0.0097	0.0097	0.7998	9.8600
27.6905	0.0050	0.0098	0.0098	0.8020	9.6669
27.7005	0.0050	0.0097	0.0097	0.7998	9.8600
27.7105	0.0050	0.0097	0.0097	0.8020	9.6669
27.7205	0.0050	0.0098	0.0098	0.8020	9.8600
27.7305	0.0050	0.0097	0.0097	0.7998	9.6936
27.7405	0.0050	0.0098	0.0098	0.8020	9.8600
27.7505	0.0050	0.0098	0.0098	0.8020	9.6669
27.7605	0.0050	0.0097	0.0097	0.7998	9.8600
27.7705	0.0050	0.0097	0.0097	0.8020	9.6669
27.7805	0.0050	0.0098	0.0098	0.8020	9.8600
27.7905	0.0050	0.0097	0.0097	0.8020	9.6669
27.8005	0.0050	0.0097	0.0097	0.7998	9.8600
27.8105	0.0050	0.0098	0.0098	0.8020	9.6669
27.8205	0.0050	0.0097	0.0097	0.8020	9.8600
27.8305	0.0050	0.0097	0.0097	0.7998	9.6936
27.8405	0.0050	0.0098	0.0098	0.8020	9.8600
27.8505	0.0050	0.0097	0.0097	0.7998	9.6936
27.8605	0.0050	0.0097	0.0097	0.8020	9.8600
27.8705	0.0050	0.0097	0.0097	0.8020	9.6669
27.8805	0.0050	0.0097	0.0097	0.8020	9.8600
27.8905	0.0050	0.0097	0.0097	0.7998	9.6936
27.9005	0.0050	0.0098	0.0098	0.7998	9.8600
27.9105	0.0050	0.0098	0.0098	0.8020	9.6669
27.9205	0.0050	0.0098	0.0098	0.8020	9.8600
27.9305	0.0050	0.0097	0.0097	0.7998	9.6936
27.9405	0.0050	0.0097	0.0097	0.7998	9.8600
27.9505	0.0050	0.0097	0.0097	0.8020	9.6669
27.9605	0.0050	0.0097	0.0097	0.7998	9.8600
27.9705	0.0050	0.0097	0.0097	0.7998	9.6936
27.9805	0.0050	0.0098	0.0098	0.7998	9.8600
27.9905	0.0050	0.0097	0.0097	0.8020	9.6669
28.0005	0.0050	0.0097	0.0097	0.8020	9.8600
28.0105	0.0050	0.0097	0.0097	0.8020	9.6669
28.0205	0.0050	0.0097	0.0097	0.7998	9.8600
28.0305	0.0050	0.0097	0.0097	0.8020	9.6669
28.0405	0.0050	0.0097	0.0097	0.7998	9.8600
28.0505	0.0050	0.0097	0.0097	0.7998	9.6936
28.0605	0.0050	0.0097	0.0097	0.8020	9.8600
28.0705	0.0050	0.0097	0.0097	0.7998	9.6936
28.0805	0.0050	0.0097	0.0097	0.7998	9.8600
28.0905	0.0050	0.0097	0.0097	0.8020	9.6669
28.1005	0.0050	0.0097	0.0097	0.8020	9.8600
28.1105	0.0050	0.0098	0.0098	0.8020	9.6669
28.1205	0.0050	0.0098	0.0098	0.8020	9.8600
28.1305	0.0050	0.0097	0.0097	0.8020	9.6669
28.1405	0.0050	0.0097	0.0097	0.7998	9.8600
28.1505	0.0050	0.0097	0.0097	0.8020	9.6669
28.1605	0.0050	0.0097	0.0097	0.8020	9.8600
28.1705	0.0050	0.0097	0.0097	0.8020	9.6669
28.1805	0.0050	0.0097	0.0097	0.8020	9.8600
28.1905	0.0050	0.0097	0.0097	0.8020	9.6669
28.2006	0.0050	0.0098	0.0098	0.8020	9.8600
28.2106	0.0050	0.0097	0.0097	0.8020	9.6669
28.2206	0.0050	0.0098	0.0098	0.8020	9.8600
28.2306	0.0050	0.0097	0.0097	0.8020	9.6669
28.2406	0.0050	0.0097	0.0097	0.7998	9.8600
28.2506	0.0050	0.0098	0.0098	0.8020	9.6669
28.2606	0.0050	0.0098	0.0098	0.7998	9.8600
28.2706	0.0050	0.0097	0.0097	0.7998	9.6936
28.2806	0.0050	0.0098	0.0098	0.7976	9.8600
28.2906	0.0050	0.0097	0.0097	0.7998	9.6936
28.3006	0.0050	0.0097	0.0097	0.8020	9.8600
28.3106	0.0050	0.0098	0.0098	0.7998	9.6936
28.3206	0.0050	0.0098	0.0098	0.7998	9.8600
28.3306	0.0050	0.0098	0.0098	0.8020	9.6669
28.3406	0.0050	0.0097	0.0097	0.8020	9.8600
28.3506	0.0050	0.0097	0.0097	0.8020	9.6669
28.3606	0.0050	0.0097	0.0097	0.8020	9.8600
28.3706	0.0050	0.0098	0.0098	0.8020	9.6669
28.3806	0.0050	0.0097	0.0097	0.7998	9.8600
28.3906	0.0050	0.0097	0.0097	0.8020	9.6669
28.4006	0.0050	0.0097	0.0097	0.8020	9.8600
28.4106	0.0050	0.0097	0.0097	0.8020	9.6669
28.4206	0.0050	0.0097	0.0097	0.7998	9.8600
28.4306	0.0050	0.0097	0.0097	0.7998	9.6936
28.4406	0.0050	0.0098	0.0098	0.7998	9.8600
28.4506	0.0050	0.0097	0.0097	0.7998	9.6936
28.4606	0.0050	0.0097	0.0097	0.7998	9.8600
28.4706	0.0050	0.0097	0.0097	0.8020	9.6669
28.4806	0.0050	0.0097	0.0097	0.7998	9.8600
28.4906	0.0050	0.0098	0.0098	0.8020	9.6669
28.5006	0.0050	0.0097	0.0097	0.8020	9.8600
28.5106	0.0050	0.0098	0.0098	0.8020	9.6669
28.5206	0.0050	0.0098	0.0098	0.8020	9.8600
28.5306	0.0050	0.0097	0.0097	0.7998	9.6936
28.5406	0.0050	0.0097	0.0097	0.8020	9.8600
28.5506	0.0050	0.0098	0.0098	0.8020	9.6669
28.5606	0.0050	0.0097	0.0097	0.8020	9.8600
28.5706	0.0050	0.0098	0.0098	0.8020	9.6669
28.5806	0.0050	0.0097	0.0097	0.8020	9.8600
28.5906	0.0050	0.0097	0.0097	0.8020	9.6669
28.6006	0.0050	0.0098	0.0098	0.7998	9.8600
28.6106	0.0050	0.0097	0.0097	0.8020	9.6669
28.6206	0.0050	0.0098	0.0098	0.7998	9.8600
28.6306	0.0050	0.0097	0.0097	0.7998	9.6936
28.6406	0.0050	0.0098	0.0098	0.7998	9.8600
28.6506	0.0050	0.0097	0.0097	0.7998	9.6936
28.6606	0.0050	0.0097	0.0097	0.7998	9.8600
28.6706	0.0050	0.0097	0.0097	0.7998	9.6936
28.6806	0.0050	0.0097	0.0097	0.7998	9.8600
28.6906	0.0050	0.0097	0.0097	0.7998	9.6936
28.7006	0.0050	0.0097	0.0097	0.7998	9.8600
28.7106	0.0050	0.0097	0.0097	0.7998	9.6936
28.7206	0.0050	0.0097	0.0097	0.7998	9.8600
28.7306	0.0050	0.0098	0.0098	0.8020	9.6669
28.7406	0.0050	0.0097	0.0097	0.7998	9.8600
28.7506	0.0050	0.0098	0.0098	0.7998	9.6936
28.7606	0.0050	0.0097	0.0097	0.8020	9.8600
28.7706	0.0050	0.0097	0.0097	0.8020	9.6669
28.7806	0.0050	0.0097	0.0097	0.8020	9.8600
28.7906	0.0050	0.0097	0.0097	0.8020	9.6669
28.8006	0.0050	0.0098	0.0098	0.7998	9.8600
28.8106	0.0050	0.0097	0.0097	0.8020	9.6669
28.8206	0.0050	0.0097	0.0097	0.7998	9.8600
28.8306	0.0050	0.0097	0.0097	0.8020	9.6669
28.8406	0.0050	0.0097	0.0097	0.8020	9.8600
28.8506	0.0050	0.0097	0.0097	0.8020	9.6669
28.8606	0.0050	0.0098	0.0098	0.7998	9.8600
28.8706	0.0050	0.0098	0.0098	0.8020	9.6669
28.8806	0.0050	0.0098	0.0098	0.8020	9.8600
28.8906	0.0050	0.0097	0.0097	0.7998	9.6936
28.9006	0.0050	0.0097	0.0097	0.8020	9.8600
28.9106	0.0050	0.0097	0.0097	0.8020	9.6669
28.9206	0.0050	0.0097	0.0097	0.7998	9.8600
28.9306	0.0050	0.0097	0.0097	0.7998	9.6936
28.9406	0.0050	0.0097	0.0097	0.7998	9.8600
28.9506	0.0050	0.0097	0.0097	0.8020	9.6669
28.9606	0.0050	0.0097	0.0097	0.8020	9.8600
28.9706	0.0050	0.0097	0.0097	0.8020	9.6669
28.9806	0.0050	0.0098	0.0098	0.7998	9.8600
28.9906	0.0050	0.0097	0.0097	0.7998	9.6936
29.0006	0.0050	0.0098	0.0098	0.7998	9.8600
29.0106	0.0050	0.0097	0.0097	0.7998	9.6936
29.0206	0.0050	0.0097	0.0097	0.7998	9.8600
29.0306	0.0050	0.0097	0.0097	0.8020	9.6669
29.0406	0.0050	0.0097	0.0097	0.7998	9.8600
29.0506	0.0050	0.0097	0.0097	0.8020	9.6669
29.0606	0.0050	0.0098	0.0098	0.7998	9.8600
29.0706	0.0050	0.0098	0.0098	0.8020	9.6669
29.0806	0.0050	0.0097	0.0097	0.8020	9.8600
29.0906	0.0050	0.0097	0.0097	0.8020	9.6669
29.1006	0.0050	0.0097	0.0097	0.8020	9.8600
29.1106	0.0050	0.0097	0.0097	0.8020	9.6669
29.1206	0.0050	0.0097	0.0097	0.7998	9.8600
29.1306	0.0050	0.0097	0.0097	0.8020	9.6669
29.1406	0.0050	0.0097	0.0097	0.7998	9.8600
29.1506	0.0050	0.0097	0.0097	0.8020	9.6669
29.1606	0.0050	0.0097	0.0097	0.8020	9.8600
29.1706	0.0050	0.0097	0.0097	0.8020	9.6669
29.1806	0.0050	0.0097	0.0097	0.7998	9.8600
29.1906	0.0050	0.0097	0.0097	0.7998	9.6936
29.2006	0.0050	0.0096	0.0096	0.7998	9.8600
29.2106	0.0050	0.0097	0.0097	0.8020	9.6669
29.2206	0.0050	0.0097	0.0097	0.7998	9.8600
29.2306	0.0050	0.0096	0.0096	0.8020	9.6669
29.2406	0.0050	0.0097	0.0097	0.7998	9.8600
29.2506	0.0050	0.0096	0.0096	0.8020	9.6669
29.2606	0.0050	0.0097	0.0097	0.7998	9.8600
29.2706	0.0050	0.0097	0.0097	0.8020	9.6669
29.2806	0.0050	0.0097	0.0097	0.8020	9.8600
29.2906	0.0050	0.0096	0.0096	0.7998	9.6936
29.3006	0.0050	0.0096	0.0096	0.7998	9.8600
29.3106	0.0050	0.0097	0.0097	0.7998	9.6936
29.3206	0.0050	0.0096	0.0096	0.7998	9.8600
29.3306	0.0050	0.0096	0.0096	0.8020	9.6669
29.3406	0.0050	0.0097	0.0097	0.7976	9.8600
29.3506	0.0050	0.0096	0.0096	0.7998	9.6936
29.3606	0.0050	0.0096	0.0096	0.8020	9.8600
29.3706	0.0050	0.0096	0.0096	0.8020	9.6669
29.3806	0.0050	0.0096	0.0096	0.7998	9.8600
29.3906	0.0050	0.0096	0.0096	0.7998	9.6936
29.4006	0.0050	0.0096	0.0096	0.7998	9.8600
29.4106	0.0050	0.0096	0.0096	0.8020	9.6669
29.4206	0.0050	0.0096	0.0096	0.7998	9.8600
29.4306	0.0050	0.0096	0.0096	0.8020	9.6669
29.4406	0.0050	0.0096	0.0096	0.7998	9.8600
29.4506	0.0050	0.0096	0.0096	0.7998	9.6936
29.4606	0.0050	0.0096	0.0096	0.7998	9.8600
29.4706	0.0050	0.0096	0.0096	0.8020	9.6669
29.4806	0.0050	0.0097	0.0097	0.8020	9.8600
29.4906	0.0050	0.0096	0.0096	0.7998	9.6936
29.5006	0.0050	0.0096	0.0096	0.7998	9.8600
29.5106	0.0050	0.0096	0.0096	0.8020	9.6669
29.5206	0.0050	0.0096	0.0096	0.7998	9.8600
29.5306	0.0050	0.0096	0.0096	0.8020	9.6669
29.5406	0.0050	0.0096	0.0096	0.7998	9.8600
29.5506	0.0050	0.0096	0.0096	0.8020	9.6669
29.5606	0.0050	0.0096	0.0096	0.7998	9.8600
29.5706	0.0050	0.0096	0.0096	0.8020	9.6669
29.5806	0.0050	0.0096	0.0096	0.7998	9.8600
29.5906	0.0050	0.0096	0.0096	0.8020	9.6669
29.6006	0.0050	0.0096	0.0096	0.7998	9.8600
29.6106	0.0050	0.0095	0.0095	0.8020	9.6669
29.6206	0.0050	0.0095	0.0095	0.8020	9.8600
29.6306	0.0050	0.0095	0.0095	0.8020	9.6669
29.6406	0.0050	0.0095	0.0095	0.7998	9.8600
29.6506	0.0050	0.0096	0.0096	0.8020	9.6669
29.6606	0.0050	0.0095	0.0095	0.8020	9.8600
29.6706	0.0050	0.0095	0.0095	0.8020	9.6669
29.6806	0.0050	0.0095	0.0095	0.8020	9.8600
29.6906	0.0050	0.0095	0.0095	0.8020	9.6669
29.7006	0.0050	0.0095	0.0095	0.8020	9.8600
29.7106	0.0050	0.0095	0.0095	0.7998	9.6936
29.7206	0.0050	0.0095	0.0095	0.8020	9.8600
29.7306	0.0050	0.0096	0.0096	0.8020	9.6669
29.7406	0.0050	0.0096	0.0096	0.8020	9.8600
29.7506	0.0050	0.0095	0.0095	0.7998	9.6936
29.7606	0.0050	0.0095	0.0095	0.7998	9.8600
29.7706	0.0050	0.0095	0.0095	0.8020	9.6669
29.7806	0.0050	0.0095	0.0095	0.8020	9.8600
29.7906	0.0050	0.0095	0.0095	0.8020	9.6669
29.8006	0.0050	0.0095	0.0095	0.8020	9.8600
29.8106	0.0050	0.0095	0.0095	0.8020	9.6669
29.8206	0.0050	0.0095	0.0095	0.8020	9.8600
29.8306	0.0050	0.0095	0.0095	0.7998	9.6936
29.8406	0.0050	0.0095	0.0095	0.8020	9.8600
29.8506	0.0050	0.0095	0.0095	0.8020	9.6669
29.8606	0.0050	0.0095	0.0095	0.8020	9.8600
29.8706	0.0050	0.0095	0.0095	0.8020	9.6669
29.8806	0.0050	0.0095	0.0095	0.7976	9.8600
29.8906	0.0050	0.0095	0.0095	0.8020	9.6669
29.9006	0.0050	0.0095	0.0095	0.8020	9.8600
29.9106	0.0050	0.0095	0.0095	0.8020	9.6669
29.9206	0.0050	0.0095	0.0095	0.8020	9.8600
29.9306	0.0050	0.0095	0.0095	0.8020	9.6669
29.9406	0.0050	0.0095	0.0095	0.7998	9.8600
29.9506	0.0050	0.0095	0.0095	0.8020	9.6669
29.9606	0.0050	0.0095	0.0095	0.8020	9.8600
29.9706	0.0050	0.0095	0.0095	0.8020	9.6669
29.9806	0.0050	0.0096	0.0096	0.8020	9.8600
29.9906	0.0050	0.0095	0.0095	0.8020	9.6669
30.0006	0.0050	0.0095	0.0095	0.7998	9.8600
30.0106	0.0050	0.0095	0.0095	0.8020	9.6669
30.0206	0.0050	0.0095	0.0095	0.7998	9.8600
30.0306	0.0050	0.0095	0.0095	0.8020	9.6669
30.0406	0.0050	0.0095	0.0095	0.8020	9.8600
30.0506	0.0050	0.0095	0.0095	0.8020	9.6669
30.0606	0.0050	0.0095	0.0095	0.7998	9.8600
30.0706	0.0050	0.0095	0.0095	0.8020	9.6669
30.0806	0.0050	0.0095	0.0095	0.8020	9.8600
30.0906	0.0050	0.0095	0.0095	0.8020	9.6669
30.1006	0.0050	0.0095	0.0095	0.7998	9.8600
30.1106	0.0050	0.0095	0.0095	0.7998	9.6936
30.1206	0.0050	0.0095	0.0095	0.8020	9.8600
30.1306	0.0050	0.0095	0.0095	0.7998	9.6936
30.1406	0.0050	0.0095	0.0095	0.8020	9.8600
30.1506	0.0050	0.0095	0.0095	0.8020	9.6669
30.1606	0.0050	0.0095	0.0095	0.8020	9.8600
30.1706	0.0050	0.0095	0.0095	0.7998	9.6936
30.1806	0.0050	0.0095	0.0095	0.8020	9.8600
30.1906	0.0050	0.0095	0.0095	0.8020	9.6669
30.2006	0.0050	0.0095	0.0095	0.8020	9.8600
30.2106	0.0050	0.0095	0.0095	0.7998	9.6936
30.2206	0.0050	0.0095	0.0095	0.8020	9.8600
30.2306	0.0050	0.0095	0.0095	0.8020	9.6669
30.2406	0.0050	0.0095	0.0095	0.8020	9.8600
30.2506	0.0050	0.0095	0.0095	0.8020	9.6669
30.2606	0.0050	0.0095	0.0095	0.8020	9.8600
30.2706	0.0050	0.0095	0.0095	0.8020	9.6669
30.2806	0.0050	0.0095	0.0095	0.7953	9.8600
30.2906	0.0050	0.0095	0.0095	0.8020	9.6669
30.3006	0.0050	0.0095	0.0095	0.8020	9.8600
30.3106	0.0050	0.0095	0.0095	0.8020	9.6669
30.3206	0.0050	0.0095	0.0095	0.8020	9.8600
30.3306	0.0050	0.0095	0.0095	0.8020	9.6669
30.3406	0.0050	0.0095	0.0095	0.7976	9.8600
30.3506	0.0050	0.0095	0.0095	0.8042	9.6402
30.3606	0.0050	0.0095	0.0095	0.7953	9.8600
30.3706	0.0050	0.0095	0.0095	0.8020	9.6669
30.3806	0.0050	0.0095	0.0095	0.7953	9.8600
30.3906	0.0050	0.0095	0.0095	0.8020	9.6669
30.4006	0.0050	0.0096	0.0096	0.8020	9.8600
30.4106	0.0050	0.0096	0.0096	0.7998	9.6936
30.4206	0.0050	0.0096	0.0096	0.8020	9.8600
30.4306	0.0050	0.0096	0.0096	0.7998	9.6936
30.4406	0.0050	0.0096	0.0096	0.7998	9.8600
30.4506	0.0050	0.0096	0.0096	0.8020	9.6669
30.4606	0.0050	0.0096	0.0096	0.8020	9.8600
30.4706	0.0050	0.0096	0.0096	0.8020	9.6669
30.4806	0.0050	0.0096	0.0096	0.7998	9.8600
30.4906	0.0050	0.0096	0.0096	0.7998	9.6936
30.5006	0.0050	0.0097	0.0097	0.7998	9.8600
30.5106	0.0050	0.0097	0.0097	0.7998	9.6936
30.5206	0.0050	0.0096	0.0096	0.7976	9.8600
30.5306	0.0050	0.0097	0.0097	0.7998	9.6936
30.5406	0.0050	0.0097	0.0097	0.7998	9.8600
30.5506	0.0050	0.0096	0.0096	0.7998	9.6936
30.5606	0.0050	0.0097	0.0097	0.7998	9.8600
30.5706	0.0050	0.0097	0.0097	0.7998	9.6936
30.5806	0.0050	0.0097	0.0097	0.8020	9.8600
30.5906	0.0050	0.0097	0.0097	0.7998	9.6936
30.6006	0.0050	0.0097	0.0097	0.7998	9.8600
30.6106	0.0050	0.0097	0.0097	0.8020	9.6669
30.6206	0.0050	0.0097	0.0097	0.7998	9.8600
30.6306	0.0050	0.0097	0.0097	0.8020	9.6669
30.6406	0.0050	0.0097	0.0097	0.8020	9.8600
30.6506	0.0050	0.0097	0.0097	0.7998	9.6936
30.6606	0.0050	0.0097	0.0097	0.7998	9.8600
30.6706	0.0050	0.0097	0.0097	0.8020	9.6669
30.6806	0.0050	0.0097	0.0097	0.8020	9.8600
30.6906	0.0050	0.0097	0.0097	0.8020	9.6669
30.7006	0.0050	0.0097	0.0097	0.7998	9.8600
30.7106	0.0050	0.0097	0.0097	0.7998	9.6936
30.7206	0.0050	0.0097	0.0097	0.7976	9.8600
30.7306	0.0050	0.0097	0.0097	0.8020	9.6669
30.7406	0.0050	0.0097	0.0097	0.7998	9.8600
30.7506	0.0050	0.0097	0.0097	0.7998	9.6936
30.7606	0.0050	0.0097	0.0097	0.7953	9.8600
30.7706	0.0050	0.0097	0.0097	0.7998	9.6936
30.7806	0.0050	0.0097	0.0097	0.8020	9.8600
30.7906	0.0050	0.0097	0.0097	0.7998	9.6936
30.8006	0.0050	0.0097	0.0097	0.7953	9.8600
30.8106	0.0050	0.0097	0.0097	0.8020	9.6669
30.8206	0.0050	0.0097	0.0097	0.8020	9.8600
30.8306	0.0050	0.0097	0.0097	0.7998	9.6936
30.8406	0.0050	0.0097	0.0097	0.7998	9.8600
30.8506	0.0050	0.0097	0.0097	0.7998	9.6936
30.8606	0.0050	0.0097	0.0097	0.7998	9.8600
30.8706	0.0050	0.0097	0.0097	0.7998	9.6936
30.8806	0.0050	0.0097	0.0097	0.8020	9.8600
30.8906	0.0050	0.0096	0.0096	0.8020	9.6669
30.9006	0.0050	0.0097	0.0097	0.7976	9.8600
30.9106	0.0050	0.0097	0.0097	0.7998	9.6936
30.9206	0.0050	0.0097	0.0097	0.7998	9.8600
30.9306	0.0050	0.0097	0.0097	0.7998	9.6936
30.9406	0.0050	0.0097	0.0097	0.7998	9.8600
30.9506	0.0050	0.0097	0.0097	0.7998	9.6936
30.9606	0.0050	0.0096	0.0096	0.7998	9.8600
30.9706	0.0050	0.0096	0.0096	0.7998	9.6936
30.9806	0.0050	0.0097	0.0097	0.7998	9.8600
30.9906	0.0050	0.0096	0.0096	0.8020	9.6669
31.0006	0.0050	0.0096	0.0096	0.7998	9.8600
31.0106	0.0050	0.0096	0.0096	0.8020	9.6669
31.0206	0.0050	0.0097	0.0097	0.7998	9.8600
31.0306	0.0050	0.0096	0.0096	0.7998	9.6936
31.0406	0.0050	0.0097	0.0097	0.7998	9.8600
31.0506	0.0050	0.0097	0.0097	0.8020	9.6669
31.0606	0.0050	0.0097	0.0097	0.7998	9.8600
31.0706	0.0050	0.0097	0.0097	0.8020	9.6669
31.0806	0.0050	0.0097	0.0097	0.7998	9.8600
31.0906	0.0050	0.0097	0.0097	0.7998	9.6936
31.1006	0.0050	0.0096	0.0096	0.8020	9.8600
31.1106	0.0050	0.0097	0.0097	0.7998	9.6936
31.1206	0.0050	0.0097	0.0097	0.7998	9.8600
31.1306	0.0050	0.0097	0.0097	0.8020	9.6669
31.1406	0.0050	0.0097	0.0097	0.7976	9.8600
31.1506	0.0050	0.0096	0.0096	0.8020	9.6669
31.1606	0.0050	0.0096	0.0096	0.7998	9.8600
31.1706	0.0050	0.0097	0.0097	0.7998	9.6936
31.1806	0.0050	0.0096	0.0096	0.7953	9.8600
31.1906	0.0050	0.0097	0.0097	0.8020	9.6669
31.2006	0.0050	0.0096	0.0096	0.8020	9.8600
31.2106	0.0050	0.0097	0.0097	0.8020	9.6669
31.2206	0.0050	0.0097	0.0097	0.7998	9.8600
31.2306	0.0050	0.0097	0.0097	0.8020	9.6669
31.2406	0.0050	0.0096	0.0096	0.7953	9.8600
31.2506	0.0050	0.0096	0.0096	0.7998	9.6936
31.2606	0.0050	0.0096	0.0096	0.7998	9.8600
31.2706	0.0050	0.0096	0.0096	0.7998	9.6936
31.2806	0.0050	0.0096	0.0096	0.7998	9.8600
31.2906	0.0050	0.0097	0.0097	0.8020	9.6669
31.3006	0.0050	0.0096	0.0096	0.7998	9.8600
31.3106	0.0050	0.0097	0.0097	0.7998	9.6936
31.3206	0.0050	0.0096	0.0096	0.7998	9.8600
31.3306	0.0050	0.0097	0.0097	0.7998	9.6936
31.3406	0.0050	0.0096	0.0096	0.7998	9.8600
31.3506	0.0050	0.0096	0.0096	0.8020	9.6669
31.3606	0.0050	0.0097	0.0097	0.8020	9.8600
31.3706	0.0050	0.0096	0.0096	0.8020	9.6669
31.3806	0.0050	0.0096	0.0096	0.7998	9.8600
31.3906	0.0050	0.0096	0.0096	0.8020	9.6669
31.4006	0.0050	0.0097	0.0097	0.7976	9.8600
31.4106	0.0050	0.0096	0.0096	0.8020	9.6669
31.4206	0.0050	0.0097	0.0097	0.7976	9.8600
31.4306	0.0050	0.0096	0.0096	0.8020	9.6669
31.4406	0.0050	0.0097	0.0097	0.7998	9.8600
31.4506	0.0050	0.0096	0.0096	0.8020	9.6669
31.4606	0.0050	0.0096	0.0096	0.8020	9.8600
31.4706	0.0050	0.0096	0.0096	0.8020	9.6669
31.4806	0.0050	0.0097	0.0097	0.8020	9.8600
31.4906	0.0050	0.0097	0.0097	0.7998	9.6936
31.5006	0.0050	0.0096	0.0096	0.7998	9.8600
31.5106	0.0050	0.0097	0.0097	0.8020	9.6669
31.5206	0.0050	0.0097	0.0097	0.7976	9.8600
31.5306	0.0050	0.0096	0.0096	0.8020	9.6669
31.5406	0.0050	0.0096	0.0096	0.7976	9.8600
31.5506	0.0050	0.0097	0.0097	0.7998	9.6936
31.5606	0.0050	0.0096	0.0096	0.7998	9.8600
31.5706	0.0050	0.0097	0.0097	0.8020	9.6669
31.5806	0.0050	0.0096	0.0096	0.7998	9.8600
31.5906	0.0050	0.0096	0.0096	0.7998	9.6936
31.6006	0.0050	0.0097	0.0097	0.7976	9.8600
31.6106	0.0050	0.0096	0.0096	0.7998	9.6936
31.6206	0.0050	0.0096	0.0096	0.7998	9.8600
31.6306	0.0050	0.0097	0.0097	0.7998	9.6936
31.6406	0.0050	0.0096	0.0096	0.7998	9.8600
31.6506	0.0050	0.0097	0.0097	0.7998	9.6936
31.6606	0.0050	0.0097	0.0097	0.7998	9.8600
31.6706	0.0050	0.0097	0.0097	0.8020	9.6669
31.6806	0.0050	0.0097	0.0097	0.7998	9.8600
31.6906	0.0050	0.0097	0.0097	0.8020	9.6669
31.7006	0.0050	0.0096	0.0096	0.8020	9.8600
31.7106	0.0050	0.0097	0.0097	0.8020	9.6669
31.7206	0.0050	0.0097	0.0097	0.7998	9.8600
31.7306	0.0050	0.0097	0.0097	0.7998	9.6936
31.7406	0.0050	0.0097	0.0097	0.7998	9.8600
31.7506	0.0050	0.0097	0.0097	0.7998	9.6936
31.7606	0.0050	0.0096	0.0096	0.7976	9.8600
31.7706	0.0050	0.0097	0.0097	0.8020	9.6669
31.7806	0.0050	0.0097	0.0097	0.8020	9.8600
31.7906	0.0050	0.0097	0.0097	0.7998	9.6936
31.8006	0.0050	0.0097	0.0097	0.8020	9.8600
31.8106	0.0050	0.0097	0.0097	0.7998	9.6936
31.8206	0.0050	0.0097	0.0097	0.7998	9.8600
31.8306	0.0050	0.0097	0.0097	0.8020	9.6669
31.8406	0.0050	0.0097	0.0097	0.7953	9.8600
31.8506	0.0050	0.0097	0.0097	0.8020	9.6669
31.8606	0.0050	0.0097	0.0097	0.7998	9.8600
31.8706	0.0050	0.0097	0.0097	0.8020	9.6669
31.8806	0.0050	0.0097	0.0097	0.8020	9.8600
31.8906	0.0050	0.0097	0.0097	0.8020	9.6669
31.9006	0.0050	0.0097	0.0097	0.7953	9.8600
31.9106	0.0050	0.0097	0.0097	0.8020	9.6669
31.9206	0.0050	0.0097	0.0097	0.7976	9.8600
31.9306	0.0050	0.0097	0.0097	0.8020	9.6669
31.9406	0.0050	0.0097	0.0097	0.7998	9.8600
31.9506	0.0050	0.0098	0.0098	0.7998	9.6936
31.9606	0.0050	0.0097	0.0097	0.7998	9.8600
31.9706	0.0050	0.0097	0.0097	0.7998	9.6936
31.9806	0.0050	0.0097	0.0097	0.7998	9.8600
31.9906	0.0050	0.0097	0.0097	0.8020	9.6669
32.0006	0.0050	0.0097	0.0097	0.7998	9.8600
32.0106	0.0050	0.0097	0.0097	0.8020	9.6669
32.0206	0.0050	0.0097	0.0097	0.7998	9.8600
32.0306	0.0050	0.0097	0.0097	0.8020	9.6669
32.0406	0.0050	0.0097	0.0097	0.7998	9.8600
32.0506	0.0050	0.0097	0.0097	0.7998	9.6936
32.0606	0.0050	0.0097	0.0097	0.7998	9.8600
32.0706	0.0050	0.0097	0.0097	0.7998	9.6936
32.0806	0.0050	0.0097	0.0097	0.7998	9.8600
32.0906	0.0050	0.0097	0.0097	0.8020	9.6669
32.1006	0.0050	0.0097	0.0097	0.7998	9.8600
32.1106	0.0050	0.0097	0.0097	0.8020	9.6669
32.1206	0.0050	0.0097	0.0097	0.7976	9.8600
32.1306	0.0050	0.0097	0.0097	0.7998	9.6936
32.1406	0.0050	0.0097	0.0097	0.8020	9.8600
32.1506	0.0050	0.0097	0.0097	0.8020	9.6669
32.1606	0.0050	0.0097	0.0097	0.7953	9.8600
32.1706	0.0050	0.0097	0.0097	0.7998	9.6936
32.1806	0.0050	0.0097	0.0097	0.8020	9.8600
32.1906	0.0050	0.0097	0.0097	0.7998	9.6936
32.2006	0.0050	0.0097	0.0097	0.7998	9.8600
32.2106	0.0050	0.0097	0.0097	0.8020	9.6669
32.2206	0.0050	0.0097	0.0097	0.7976	9.8600
32.2306	0.0050	0.0097	0.0097	0.7998	9.6936
32.2406	0.0050	0.0097	0.0097	0.7998	9.8600
32.2506	0.0050	0.0097	0.0097	0.8020	9.6669
32.2606	0.0050	0.0097	0.0097	0.7976	9.8600
32.2706	0.0050	0.0097	0.0097	0.7998	9.6936
32.2806	0.0050	0.0097	0.0097	0.7976	9.8600
32.2906	0.0050	0.0097	0.0097	0.8020	9.6669
32.3006	0.0050	0.0097	0.0097	0.7998	9.8600
32.3106	0.0050	0.0097	0.0097	0.8020	9.6669
32.3206	0.0050	0.0097	0.0097	0.8020	9.8600
32.3306	0.0050	0.0097	0.0097	0.8020	9.6669
32.3406	0.0050	0.0097	0.0097	0.7998	9.8600
32.3506	0.0050	0.0097	0.0097	0.7998	9.6936
32.3606	0.0050	0.0097	0.0097	0.8020	9.8600
32.3706	0.0050	0.0097	0.0097	0.8020	9.6669
32.3806	0.0050	0.0097	0.0097	0.7998	9.8600
32.3906	0.0050	0.0097	0.0097	0.8020	9.6669
32.4006	0.0050	0.0097	0.0097	0.7953	9.8600
32.4106	0.0050	0.0097	0.0097	0.7998	9.6936
32.4206	0.0050	0.0097	0.0097	0.7998	9.8600
32.4306	0.0050	0.0097	0.0097	0.7998	9.6936
32.4406	0.0050	0.0098	0.0098	0.7953	9.8600
32.4506	0.0050	0.0097	0.0097	0.7998	9.6936
32.4606	0.0050	0.0097	0.0097	0.7998	9.8600
32.4706	0.0050	0.0098	0.0098	0.8020	9.6669
32.4806	0.0050	0.0097	0.0097	0.7998	9.8600
32.4906	0.0050	0.0098	0.0098	0.7998	9.6936
32.5006	0.0050	0.0098	0.0098	0.7998	9.8600
32.5106	0.0050	0.0097	0.0097	0.8020	9.6669
32.5205	0.0050	0.0098	0.0098	0.8020	9.8600
32.5305	0.0050	0.0097	0.0097	0.8020	9.6669
32.5405	0.0050	0.0097	0.0097	0.7998	9.8600
32.5505	0.0050	0.0097	0.0097	0.8020	9.6669
32.5605	0.0050	0.0097	0.0097	0.7953	9.8600
32.5705	0.0050	0.0097	0.0097	0.8020	9.6669
32.5805	0.0050	0.0097	0.0097	0.7953	9.8600
32.5905	0.0050	0.0097	0.0097	0.8020	9.6669
32.6005	0.0050	0.0097	0.0097	0.7998	9.8600
32.6105	0.0050	0.0098	0.0098	0.8020	9.6669
32.6205	0.0050	0.0097	0.0097	0.7998	9.8600
32.6305	0.0050	0.0098	0.0098	0.7998	9.6936
32.6405	0.0050	0.0098	0.0098	0.7976	9.8600
32.6505	0.0050	0.0098	0.0098	0.7998	9.6936
32.6605	0.0050	0.0098	0.0098	0.7998	9.8600
32.6705	0.0050	0.0097	0.0097	0.7998	9.6936
32.6805	0.0050	0.0098	0.0098	0.7953	9.8600
32.6905	0.0050	0.0098	0.0098	0.8020	9.6669
32.7005	0.0050	0.0098	0.0098	0.7976	9.8600
32.7105	0.0050	0.0098	0.0098	0.8020	9.6669
32.7205	0.0050	0.0098	0.0098	0.7953	9.8600
32.7305	0.0050	0.0098	0.0098	0.8020	9.6669
32.7405	0.0050	0.0098	0.0098	0.8020	9.8600
32.7505	0.0050	0.0098	0.0098	0.7998	9.6936
32.7605	0.0050	0.0097	0.0097	0.7998	9.8600
32.7705	0.0050	0.0098	0.0098	0.7998	9.6936
32.7805	0.0050	0.0097	0.0097	0.7998	9.8600
32.7905	0.0050	0.0098	0.0098	0.8020	9.6669
32.8005	0.0050	0.0097	0.0097	0.7976	9.8600
32.8105	0.0050	0.0098	0.0098	0.7998	9.6936
32.8205	0.0050	0.0098	0.0098	0.7998	9.8600
32.8305	0.0050	0.0098	0.0098	0.8020	9.6669
32.8405	0.0050	0.0098	0.0098	0.7998	9.8600
32.8505	0.0050	0.0098	0.0098	0.7998	9.6936
32.8605	0.0050	0.0098	0.0098	0.8020	9.8600
32.8705	0.0050	0.0098	0.0098	0.7998	9.6936
32.8805	0.0050	0.0098	0.0098	0.8020	9.8600
32.8905	0.0050	0.0098	0.0098	0.7998	9.6936
32.9005	0.0050	0.0098	0.0098	0.8020	9.8600
32.9105	0.0050	0.0098	0.0098	0.7998	9.6936
32.9205	0.0050	0.0098	0.0098	0.8020	9.8600
32.9305	0.0050	0.0098	0.0098	0.7998	9.6936
32.9405	0.0050	0.0098	0.0098	0.7976	9.8600
32.9505	0.0050	0.0098	0.0098	0.7998	9.6936
32.9605	0.0050	0.0098	0.0098	0.7953	9.8600
32.9705	0.0050	0.0098	0.0098	0.7998	9.6936
32.9805	0.0050	0.0098	0.0098	0.7998	9.8600
32.9905	0.0050	0.0098	0.0098	0.8020	9.6669
33.0005	0.0050	0.0098	0.0098	0.8020	9.8600
33.0105	0.0050	0.0098	0.0098	0.7998	9.6936
33.0205	0.0050	0.0098	0.0098	0.8020	9.8600
33.0305	0.0050	0.0098	0.0098	0.8020	9.6669
33.0405	0.0050	0.0097	0.0097	0.7976	9.8600
33.0505	0.0050	0.0098	0.0098	0.7976	9.7202
33.0605	0.0050	0.0098	0.0098	0.7953	9.8600
33.0705	0.0050	0.0098	0.0098	0.7931	9.7735
33.0805	0.0050	0.0098	0.0098	0.7909	9.8600
33.0905	0.0050	0.0098	0.0098	0.7953	9.7469
33.1005	0.0050	0.0098	0.0098	0.8020	9.8600
33.1105	0.0050	0.0098	0.0098	0.8020	9.6669
33.1204	0.0050	0.0099	0.0099	0.8020	9.8600
33.1304	0.0050	0.0098	0.0098	0.8020	9.6669
33.1404	0.0050	0.0098	0.0098	0.8020	9.8600
33.1504	0.0050	0.0098	0.0098	0.8020	9.6669
33.1604	0.0050	0.0098	0.0098	0.7953	9.8600
33.1704	0.0050	0.0098	0.0098	0.7998	9.6936
33.1804	0.0050	0.0098	0.0098	0.7953	9.8600
33.1904	0.0050	0.0098	0.0098	0.7998	9.6936
33.2004	0.0050	0.0098	0.0098	0.7976	9.8600
33.2104	0.0050	0.0098	0.0098	0.8020	9.6669
33.2204	0.0050	0.0098	0.0098	0.7976	9.8600
33.2304	0.0050	0.0097	0.0097	0.7998	9.6936
33.2404	0.0050	0.0098	0.0098	0.7976	9.8600
33.2504	0.0050	0.0098	0.0098	0.7998	9.6936
33.2604	0.0050	0.0097	0.0097	0.7953	9.8600
33.2704	0.0050	0.0098	0.0098	0.8020	9.6669
33.2804	0.0050	0.0097	0.0097	0.7976	9.8600
33.2904	0.0050	0.0097	0.0097	0.7998	9.6936
33.3004	0.0050	0.0098	0.0098	0.7998	9.8600
33.3104	0.0050	0.0097	0.0097	0.7998	9.6936
33.3204	0.0050	0.0097	0.0097	0.7976	9.8600
33.3304	0.0050	0.0097	0.0097	0.7998	9.6936
33.3404	0.0050	0.0097	0.0097	0.7998	9.8600
33.3504	0.0050	0.0097	0.0097	0.8020	9.6669
33.3604	0.0050	0.0097	0.0097	0.7953	9.8600
33.3704	0.0050	0.0097	0.0097	0.7998	9.6936
33.3804	0.0050	0.0097	0.0097	0.7953	9.8600
33.3904	0.0050	0.0097	0.0097	0.7998	9.6936
33.4004	0.0050	0.0097	0.0097	0.7998	9.8600
33.4104	0.0050	0.0097	0.0097	0.7998	9.6936
33.4204	0.0050	0.0097	0.0097	0.7976	9.8600
33.4304	0.0050	0.0097	0.0097	0.7998	9.6936
33.4404	0.0050	0.0097	0.0097	0.7998	9.8600
33.4504	0.0050	0.0097	0.0097	0.7998	9.6936
33.4604	0.0050	0.0097	0.0097	0.7976	9.8600
33.4704	0.0050	0.0097	0.0097	0.7998	9.6936
33.4804	0.0050	0.0097	0.0097	0.7998	9.8600
33.4904	0.0050	0.0097	0.0097	0.7998	9.6936
33.5004	0.0050	0.0098	0.0098	0.8020	9.8600
33.5104	0.0050	0.0097	0.0097	0.7998	9.6936
33.5204	0.0050	0.0097	0.0097	0.7976	9.8600
33.5304	0.0050	0.0097	0.0097	0.8020	9.6669
33.5404	0.0050	0.0097	0.0097	0.7998	9.8600
33.5504	0.0050	0.0097	0.0097	0.7998	9.6936
33.5604	0.0050	0.0098	0.0098	0.7998	9.8600
33.5704	0.0050	0.0098	0.0098	0.8020	9.6669
33.5804	0.0050	0.0098	0.0098	0.7998	9.8600
33.5904	0.0050	0.0098	0.0098	0.7998	9.6936
33.6004	0.0050	0.0098	0.0098	0.8020	9.8600
33.6104	0.0050	0.0097	0.0097	0.8020	9.6669
33.6204	0.0050	0.0097	0.0097	0.8020	9.8600
33.6304	0.0050	0.0098	0.0098	0.7998	9.6936
33.6404	0.0050	0.0098	0.0098	0.7976	9.8600
33.6504	0.0050	0.0098	0.0098	0.8020	9.6669
33.6604	0.0050	0.0097	0.0097	0.7953	9.8600
33.6704	0.0050	0.0098	0.0098	0.7998	9.6936
33.6804	0.0050	0.0098	0.0098	0.7953	9.8600
33.6904	0.0050	0.0098	0.0098	0.7998	9.6936
33.7004	0.0050	0.0099	0.0099	0.7998	9.8600
33.7104	0.0050	0.0099	0.0099	0.8020	9.6669
33.7203	0.0050	0.0098	0.0098	0.7953	9.8600
33.7303	0.0050	0.0099	0.0099	0.8020	9.6669
33.7403	0.0050	0.0098	0.0098	0.7976	9.8600
33.7503	0.0050	0.0098	0.0098	0.7998	9.6936
33.7603	0.0050	0.0098	0.0098	0.7998	9.8600
33.7703	0.0050	0.0098	0.0098	0.8020	9.6669
33.7803	0.0050	0.0098	0.0098	0.7953	9.8600
33.7903	0.0050	0.0098	0.0098	0.8020	9.6669
33.8003	0.0050	0.0099	0.0099	0.7953	9.8600
33.8103	0.0050	0.0098	0.0098	0.8020	9.6669
33.8203	0.0050	0.0099	0.0099	0.7998	9.8600
33.8303	0.0050	0.0099	0.0099	0.7998	9.6936
33.8403	0.0050	0.0098	0.0098	0.7976	9.8600
33.8503	0.0050	0.0098	0.0098	0.8020	9.6669
33.8603	0.0050	0.0098	0.0098	0.8020	9.8600
33.8703	0.0050	0.0098	0.0098	0.7998	9.6936
33.8803	0.0050	0.0098	0.0098	0.7998	9.8600
33.8903	0.0050	0.0098	0.0098	0.8020	9.6669
33.9003	0.0050	0.0098	0.0098	0.7976	9.8600
33.9103	0.0050	0.0098	0.0098	0.8020	9.6669
33.9203	0.0050	0.0099	0.0099	0.8020	9.8600
33.9303	0.0050	0.0098	0.0098	0.7998	9.6936
33.9403	0.0050	0.0099	0.0099	0.7998	9.8600
33.9503	0.0050	0.0098	0.0098	0.8020	9.6669
33.9603	0.0050	0.0098	0.0098	0.7953	9.8600
33.9703	0.0050	0.0098	0.0098	0.7998	9.6936
33.9803	0.0050	0.0097	0.0097	0.7976	9.8600
33.9903	0.0050	0.0098	0.0098	0.8020	9.6669
34.0003	0.0050	0.0098	0.0098	0.7953	9.8600
34.0103	0.0050	0.0098	0.0098	0.8020	9.6669
34.0203	0.0050	0.0098	0.0098	0.8020	9.8600
34.0303	0.0050	0.0098	0.0098	0.7998	9.6936
34.0403	0.0050	0.0098	0.0098	0.7953	9.8600
34.0503	0.0050	0.0098	0.0098	0.7998	9.6936
34.0603	0.0050	0.0097	0.0097	0.8020	9.8600
34.0703	0.0050	0.0097	0.0097	0.7998	9.6936
34.0803	0.0050	0.0097	0.0097	0.7953	9.8600
34.0903	0.0050	0.0098	0.0098	0.8020	9.6669
34.1003	0.0050	0.0097	0.0097	0.7953	9.8600
34.1103	0.0050	0.0097	0.0097	0.8020	9.6669
34.1203	0.0050	0.0097	0.0097	0.7953	9.8600
34.1303	0.0050	0.0097	0.0097	0.7998	9.6936
34.1403	0.0050	0.0097	0.0097	0.7953	9.8600
34.1503	0.0050	0.0097	0.0097	0.7998	9.6936
34.1603	0.0050	0.0097	0.0097	0.7998	9.8600
34.1703	0.0050	0.0097	0.0097	0.7998	9.6936
34.1803	0.0050	0.0097	0.0097	0.7953	9.8600
34.1903	0.0050	0.0097	0.0097	0.7998	9.6936
34.2003	0.0050	0.0097	0.0097	0.7998	9.8600
34.2103	0.0050	0.0097	0.0097	0.7998	9.6936
34.2203	0.0050	0.0097	0.0097	0.7998	9.8600
34.2303	0.0050	0.0097	0.0097	0.8020	9.6669
34.2403	0.0050	0.0097	0.0097	0.7998	9.8600
34.2503	0.0050	0.0097	0.0097	0.7998	9.6936
34.2603	0.0050	0.0097	0.0097	0.8020	9.8600
34.2703	0.0050	0.0097	0.0097	0.7998	9.6936
34.2803	0.0050	0.0097	0.0097	0.7998	9.8600
34.2903	0.0050	0.0097	0.0097	0.7998	9.6936
34.3003	0.0050	0.0097	0.0097	0.8020	9.8600
34.3102	0.0050	0.0097	0.0097	0.8020	9.6669
34.3202	0.0050	0.0097	0.0097	0.7976	9.8600
34.3302	0.0050	0.0097	0.0097	0.7998	9.6936
34.3402	0.0050	0.0097	0.0097	0.7976	9.8600
34.3502	0.0050	0.0097	0.0097	0.7998	9.6936
34.3602	0.0050	0.0097	0.0097	0.7998	9.8600
34.3702	0.0050	0.0096	0.0096	0.7998	9.6936
34.3802	0.0050	0.0097	0.0097	0.7998	9.8600
34.3902	0.0050	0.0097	0.0097	0.7976	9.7202
34.4002	0.0050	0.0097	0.0097	0.8020	9.8600
34.4102	0.0050	0.0097	0.0097	0.7998	9.6936
34.4202	0.0050	0.0097	0.0097	0.7998	9.8600
34.4302	0.0050	0.0097	0.0097	0.7998	9.6936
34.4402	0.0050	0.0097	0.0097	0.7976	9.8600
34.4502	0.0050	0.0097	0.0097	0.8020	9.6669
34.4602	0.0050	0.0097	0.0097	0.7953	9.8600
34.4702	0.0050	0.0096	0.0096	0.7998	9.6936
34.4802	0.0050	0.0097	0.0097	0.8020	9.8600
34.4902	0.0050	0.0097	0.0097	0.8020	9.6669
34.5002	0.0050	0.0097	0.0097	0.7976	9.8600
34.5102	0.0050	0.0097	0.0097	0.8020	9.6669
34.5202	0.0050	0.0097	0.0097	0.7998	9.8600
34.5302	0.0050	0.0097	0.0097	0.7998	9.6936
34.5402	0.0050	0.0096	0.0096	0.7976	9.8600
34.5502	0.0050	0.0097	0.0097	0.7998	9.6936
34.5602	0.0050	0.0097	0.0097	0.7998	9.8600
34.5702	0.0050	0.0097	0.0097	0.7998	9.6936
34.5802	0.0050	0.0097	0.0097	0.7953	9.8600
34.5902	0.0050	0.0097	0.0097	0.7998	9.6936
34.6002	0.0050	0.0097	0.0097	0.7953	9.8600
34.6102	0.0050	0.0096	0.0096	0.7998	9.6936
34.6202	0.0050	0.0097	0.0097	0.8020	9.8600
34.6302	0.0050	0.0097	0.0097	0.8020	9.6669
34.6402	0.0050	0.0097	0.0097	0.7953	9.8600
34.6502	0.0050	0.0097	0.0097	0.7998	9.6936
34.6602	0.0050	0.0097	0.0097	0.7976	9.8600
34.6702	0.0050	0.0097	0.0097	0.7998	9.6936
34.6802	0.0050	0.0097	0.0097	0.8020	9.8600
34.6902	0.0050	0.0097	0.0097	0.7998	9.6936
34.7002	0.0050	0.0097	0.0097	0.8020	9.8600
34.7102	0.0050	0.0097	0.0097	0.7998	9.6936
34.7202	0.0050	0.0097	0.0097	0.7953	9.8600
34.7302	0.0050	0.0097	0.0097	0.7998	9.6936
34.7402	0.0050	0.0097	0.0097	0.7998	9.8600
34.7502	0.0050	0.0097	0.0097	0.8020	9.6669
34.7602	0.0050	0.0097	0.0097	0.7953	9.8600
34.7702	0.0050	0.0097	0.0097	0.7998	9.6936
34.7802	0.0050	0.0097	0.0097	0.7953	9.8600
34.7902	0.0050	0.0097	0.0097	0.7998	9.6936
34.8002	0.0050	0.0097	0.0097	0.8020	9.8600
34.8102	0.0050	0.0097	0.0097	0.7998	9.6936
34.8202	0.0050	0.0097	0.0097	0.8020	9.8600
34.8302	0.0050	0.0097	0.0097	0.7998	9.6936
34.8402	0.0050	0.0097	0.0097	0.7953	9.8600
34.8502	0.0050	0.0097	0.0097	0.7998	9.6936
34.8602	0.0050	0.0097	0.0097	0.7953	9.8600
34.8702	0.0050	0.0097	0.0097	0.7998	9.6936
34.8802	0.0050	0.0097	0.0097	0.7976	9.8600
34.8902	0.0050	0.0097	0.0097	0.7998	9.6936
34.9002	0.0050	0.0097	0.0097	0.7953	9.8600
34.9101	0.0050	0.0097	0.0097	0.7998	9.6936
34.9201	0.0050	0.0097	0.0097	0.8020	9.8600
34.9301	0.0050	0.0097	0.0097	0.7998	9.6936
34.9401	0.0050	0.0097	0.0097	0.7953	9.8600
34.9501	0.0050	0.0097	0.0097	0.7998	9.6936
34.9601	0.0050	0.0097	0.0097	0.7953	9.8600
34.9701	0.0050	0.0097	0.0097	0.7998	9.6936
34.9801	0.0050	0.0097	0.0097	0.7998	9.8600
34.9901	0.0050	0.0097	0.0097	0.8020	9.6669
35.0001	0.0050	0.0096	0.0096	0.7998	9.8600
35.0101	0.0050	0.0097	0.0097	0.7998	9.6936
35.0201	0.0050	0.0097	0.0097	0.7976	9.8600
35.0301	0.0050	0.0097	0.0097	0.7998	9.6936
35.0401	0.0050	0.0097	0.0097	0.7976	9.8600
35.0501	0.0050	0.0097	0.0097	0.7998	9.6936
35.0601	0.0050	0.0097	0.0097	0.7953	9.8600
35.0701	0.0050	0.0097	0.0097	0.7998	9.6936
35.0801	0.0050	0.0097	0.0097	0.7976	9.8600
35.0901	0.0050	0.0097	0.0097	0.7998	9.6936
35.1001	0.0050	0.0097	0.0097	0.7953	9.8600
35.1101	0.0050	0.0097	0.0097	0.7976	9.7202
35.1201	0.0050	0.0097	0.0097	0.7998	9.8600
35.1301	0.0050	0.0097	0.0097	0.7998	9.6936
35.1401	0.0050	0.0097	0.0097	0.8020	9.8600
35.1501	0.0050	0.0097	0.0097	0.7998	9.6936
35.1601	0.0050	0.0096	0.0096	0.8020	9.8600
35.1701	0.0050	0.0097	0.0097	0.7998	9.6936
35.1801	0.0050	0.0097	0.0097	0.7953	9.8600
35.1901	0.0050	0.0097	0.0097	0.7976	9.7202
35.2001	0.0050	0.0097	0.0097	0.7998	9.8600
35.2101	0.0050	0.0097	0.0097	0.7998	9.6936
35.2201	0.0050	0.0097	0.0097	0.7998	9.8600
35.2301	0.0050	0.0096	0.0096	0.8020	9.6669
35.2401	0.0050	0.0097	0.0097	0.7953	9.8600
35.2501	0.0050	0.0097	0.0097	0.8020	9.6669
35.2601	0.0050	0.0096	0.0096	0.7976	9.8600
35.2701	0.0050	0.0096	0.0096	0.7998	9.6936
35.2801	0.0050	0.0096	0.0096	0.7953	9.8600
35.2901	0.0050	0.0097	0.0097	0.7998	9.6936
35.3001	0.0050	0.0097	0.0097	0.7953	9.8600
35.3101	0.0050	0.0096	0.0096	0.8020	9.6669
35.3201	0.0050	0.0097	0.0097	0.7976	9.8600
35.3301	0.0050	0.0096	0.0096	0.7998	9.6936
35.3401	0.0050	0.0096	0.0096	0.7953	9.8600
35.3501	0.0050	0.0096	0.0096	0.8020	9.6669
35.3601	0.0050	0.0097	0.0097	0.7953	9.8600
35.3701	0.0050	0.0097	0.0097	0.7998	9.6936
35.3801	0.0050	0.0097	0.0097	0.7998	9.8600
35.3901	0.0050	0.0096	0.0096	0.7998	9.6936
35.4001	0.0050	0.0096	0.0096	0.7998	9.8600
35.4101	0.0050	0.0097	0.0097	0.8020	9.6669
35.4201	0.0050	0.0096	0.0096	0.7998	9.8600
35.4301	0.0050	0.0096	0.0096	0.8020	9.6669
35.4401	0.0050	0.0096	0.0096	0.7976	9.8600
35.4501	0.0050	0.0097	0.0097	0.7998	9.6936
35.4601	0.0050	0.0096	0.0096	0.7953	9.8600
35.4701	0.0050	0.0096	0.0096	0.7976	9.7202
35.4801	0.0050	0.0097	0.0097	0.8020	9.8600
35.4901	0.0050	0.0097	0.0097	0.7998	9.6936
35.5000	0.0050	0.0097	0.0097	0.7998	9.8600
35.5100	0.0050	0.0097	0.0097	0.8020	9.6669
35.5200	0.0050	0.0097	0.0097	0.7953	9.8600
35.5300	0.0050	0.0096	0.0096	0.7998	9.6936
35.5400	0.0050	0.0096	0.0096	0.7953	9.8600
35.5500	0.0050	0.0097	0.0097	0.8020	9.6669
35.5600	0.0050	0.0097	0.0097	0.8020	9.8600
35.5700	0.0050	0.0096	0.0096	0.7998	9.6936
35.5800	0.0050	0.0097	0.0097	0.7953	9.8600
35.5900	0.0050	0.0097	0.0097	0.7998	9.6936
35.6000	0.0050	0.0097	0.0097	0.7976	9.8600
35.6100	0.0050	0.0096	0.0096	0.7998	9.6936
35.6200	0.0050	0.0097	0.0097	0.7953	9.8600
35.6300	0.0050	0.0097	0.0097	0.7998	9.6936
35.6400	0.0050	0.0096	0.0096	0.8020	9.8600
35.6500	0.0050	0.0096	0.0096	0.7998	9.6936
35.6600	0.0050	0.0096	0.0096	0.8020	9.8600
35.6700	0.0050	0.0096	0.0096	0.7998	9.6936
35.6800	0.0050	0.0096	0.0096	0.7998	9.8600
35.6900	0.0050	0.0096	0.0096	0.7998	9.6936
35.7000	0.0050	0.0096	0.0096	0.7953	9.8600
35.7100	0.0050	0.0096	0.0096	0.7976	9.7202
35.7200	0.0050	0.0096	0.0096	0.7998	9.8600
35.7300	0.0050	0.0096	0.0096	0.7998	9.6936
35.7400	0.0050	0.0096	0.0096	0.7998	9.8600
35.7500	0.0050	0.0096	0.0096	0.8020	9.6669
35.7600	0.0050	0.0096	0.0096	0.8020	9.8600
35.7700	0.0050	0.0095	0.0095	0.8020	9.6669
35.7800	0.0050	0.0096	0.0096	0.7953	9.8600
35.7900	0.0050	0.0095	0.0095	0.8020	9.6669
35.8000	0.0050	0.0096	0.0096	0.8020	9.8600
35.8100	0.0050	0.0095	0.0095	0.7998	9.6936
35.8200	0.0050	0.0095	0.0095	0.8020	9.8600
35.8300	0.0050	0.0095	0.0095	0.8020	9.6669
35.8400	0.0050	0.0095	0.0095	0.7998	9.8600
35.8500	0.0050	0.0095	0.0095	0.8020	9.6669
35.8600	0.0050	0.0095	0.0095	0.7953	9.8600
35.8700	0.0050	0.0095	0.0095	0.8020	9.6669
35.8800	0.0050	0.0095	0.0095	0.7976	9.8600
35.8900	0.0050	0.0095	0.0095	0.7998	9.6936
35.9000	0.0050	0.0095	0.0095	0.7998	9.8600
35.9100	0.0050	0.0095	0.0095	0.8020	9.6669
35.9200	0.0050	0.0095	0.0095	0.7953	9.8600
35.9300	0.0050	0.0095	0.0095	0.8020	9.6669
35.9400	0.0050	0.0095	0.0095	0.8020	9.8600
35.9500	0.0050	0.0095	0.0095	0.7998	9.6936
35.9600	0.0050	0.0095	0.0095	0.8020	9.8600
35.9700	0.0050	0.0095	0.0095	0.8020	9.6669
35.9800	0.0050	0.0095	0.0095	0.8020	9.8600
35.9900	0.0050	0.0095	0.0095	0.7976	9.7202
36.0000	0.0050	0.0095	0.0095	0.8020	9.8600
36.0100	0.0050	0.0095	0.0095	0.7998	9.6936
36.0200	0.0050	0.0095	0.0095	0.7998	9.8600
36.0300	0.0050	0.0095	0.0095	0.8020	9.6669
36.0400	0.0050	0.0095	0.0095	0.7998	9.8600
36.0500	0.0050	0.0095	0.0095	0.8020	9.6669
36.0600	0.0050	0.0095	0.0095	0.8020	9.8600
36.0700	0.0050	0.0095	0.0095	0.7998	9.6936
36.0800	0.0050	0.0095	0.0095	0.7998	9.8600
36.0900	0.0050	0.0095	0.0095	0.7998	9.6936
36.0999	0.0050	0.0095	0.0095	0.7953	9.8600
36.1099	0.0050	0.0095	0.0095	0.7976	9.7202
36.1199	0.0050	0.0095	0.0095	0.8020	9.8600
36.1299	0.0050	0.0095	0.0095	0.8020	9.6669
36.1399	0.0050	0.0095	0.0095	0.8020	9.8600
36.1499	0.0050	0.0095	0.0095	0.8020	9.6669
36.1599	0.0050	0.0095	0.0095	0.7953	9.8600
36.1699	0.0050	0.0095	0.0095	0.8020	9.6669
36.1799	0.0050	0.0095	0.0095	0.8020	9.8600
36.1899	0.0050	0.0095	0.0095	0.8020	9.6669
36.1999	0.0050	0.0095	0.0095	0.7953	9.8600
36.2099	0.0050	0.0095	0.0095	0.8020	9.6669
36.2199	0.0050	0.0096	0.0096	0.8020	9.8600
36.2299	0.0050	0.0095	0.0095	0.7998	9.6936
36.2399	0.0050	0.0095	0.0095	0.8020	9.8600
36.2499	0.0050	0.0095	0.0095	0.8020	9.6669
36.2599	0.0050	0.0095	0.0095	0.7976	9.8600
36.2699	0.0050	0.0095	0.0095	0.8020	9.6669
36.2799	0.0050	0.0095	0.0095	0.7953	9.8600
36.2899	0.0050	0.0095	0.0095	0.8020	9.6669
36.2999	0.0050	0.0095	0.0095	0.7953	9.8600
36.3099	0.0050	0.0095	0.0095	0.8020	9.6669
36.3199	0.0050	0.0095	0.0095	0.8020	9.8600
36.3299	0.0050	0.0095	0.0095	0.7998	9.6936
36.3399	0.0050	0.0095	0.0095	0.7953	9.8600
36.3499	0.0050	0.0095	0.0095	0.7998	9.6936
36.3599	0.0050	0.0095	0.0095	0.7953	9.8600
36.3699	0.0050	0.0095	0.0095	0.7953	9.7469
36.3799	0.0050	0.0095	0.0095	0.8020	9.8600
36.3899	0.0050	0.0095	0.0095	0.8020	9.6669
36.3999	0.0050	0.0096	0.0096	0.8020	9.8600
36.4099	0.0050	0.0096	0.0096	0.8020	9.6669
36.4199	0.0050	0.0095	0.0095	0.7976	9.8600
36.4299	0.0050	0.0095	0.0095	0.7976	9.7202
36.4399	0.0050	0.0096	0.0096	0.8020	9.8600
36.4499	0.0050	0.0096	0.0096	0.7998	9.6936
36.4599	0.0050	0.0096	0.0096	0.8020	9.8600
36.4699	0.0050	0.0096	0.0096	0.8020	9.6669
36.4799	0.0050	0.0096	0.0096	0.8020	9.8600
36.4899	0.0050	0.0096	0.0096	0.8020	9.6669
36.4999	0.0050	0.0096	0.0096	0.7953	9.8600
36.5099	0.0050	0.0096	0.0096	0.8020	9.6669
36.5199	0.0050	0.0096	0.0096	0.7998	9.8600
36.5299	0.0050	0.0096	0.0096	0.7998	9.6936
36.5399	0.0050	0.0096	0.0096	0.7953	9.8600
36.5499	0.0050	0.0096	0.0096	0.7953	9.7469
36.5599	0.0050	0.0096	0.0096	0.7998	9.8600
36.5699	0.0050	0.0096	0.0096	0.7998	9.6936
36.5799	0.0050	0.0096	0.0096	0.8020	9.8600
36.5899	0.0050	0.0096	0.0096	0.8020	9.6669
36.5999	0.0050	0.0096	0.0096	0.8020	9.8600
36.6099	0.0050	0.0096	0.0096	0.8020	9.6669
36.6199	0.0050	0.0096	0.0096	0.7976	9.8600
36.6299	0.0050	0.0096	0.0096	0.7976	9.7202
36.6399	0.0050	0.0096	0.0096	0.7998	9.8600
36.6499	0.0050	0.0097	0.0097	0.7998	9.6936
36.6599	0.0050	0.0096	0.0096	0.8020	9.8600
36.6699	0.0050	0.0096	0.0096	0.7998	9.6936
36.6799	0.0050	0.0097	0.0097	0.8020	9.8600
36.6898	0.0050	0.0096	0.0096	0.7976	9.7202
36.6998	0.0050	0.0097	0.0097	0.8020	9.8600
36.7098	0.0050	0.0096	0.0096	0.7998	9.6936
36.7198	0.0050	0.0097	0.0097	0.7998	9.8600
36.7298	0.0050	0.0097	0.0097	0.7998	9.6936
36.7398	0.0050	0.0097	0.0097	0.7953	9.8600
36.7498	0.0050	0.0097	0.0097	0.7998	9.6936
36.7598	0.0050	0.0097	0.0097	0.7953	9.8600
36.7698	0.0050	0.0097	0.0097	0.7976	9.7202
36.7798	0.0050	0.0097	0.0097	0.8020	9.8600
36.7898	0.0050	0.0097	0.0097	0.7998	9.6936
36.7998	0.0050	0.0097	0.0097	0.7976	9.8600
36.8098	0.0050	0.0097	0.0097	0.7998	9.6936
36.8198	0.0050	0.0097	0.0097	0.8020	9.8600
36.8298	0.0050	0.0097	0.0097	0.8020	9.6669
36.8398	0.0050	0.0097	0.0097	0.7998	9.8600
36.8498	0.0050	0.0097	0.0097	0.7998	9.6936
36.8598	0.0050	0.0097	0.0097	0.7953	9.8600
36.8698	0.0050	0.0097	0.0097	0.7998	9.6936
36.8798	0.0050	0.0097	0.0097	0.7976	9.8600
36.8898	0.0050	0.0097	0.0097	0.8020	9.6669
36.8998	0.0050	0.0097	0.0097	0.7953	9.8600
36.9098	0.0050	0.0097	0.0097	0.7998	9.6936
36.9198	0.0050	0.0097	0.0097	0.7998	9.8600
36.9298	0.0050	0.0097	0.0097	0.8020	9.6669
36.9398	0.0050	0.0097	0.0097	0.7953	9.8600
36.9498	0.0050	0.0097	0.0097	0.7953	9.7469
36.9598	0.0050	0.0097	0.0097	0.8020	9.8600
36.9698	0.0050	0.0097	0.0097	0.8020	9.6669
36.9798	0.0050	0.0097	0.0097	0.7998	9.8600
36.9898	0.0050	0.0097	0.0097	0.8020	9.6669
36.9998	0.0050	0.0097	0.0097	0.7953	9.8600
37.0098	0.0050	0.0097	0.0097	0.7998	9.6936
37.0198	0.0050	0.0097	0.0097	0.7953	9.8600
37.0298	0.0050	0.0097	0.0097	0.7976	9.7202
37.0398	0.0050	0.0097	0.0097	0.8020	9.8600
37.0498	0.0050	0.0097	0.0097	0.7998	9.6936
37.0598	0.0050	0.0097	0.0097	0.7953	9.8600
37.0698	0.0050	0.0097	0.0097	0.7998	9.6936
37.0798	0.0050	0.0097	0.0097	0.7953	9.8600
37.0898	0.0050	0.0097	0.0097	0.7998	9.6936
37.0998	0.0050	0.0097	0.0097	0.7998	9.8600
37.1098	0.0050	0.0097	0.0097	0.7998	9.6936
37.1198	0.0050	0.0097	0.0097	0.7953	9.8600
37.1298	0.0050	0.0097	0.0097	0.7953	9.7469
37.1398	0.0050	0.0097	0.0097	0.7998	9.8600
37.1498	0.0050	0.0097	0.0097	0.8020	9.6669
37.1598	0.0050	0.0097	0.0097	0.8020	9.8600
37.1698	0.0050	0.0097	0.0097	0.7998	9.6936
37.1798	0.0050	0.0097	0.0097	0.7998	9.8600
37.1898	0.0050	0.0097	0.0097	0.7998	9.6936
37.1998	0.0050	0.0097	0.0097	0.7953	9.8600
37.2098	0.0050	0.0097	0.0097	0.7976	9.7202
37.2198	0.0050	0.0097	0.0097	0.7998	9.8600
37.2298	0.0050	0.0097	0.0097	0.8020	9.6669
37.2398	0.0050	0.0097	0.0097	0.7998	9.8600
37.2498	0.0050	0.0097	0.0097	0.7976	9.7202
37.2598	0.0050	0.0097	0.0097	0.7998	9.8600
37.2698	0.0050	0.0097	0.0097	0.8020	9.6669
37.2798	0.0050	0.0097	0.0097	0.7953	9.8600
37.2897	0.0050	0.0097	0.0097	0.7998	9.6936
37.2997	0.0050	0.0097	0.0097	0.7953	9.8600
37.3097	0.0050	0.0097	0.0097	0.7976	9.7202
37.3197	0.0050	0.0097	0.0097	0.8020	9.8600
37.3297	0.0050	0.0097	0.0097	0.8020	9.6669
37.3397	0.0050	0.0097	0.0097	0.7998	9.8600
37.3497	0.0050	0.0097	0.0097	0.8020	9.6669
37.3597	0.0050	0.0097	0.0097	0.7998	9.8600
37.3697	0.0050	0.0097	0.0097	0.7976	9.7202
37.3797	0.0050	0.0097	0.0097	0.7998	9.8600
37.3897	0.0050	0.0097	0.0097	0.7998	9.6936
37.3997	0.0050	0.0097	0.0097	0.7998	9.8600
37.4097	0.0050	0.0097	0.0097	0.7998	9.6936
37.4197	0.0050	0.0097	0.0097	0.7998	9.8600
37.4297	0.0050	0.0097	0.0097	0.7976	9.7202
37.4397	0.0050	0.0097	0.0097	0.7998	9.8600
37.4497	0.0050	0.0097	0.0097	0.7998	9.6936
37.4597	0.0050	0.0097	0.0097	0.8020	9.8600
37.4697	0.0050	0.0097	0.0097	0.7998	9.6936
37.4797	0.0050	0.0097	0.0097	0.7953	9.8600
37.4897	0.0050	0.0097	0.0097	0.7953	9.7469
37.4997	0.0050	0.0097	0.0097	0.7998	9.8600
37.5097	0.0050	0.0097	0.0097	0.7998	9.6936
37.5197	0.0050	0.0097	0.0097	0.7998	9.8600
37.5297	0.0050	0.0097	0.0097	0.7998	9.6936
37.5397	0.0050	0.0097	0.0097	0.7976	9.8600
37.5497	0.0050	0.0097	0.0097	0.7976	9.7202
37.5597	0.0050	0.0097	0.0097	0.7998	9.8600
37.5697	0.0050	0.0097	0.0097	0.8020	9.6669
37.5797	0.0050	0.0098	0.0098	0.7998	9.8600
37.5897	0.0050	0.0097	0.0097	0.7976	9.7202
37.5997	0.0050	0.0097	0.0097	0.7998	9.8600
37.6097	0.0050	0.0097	0.0097	0.8020	9.6669
37.6197	0.0050	0.0097	0.0097	0.7998	9.8600
37.6297	0.0050	0.0098	0.0098	0.7998	9.6936
37.6397	0.0050	0.0097	0.0097	0.7953	9.8600
37.6497	0.0050	0.0097	0.0097	0.7976	9.7202
37.6597	0.0050	0.0097	0.0097	0.7998	9.8600
37.6697	0.0050	0.0097	0.0097	0.7998	9.6936
37.6797	0.0050	0.0098	0.0098	0.7953	9.8600
37.6897	0.0050	0.0097	0.0097	0.7998	9.6936
37.6997	0.0050	0.0097	0.0097	0.7931	9.8600
37.7097	0.0050	0.0097	0.0097	0.7998	9.6936
37.7197	0.0050	0.0098	0.0098	0.7953	9.8600
37.7297	0.0050	0.0097	0.0097	0.7998	9.6936
37.7397	0.0050	0.0097	0.0097	0.8020	9.8600
37.7497	0.0050	0.0097	0.0097	0.7976	9.7202
37.7597	0.0050	0.0097	0.0097	0.7998	9.8600
37.7697	0.0050	0.0097	0.0097	0.7998	9.6936
37.7797	0.0050	0.0097	0.0097	0.7998	9.8600
37.7897	0.0050	0.0097	0.0097	0.7998	9.6936
37.7997	0.0050	0.0097	0.0097	0.7953	9.8600
37.8097	0.0050	0.0098	0.0098	0.7953	9.7469
37.8197	0.0050	0.0097	0.0097	0.8020	9.8600
37.8297	0.0050	0.0097	0.0097	0.7998	9.6936
37.8397	0.0050	0.0098	0.0098	0.8020	9.8600
37.8497	0.0050	0.0097	0.0097	0.8020	9.6669
37.8597	0.0050	0.0097	0.0097	0.7931	9.8600
37.8697	0.0050	0.0097	0.0097	0.7976	9.7202
37.8797	0.0050	0.0097	0.0097	0.7998	9.8600
37.8896	0.0050	0.0097	0.0097	0.7998	9.6936
37.8996	0.0050	0.0097	0.0097	0.7998	9.8600
37.9096	0.0050	0.0097	0.0097	0.7976	9.7202
37.9196	0.0050	0.0097	0.0097	0.8020	9.8600
37.9296	0.0050	0.0097	0.0097	0.8020	9.6669
37.9396	0.0050	0.0097	0.0097	0.7998	9.8600
37.9496	0.0050	0.0097	0.0097	0.7998	9.6936
37.9596	0.0050	0.0097	0.0097	0.7998	9.8600
37.9696	0.0050	0.0097	0.0097	0.7998	9.6936
37.9796	0.0050	0.0097	0.0097	0.7953	9.8600
37.9896	0.0050	0.0097	0.0097	0.7953	9.7469
37.9996	0.0050	0.0097	0.0097	0.7998	9.8600
38.0096	0.0050	0.0098	0.0098	0.8020	9.6669
38.0196	0.0050	0.0098	0.0098	0.8020	9.8600
38.0296	0.0050	0.0097	0.0097	0.7998	9.6936
38.0396	0.0050	0.0097	0.0097	0.7953	9.8600
38.0496	0.0050	0.0097	0.0097	0.7998	9.6936
38.0596	0.0050	0.0097	0.0097	0.7976	9.8600
38.0696	0.0050	0.0097	0.0097	0.7976	9.7202
38.0796	0.0050	0.0098	0.0098	0.7976	9.8600
38.0896	0.0050	0.0097	0.0097	0.7998	9.6936
38.0996	0.0050	0.0097	0.0097	0.7998	9.8600
38.1096	0.0050	0.0097	0.0097	0.7998	9.6936
38.1196	0.0050	0.0097	0.0097	0.7953	9.8600
38.1296	0.0050	0.0097	0.0097	0.7998	9.6936
38.1396	0.0050	0.0097	0.0097	0.7998	9.8600
38.1496	0.0050	0.0097	0.0097	0.7998	9.6936
38.1596	0.0050	0.0097	0.0097	0.7998	9.8600
38.1696	0.0050	0.0097	0.0097	0.7998	9.6936
38.1796	0.0050	0.0098	0.0098	0.7953	9.8600
38.1896	0.0050	0.0097	0.0097	0.7976	9.7202
38.1996	0.0050	0.0097	0.0097	0.7998	9.8600
38.2096	0.0050	0.0098	0.0098	0.7998	9.6936
38.2196	0.0050	0.0098	0.0098	0.7953	9.8600
38.2296	0.0050	0.0097	0.0097	0.8020	9.6669
38.2396	0.0050	0.0097	0.0097	0.7953	9.8600
38.2496	0.0050	0.0097	0.0097	0.7953	9.7469
38.2596	0.0050	0.0098	0.0098	0.7998	9.8600
38.2696	0.0050	0.0097	0.0097	0.8020	9.6669
38.2796	0.0050	0.0097	0.0097	0.8020	9.8600
38.2896	0.0050	0.0097	0.0097	0.7998	9.6936
38.2996	0.0050	0.0097	0.0097	0.7953	9.8600
38.3096	0.0050	0.0098	0.0098	0.7998	9.6936
38.3196	0.0050	0.0098	0.0098	0.7953	9.8600
38.3296	0.0050	0.0097	0.0097	0.7953	9.7469
38.3396	0.0050	0.0097	0.0097	0.7998	9.8600
38.3496	0.0050	0.0097	0.0097	0.7998	9.6936
38.3596	0.0050	0.0097	0.0097	0.7998	9.8600
38.3696	0.0050	0.0097	0.0097	0.7998	9.6936
38.3796	0.0050	0.0097	0.0097	0.7976	9.8600
38.3896	0.0050	0.0097	0.0097	0.7998	9.6936
38.3996	0.0050	0.0097	0.0097	0.7953	9.8600
38.4096	0.0050	0.0097	0.0097	0.7953	9.7469
38.4196	0.0050	0.0097	0.0097	0.8020	9.8600
38.4296	0.0050	0.0097	0.0097	0.8020	9.6669
38.4396	0.0050	0.0098	0.0098	0.7998	9.8600
38.4496	0.0050	0.0097	0.0097	0.7998	9.6936
38.4596	0.0050	0.0097	0.0097	0.7953	9.8600
38.4696	0.0050	0.0098	0.0098	0.7953	9.7469
38.4795	0.0050	0.0098	0.0098	0.7998	9.8600
38.4895	0.0050	0.0097	0.0097	0.7998	9.6936
38.4995	0.0050	0.0097	0.0097	0.7998	9.8600
38.5095	0.0050	0.0097	0.0097	0.7998	9.6936
38.5195	0.0050	0.0097	0.0097	0.7953	9.8600
38.5295	0.0050	0.0097	0.0097	0.7976	9.7202
38.5395	0.0050	0.0097	0.0097	0.8020	9.8600
38.5495	0.0050	0.0098	0.0098	0.8020	9.6669
38.5595	0.0050	0.0098	0.0098	0.7998	9.8600
38.5695	0.0050	0.0097	0.0097	0.7998	9.6936
38.5795	0.0050	0.0097	0.0097	0.7953	9.8600
38.5895	0.0050	0.0098	0.0098	0.7976	9.7202
38.5995	0.0050	0.0097	0.0097	0.7998	9.8600
38.6095	0.0050	0.0097	0.0097	0.8020	9.6669
38.6195	0.0050	0.0097	0.0097	0.7953	9.8600
38.6295	0.0050	0.0097	0.0097	0.7998	9.6936
38.6395	0.0050	0.0097	0.0097	0.7953	9.8600
38.6495	0.0050	0.0097	0.0097	0.7998	9.6936
38.6595	0.0050	0.0097	0.0097	0.7953	9.8600
38.6695	0.0050	0.0097	0.0097	0.7976	9.7202
38.6795	0.0050	0.0098	0.0098	0.7998	9.8600
38.6895	0.0050	0.0097	0.0097	0.8020	9.6669
38.6995	0.0050	0.0097	0.0097	0.7976	9.8600
38.7095	0.0050	0.0098	0.0098	0.7998	9.6936
38.7195	0.0050	0.0097	0.0097	0.7998	9.8600
38.7295	0.0050	0.0097	0.0097	0.7953	9.7469
38.7395	0.0050	0.0098	0.0098	0.8020	9.8600
38.7495	0.0050	0.0097	0.0097	0.7998	9.6936
38.7595	0.0050	0.0097	0.0097	0.8020	9.8600
38.7695	0.0050	0.0097	0.0097	0.7998	9.6936
38.7795	0.0050	0.0097	0.0097	0.7953	9.8600
38.7895	0.0050	0.0097	0.0097	0.7953	9.7469
38.7995	0.0050	0.0097	0.0097	0.8020	9.8600
38.8095	0.0050	0.0097	0.0097	0.8020	9.6669
38.8195	0.0050	0.0097	0.0097	0.8020	9.8600
38.8295	0.0050	0.0097	0.0097	0.8020	9.6669
38.8395	0.0050	0.0097	0.0097	0.7998	9.8600
38.8495	0.0050	0.0097	0.0097	0.7931	9.7735
38.8595	0.0050	0.0097	0.0097	0.8020	9.8600
38.8695	0.0050	0.0097	0.0097	0.8020	9.6669
38.8795	0.0050	0.0097	0.0097	0.7998	9.8600
38.8895	0.0050	0.0097	0.0097	0.7998	9.6936
38.8995	0.0050	0.0097	0.0097	0.7953	9.8600
38.9095	0.0050	0.0097	0.0097	0.7953	9.7469
38.9195	0.0050	0.0097	0.0097	0.7998	9.8600
38.9295	0.0050	0.0097	0.0097	0.7998	9.6936
38.9395	0.0050	0.0097	0.0097	0.7998	9.8600
38.9495	0.0050	0.0097	0.0097	0.7998	9.6936
38.9595	0.0050	0.0097	0.0097	0.7953	9.8600
38.9695	0.0050	0.0097	0.0097	0.7953	9.7469
38.9795	0.0050	0.0097	0.0097	0.7998	9.8600
38.9895	0.0050	0.0097	0.0097	0.7998	9.6936
38.9995	0.0050	0.0097	0.0097	0.8020	9.8600
39.0095	0.0050	0.0097	0.0097	0.7976	9.7202
39.0195	0.0050	0.0097	0.0097	0.8020	9.8600
39.0295	0.0050	0.0097	0.0097	0.7998	9.6936
39.0395	0.0050	0.0097	0.0097	0.7976	9.8600
39.0495	0.0050	0.0097	0.0097	0.7953	9.7469
39.0595	0.0050	0.0097	0.0097	0.8020	9.8600
39.0695	0.0050	0.0097	0.0097	0.7998	9.6936
39.0794	0.0050	0.0097	0.0097	0.7998	9.8600
39.0894	0.0050	0.0097	0.0097	0.8020	9.6669
39.0994	0.0050	0.0097	0.0097	0.7998	9.8600
39.1094	0.0050	0.0097	0.0097	0.7976	9.7202
39.1194	0.0050	0.0097	0.0097	0.7998	9.8600
39.1294	0.0050	0.0097	0.0097	0.8020	9.6669
39.1394	0.0050	0.0097	0.0097	0.7953	9.8600
39.1494	0.0050	0.0097	0.0097	0.7976	9.7202
39.1594	0.0050	0.0098	0.0098	0.8020	9.8600
39.1694	0.0050	0.0097	0.0097	0.7998	9.6936
39.1794	0.0050	0.0097	0.0097	0.7953	9.8600
39.1894	0.0050	0.0097	0.0097	0.7998	9.6936
39.1994	0.0050	0.0097	0.0097	0.7953	9.8600
39.2094	0.0050	0.0097	0.0097	0.7976	9.7202
39.2194	0.0050	0.0097	0.0097	0.7998	9.8600
39.2294	0.0050	0.0097	0.0097	0.7998	9.6936
39.2394	0.0050	0.0097	0.0097	0.7998	9.8600
39.2494	0.0050	0.0097	0.0097	0.7976	9.7202
39.2594	0.0050	0.0097	0.0097	0.7998	9.8600
39.2694	0.0050	0.0097	0.0097	0.8020	9.6669
39.2794	0.0050	0.0097	0.0097	0.7953	9.8600
39.2894	0.0050	0.0097	0.0097	0.7953	9.7469
39.2994	0.0050	0.0097	0.0097	0.8020	9.8600
39.3094	0.0050	0.0097	0.0097	0.8020	9.6669
39.3194	0.0050	0.0097	0.0097	0.8020	9.8600
39.3294	0.0050	0.0097	0.0097	0.7998	9.6936
39.3394	0.0050	0.0097	0.0097	0.8020	9.8600
39.3494	0.0050	0.0097	0.0097	0.7953	9.7469
39.3594	0.0050	0.0097	0.0097	0.8020	9.8600
39.3694	0.0050	0.0097	0.0097	0.8020	9.6669
39.3794	0.0050	0.0097	0.0097	0.8020	9.8600
39.3894	0.0050	0.0097	0.0097	0.7976	9.7202
39.3994	0.0050	0.0097	0.0097	0.7998	9.8600
39.4094	0.0050	0.0098	0.0098	0.8020	9.6669
39.4194	0.0050	0.0097	0.0097	0.7976	9.8600
39.4294	0.0050	0.0097	0.0097	0.7998	9.6936
39.4394	0.0050	0.0097	0.0097	0.7953	9.8600
39.4494	0.0050	0.0097	0.0097	0.7976	9.7202
39.4594	0.0050	0.0097	0.0097	0.8020	9.8600
39.4694	0.0050	0.0097	0.0097	0.7998	9.6936
39.4794	0.0050	0.0097	0.0097	0.8020	9.8600
39.4894	0.0050	0.0097	0.0097	0.8020	9.6669
39.4994	0.0050	0.0097	0.0097	0.7953	9.8600
39.5094	0.0050	0.0097	0.0097	0.7976	9.7202
39.5194	0.0050	0.0097	0.0097	0.7998	9.8600
39.5294	0.0050	0.0097	0.0097	0.7998	9.6936
39.5394	0.0050	0.0097	0.0097	0.8020	9.8600
39.5494	0.0050	0.0097	0.0097	0.7976	9.7202
39.5594	0.0050	0.0097	0.0097	0.8020	9.8600
39.5694	0.0050	0.0097	0.0097	0.8020	9.6669
39.5794	0.0050	0.0097	0.0097	0.7976	9.8600
39.5894	0.0050	0.0097	0.0097	0.7976	9.7202
39.5994	0.0050	0.0096	0.0096	0.7998	9.8600
39.6094	0.0050	0.0097	0.0097	0.7998	9.6936
39.6194	0.0050	0.0097	0.0097	0.7976	9.8600
39.6294	0.0050	0.0097	0.0097	0.7998	9.6936
39.6394	0.0050	0.0097	0.0097	0.7953	9.8600
39.6494	0.0050	0.0097	0.0097	0.7953	9.7469
39.6594	0.0050	0.0097	0.0097	0.7998	9.8600
39.6693	0.0050	0.0097	0.0097	0.7998	9.6936
39.6793	0.0050	0.0097	0.0097	0.7998	9.8600
39.6893	0.0050	0.0097	0.0097	0.7976	9.7202
39.6993	0.0050	0.0097	0.0097	0.7998	9.8600
39.7093	0.0050	0.0097	0.0097	0.8020	9.6669
39.7193	0.0050	0.0096	0.0096	0.7998	9.8600
39.7293	0.0050	0.0097	0.0097	0.7953	9.7469
39.7393	0.0050	0.0097	0.0097	0.7998	9.8600
39.7493	0.0050	0.0097	0.0097	0.7998	9.6936
39.7593	0.0050	0.0097	0.0097	0.7976	9.8600
39.7693	0.0050	0.0097	0.0097	0.7998	9.6936
39.7793	0.0050	0.0097	0.0097	0.7953	9.8600
39.7893	0.0050	0.0097	0.0097	0.7953	9.7469
39.7993	0.0050	0.0097	0.0097	0.7998	9.8600
39.8093	0.0050	0.0097	0.0097	0.7998	9.6936
39.8193	0.0050	0.0097	0.0097	0.7998	9.8600
39.8293	0.0050	0.0097	0.0097	0.7976	9.7202
39.8393	0.0050	0.0097	0.0097	0.7998	9.8600
39.8493	0.0050	0.0097	0.0097	0.8020	9.6669
39.8593	0.0050	0.0097	0.0097	0.7953	9.8600
39.8693	0.0050	0.0097	0.0097	0.8020	9.6669
39.8793	0.0050	0.0097	0.0097	0.7953	9.8600
39.8893	0.0050	0.0097	0.0097	0.7953	9.7469
39.8993	0.0050	0.0097	0.0097	0.8020	9.8600
39.9093	0.0050	0.0097	0.0097	0.7998	9.6936
39.9193	0.0050	0.0097	0.0097	0.7998	9.8600
39.9293	0.0050	0.0097	0.0097	0.7998	9.6936
39.9393	0.0050	0.0097	0.0097	0.7953	9.8600
39.9493	0.0050	0.0097	0.0097	0.7976	9.7202
39.9593	0.0050	0.0097	0.0097	0.7976	9.8600
39.9693	0.0050	0.0097	0.0097	0.7998	9.6936
39.9793	0.0050	0.0097	0.0097	0.7998	9.8600
39.9893	0.0050	0.0097	0.0097	0.7976	9.7202
39.9993	0.0050	0.0097	0.0097	0.7998	9.8600
40.0093	0.0050	0.0097	0.0097	0.7998	9.6936
40.0193	0.0050	0.0097	0.0097	0.7998	9.8600
40.0293	0.0050	0.0097	0.0097	0.8020	9.6669
40.0393	0.0050	0.0097	0.0097	0.7953	9.8600
40.0493	0.0050	0.0097	0.0097	0.7953	9.7469
40.0593	0.0050	0.0097	0.0097	0.8020	9.8600
40.0693	0.0050	0.0097	0.0097	0.8020	9.6669
40.0793	0.0050	0.0097	0.0097	0.7998	9.8600
40.0893	0.0050	0.0097	0.0097	0.7976	9.7202
40.0993	0.0050	0.0097	0.0097	0.8020	9.8600
40.1093	0.0050	0.0097	0.0097	0.8020	9.6669
40.1193	0.0050	0.0097	0.0097	0.8020	9.8600
40.1293	0.0050	0.0097	0.0097	0.7976	9.7202
40.1393	0.0050	0.0097	0.0097	0.7998	9.8600
40.1493	0.0050	0.0097	0.0097	0.8020	9.6669
40.1593	0.0050	0.0097	0.0097	0.7976	9.8600
40.1693	0.0050	0.0097	0.0097	0.7998	9.6936
40.1793	0.0050	0.0097	0.0097	0.8020	9.8600
40.1893	0.0050	0.0097	0.0097	0.7953	9.7469
40.1993	0.0050	0.0097	0.0097	0.8020	9.8600
40.2093	0.0050	0.0097	0.0097	0.8020	9.6669
40.2193	0.0050	0.0097	0.0097	0.7998	9.8600
40.2293	0.0050	0.0097	0.0097	0.7998	9.6936
40.2393	0.0050	0.0097	0.0097	0.7953	9.8600
40.2493	0.0050	0.0097	0.0097	0.7953	9.7469
40.2593	0.0050	0.0097	0.0097	0.7998	9.8600
40.2692	0.0050	0.0097	0.0097	0.8020	9.6669
40.2792	0.0050	0.0097	0.0097	0.7998	9.8600
40.2892	0.0050	0.0097	0.0097	0.8020	9.6669
40.2992	0.0050	0.0097	0.0097	0.7931	9.8600
40.3092	0.0050	0.0097	0.0097	0.8020	9.6669
40.3192	0.0050	0.0097	0.0097	0.7953	9.8600
40.3292	0.0050	0.0097	0.0097	0.7953	9.7469
40.3392	0.0050	0.0097	0.0097	0.7998	9.8600
40.3492	0.0050	0.0097	0.0097	0.8020	9.6669
40.3592	0.0050	0.0097	0.0097	0.8020	9.8600
40.3692	0.0050	0.0097	0.0097	0.7998	9.6936
40.3792	0.0050	0.0097	0.0097	0.7953	9.8600
40.3892	0.0050	0.0097	0.0097	0.7953	9.7469
40.3992	0.0050	0.0097	0.0097	0.8020	9.8600
40.4092	0.0050	0.0097	0.0097	0.8020	9.6669
40.4192	0.0050	0.0097	0.0097	0.7998	9.8600
40.4292	0.0050	0.0097	0.0097	0.7976	9.7202
40.4392	0.0050	0.0097	0.0097	0.7976	9.8600
40.4492	0.0050	0.0097	0.0097	0.8020	9.6669
40.4592	0.0050	0.0097	0.0097	0.7953	9.8600
40.4692	0.0050	0.0097	0.0097	0.7998	9.6936
40.4792	0.0050	0.0097	0.0097	0.7953	9.8600
40.4892	0.0050	0.0097	0.0097	0.7998	9.6936
40.4992	0.0050	0.0097	0.0097	0.7953	9.8600
40.5092	0.0050	0.0097	0.0097	0.8020	9.6669
40.5192	0.0050	0.0097	0.0097	0.7953	9.8600
40.5292	0.0050	0.0097	0.0097	0.7953	9.7469
40.5392	0.0050	0.0097	0.0097	0.7998	9.8600
40.5492	0.0050	0.0097	0.0097	0.8020	9.6669
40.5592	0.0050	0.0097	0.0097	0.7998	9.8600
40.5692	0.0050	0.0097	0.0097	0.8020	9.6669
40.5792	0.0050	0.0097	0.0097	0.7953	9.8600
40.5892	0.0050	0.0097	0.0097	0.7953	9.7469
40.5992	0.0050	0.0097	0.0097	0.8020	9.8600
40.6092	0.0050	0.0097	0.0097	0.8020	9.6669
40.6192	0.0050	0.0097	0.0097	0.7998	9.8600
40.6292	0.0050	0.0097	0.0097	0.7953	9.7469
40.6392	0.0050	0.0097	0.0097	0.7998	9.8600
40.6492	0.0050	0.0097	0.0097	0.7998	9.6936
40.6592	0.0050	0.0097	0.0097	0.7998	9.8600
40.6692	0.0050	0.0097	0.0097	0.7998	9.6936
40.6792	0.0050	0.0097	0.0097	0.8020	9.8600
40.6892	0.0050	0.0097	0.0097	0.8020	9.6669
40.6992	0.0050	0.0097	0.0097	0.7953	9.8600
40.7092	0.0050	0.0097	0.0097	0.8020	9.6669
40.7192	0.0050	0.0097	0.0097	0.7953	9.8600
40.7292	0.0050	0.0097	0.0097	0.7976	9.7202
40.7392	0.0050	0.0097	0.0097	0.7998	9.8600
40.7492	0.0050	0.0097	0.0097	0.8020	9.6669
40.7592	0.0050	0.0097	0.0097	0.7953	9.8600
40.7692	0.0050	0.0097	0.0097	0.7976	9.7202
40.7792	0.0050	0.0097	0.0097	0.7998	9.8600
40.7892	0.0050	0.0097	0.0097	0.7953	9.7469
40.7992	0.0050	0.0097	0.0097	0.8020	9.8600
40.8092	0.0050	0.0097	0.0097	0.7998	9.6936
40.8192	0.0050	0.0097	0.0097	0.7998	9.8600
40.8292	0.0050	0.0097	0.0097	0.8020	9.6669
40.8392	0.0050	0.0097	0.0097	0.8020	9.8600
40.8492	0.0050	0.0097	0.0097	0.8042	9.6402
40.8591	0.0050	0.0097	0.0097	0.8042	9.8600
40.8691	0.0050	0.0097	0.0097	0.8020	9.6669
40.8791	0.0050	0.0097	0.0097	0.7976	9.8600
40.8891	0.0050	0.0097	0.0097	0.7931	9.7735
40.8991	0.0050	0.0097	0.0097	0.7887	9.8600
40.9091	0.0050	0.0097	0.0097	0.7931	9.7735
40.9191	0.0050	0.0097	0.0097	0.7998	9.8600
40.9291	0.0050	0.0097	0.0097	0.8020	9.6669
40.9391	0.0050	0.0097	0.0097	0.7998	9.8600
40.9491	0.0050	0.0097	0.0097	0.7976	9.7202
40.9591	0.0050	0.0097	0.0097	0.7998	9.8600
40.9691	0.0050	0.0097	0.0097	0.8020	9.6669
40.9791	0.0050	0.0097	0.0097	0.7976	9.8600
40.9891	0.0050	0.0097	0.0097	0.8020	9.6669
40.9991	0.0050	0.0097	0.0097	0.7953	9.8600
41.0091	0.0050	0.0097	0.0097	0.7953	9.7469
41.0191	0.0050	0.0097	0.0097	0.8020	9.8600
41.0291	0.0050	0.0097	0.0097	0.8020	9.6669
41.0391	0.0050	0.0097	0.0097	0.7998	9.8600
41.0491	0.0050	0.0097	0.0097	0.7998	9.6936
41.0591	0.0050	0.0097	0.0097	0.8020	9.8600
41.0691	0.0050	0.0097	0.0097	0.7976	9.7202
41.0791	0.0050	0.0097	0.0097	0.7976	9.8600
41.0891	0.0050	0.0097	0.0097	0.7998	9.6936
41.0991	0.0050	0.0097	0.0097	0.8020	9.8600
41.1091	0.0050	0.0097	0.0097	0.8020	9.6669
41.1191	0.0050	0.0097	0.0097	0.7953	9.8600
41.1291	0.0050	0.0097	0.0097	0.7953	9.7469
41.1391	0.0050	0.0097	0.0097	0.8020	9.8600
41.1491	0.0050	0.0097	0.0097	0.7998	9.6936
41.1591	0.0050	0.0097	0.0097	0.7998	9.8600
41.1691	0.0050	0.0097	0.0097	0.7953	9.7469
41.1791	0.0050	0.0097	0.0097	0.8020	9.8600
41.1891	0.0050	0.0097	0.0097	0.7998	9.6936
41.1991	0.0050	0.0097	0.0097	0.7976	9.8600
41.2091	0.0050	0.0097	0.0097	0.7998	9.6936
41.2191	0.0050	0.0097	0.0097	0.7953	9.8600
41.2291	0.0050	0.0097	0.0097	0.7998	9.6936
41.2391	0.0050	0.0097	0.0097	0.7953	9.8600
41.2491	0.0050	0.0097	0.0097	0.7953	9.7469
41.2591	0.0050	0.0097	0.0097	0.7998	9.8600
41.2691	0.0050	0.0097	0.0097	0.8020	9.6669
41.2791	0.0050	0.0097	0.0097	0.8020	9.8600
41.2891	0.0050	0.0097	0.0097	0.7998	9.6936
41.2991	0.0050	0.0097	0.0097	0.7998	9.8600
41.3091	0.0050	0.0097	0.0097	0.7953	9.7469
41.3191	0.0050	0.0097	0.0097	0.8020	9.8600
41.3291	0.0050	0.0097	0.0097	0.7998	9.6936
41.3391	0.0050	0.0097	0.0097	0.8020	9.8600
41.3491	0.0050	0.0097	0.0097	0.7976	9.7202
41.3591	0.0050	0.0097	0.0097	0.7998	9.8600
41.3691	0.0050	0.0097	0.0097	0.7998	9.6936
41.3791	0.0050	0.0097	0.0097	0.7976	9.8600
41.3891	0.0050	0.0097	0.0097	0.7953	9.7469
41.3991	0.0050	0.0097	0.0097	0.8020	9.8600
41.4091	0.0050	0.0097	0.0097	0.7998	9.6936
41.4191	0.0050	0.0097	0.0097	0.7976	9.8600
41.4291	0.0050	0.0097	0.0097	0.8020	9.6669
41.4391	0.0050	0.0097	0.0097	0.7953	9.8600
41.4491	0.0050	0.0097	0.0097	0.8020	9.6669
41.4590	0.0050	0.0097	0.0097	0.7953	9.8600
41.4690	0.0050	0.0097	0.0097	0.8020	9.6669
41.4790	0.0050	0.0097	0.0097	0.7998	9.8600
41.4890	0.0050	0.0097	0.0097	0.7976	9.7202
41.4990	0.0050	0.0097	0.0097	0.7976	9.8600
41.5090	0.0050	0.0097	0.0097	0.8020	9.6669
41.5190	0.0050	0.0097	0.0097	0.7998	9.8600
41.5290	0.0050	0.0097	0.0097	0.7953	9.7469
41.5390	0.0050	0.0097	0.0097	0.8020	9.8600
41.5490	0.0050	0.0097	0.0097	0.7998	9.6936
41.5590	0.0050	0.0097	0.0097	0.7998	9.8600
41.5690	0.0050	0.0097	0.0097	0.8020	9.6669
41.5790	0.0050	0.0097	0.0097	0.7953	9.8600
41.5890	0.0050	0.0097	0.0097	0.7953	9.7469
41.5990	0.0050	0.0097	0.0097	0.8020	9.8600
41.6090	0.0050	0.0097	0.0097	0.7998	9.6936
41.6190	0.0050	0.0097	0.0097	0.7998	9.8600
41.6290	0.0050	0.0097	0.0097	0.7998	9.6936
41.6390	0.0050	0.0097	0.0097	0.7953	9.8600
41.6490	0.0050	0.0097	0.0097	0.7953	9.7469
41.6590	0.0050	0.0097	0.0097	0.7998	9.8600
41.6690	0.0050	0.0097	0.0097	0.8020	9.6669
41.6790	0.0050	0.0097	0.0097	0.7976	9.8600
41.6890	0.0050	0.0097	0.0097	0.7953	9.7469
41.6990	0.0050	0.0097	0.0097	0.7998	9.8600
41.7090	0.0050	0.0097	0.0097	0.8020	9.6669
41.7190	0.0050	0.0097	0.0097	0.8020	9.8600
41.7290	0.0050	0.0097	0.0097	0.7976	9.7202
41.7390	0.0050	0.0097	0.0097	0.7953	9.8600
41.7490	0.0050	0.0097	0.0097	0.8020	9.6669
41.7590	0.0050	0.0097	0.0097	0.7953	9.8600
41.7690	0.0050	0.0097	0.0097	0.7953	9.7469
41.7790	0.0050	0.0097	0.0097	0.8020	9.8600
41.7890	0.0050	0.0097	0.0097	0.7998	9.6936
41.7990	0.0050	0.0097	0.0097	0.7998	9.8600
41.8090	0.0050	0.0097	0.0097	0.8020	9.6669
41.8190	0.0050	0.0097	0.0097	0.7953	9.8600
41.8290	0.0050	0.0097	0.0097	0.7953	9.7469
41.8390	0.0050	0.0097	0.0097	0.7998	9.8600
41.8490	0.0050	0.0097	0.0097	0.7998	9.6936
41.8590	0.0050	0.0097	0.0097	0.8020	9.8600
41.8690	0.0050	0.0097	0.0097	0.7953	9.7469
41.8790	0.0050	0.0097	0.0097	0.7998	9.8600
41.8890	0.0050	0.0097	0.0097	0.7998	9.6936
41.8990	0.0050	0.0097	0.0097	0.7998	9.8600
41.9090	0.0050	0.0097	0.0097	0.7976	9.7202
41.9190	0.0050	0.0097	0.0097	0.7998	9.8600
41.9290	0.0050	0.0097	0.0097	0.7998	9.6936
41.9390	0.0050	0.0097	0.0097	0.7953	9.8600
41.9490	0.0050	0.0097	0.0097	0.7953	9.7469
41.9590	0.0050	0.0097	0.0097	0.8020	9.8600
41.9690	0.0050	0.0097	0.0097	0.8020	9.6669
41.9790	0.0050	0.0097	0.0097	0.7998	9.8600
41.9890	0.0050	0.0097	0.0097	0.7953	9.7469
41.9990	0.0050	0.0097	0.0097	0.8020	9.8600
42.0090	0.0050	0.0097	0.0097	0.8020	9.6669
42.0190	0.0050	0.0097	0.0097	0.7998	9.8600
42.0290	0.0050	0.0097	0.0097	0.7976	9.7202
42.0390	0.0050	0.0097	0.0097	0.8020	9.8600
42.0490	0.0050	0.0097	0.0097	0.7998	9.6936
42.0589	0.0050	0.0097	0.0097	0.7953	9.8600
42.0689	0.0050	0.0097	0.0097	0.7953	9.7469
42.0789	0.0050	0.0097	0.0097	0.8020	9.8600
42.0889	0.0050	0.0097	0.0097	0.8020	9.6669
42.0989	0.0050	0.0097	0.0097	0.7998	9.8600
42.1089	0.0050	0.0097	0.0097	0.7976	9.7202
42.1189	0.0050	0.0097	0.0097	0.7953	9.8600
42.1289	0.0050	0.0097	0.0097	0.8020	9.6669
42.1389	0.0050	0.0096	0.0096	0.8020	9.8600
42.1489	0.0050	0.0097	0.0097	0.7953	9.7469
42.1589	0.0050	0.0097	0.0097	0.8020	9.8600
42.1689	0.0050	0.0097	0.0097	0.8020	9.6669
42.1789	0.0050	0.0097	0.0097	0.7976	9.8600
42.1889	0.0050	0.0097	0.0097	0.7998	9.6936
42.1989	0.0050	0.0097	0.0097	0.7953	9.8600
42.2089	0.0050	0.0097	0.0097	0.7953	9.7469
42.2189	0.0050	0.0097	0.0097	0.8020	9.8600
42.2289	0.0050	0.0097	0.0097	0.8020	9.6669
42.2389	0.0050	0.0097	0.0097	0.7998	9.8600
42.2489	0.0050	0.0097	0.0097	0.7976	9.7202
42.2589	0.0050	0.0097	0.0097	0.7998	9.8600
42.2689	0.0050	0.0097	0.0097	0.8020	9.6669
42.2789	0.0050	0.0097	0.0097	0.7998	9.8600
42.2889	0.0050	0.0097	0.0097	0.7953	9.7469
42.2989	0.0050	0.0097	0.0097	0.8020	9.8600
42.3089	0.0050	0.0097	0.0097	0.8020	9.6669
42.3189	0.0050	0.0097	0.0097	0.7998	9.8600
42.3289	0.0050	0.0097	0.0097	0.7976	9.7202
42.3389	0.0050	0.0097	0.0097	0.8020	9.8600
42.3489	0.0050	0.0097	0.0097	0.8020	9.6669
42.3589	0.0050	0.0097	0.0097	0.7953	9.8600
42.3689	0.0050	0.0097	0.0097	0.7953	9.7469
42.3789	0.0050	0.0097	0.0097	0.8020	9.8600
42.3889	0.0050	0.0097	0.0097	0.7998	9.6936
42.3989	0.0050	0.0097	0.0097	0.7998	9.8600
42.4089	0.0050	0.0097	0.0097	0.7998	9.6936
42.4189	0.0050	0.0097	0.0097	0.7976	9.8600
42.4289	0.0050	0.0097	0.0097	0.7953	9.7469
42.4389	0.0050	0.0097	0.0097	0.8020	9.8600
42.4489	0.0050	0.0097	0.0097	0.8020	9.6669
42.4589	0.0050	0.0097	0.0097	0.8020	9.8600
42.4689	0.0050	0.0097	0.0097	0.8020	9.6669
42.4789	0.0050	0.0097	0.0097	0.7953	9.8600
42.4889	0.0050	0.0097	0.0097	0.7953	9.7469
42.4989	0.0050	0.0097	0.0097	0.8020	9.8600
42.5089	0.0050	0.0097	0.0097	0.8020	9.6669
42.5189	0.0050	0.0097	0.0097	0.7998	9.8600
42.5289	0.0050	0.0097	0.0097	0.7976	9.7202
42.5389	0.0050	0.0097	0.0097	0.7998	9.8600
42.5489	0.0050	0.0097	0.0097	0.7998	9.6936
42.5589	0.0050	0.0097	0.0097	0.7953	9.8600
42.5689	0.0050	0.0097	0.0097	0.7953	9.7469
42.5789	0.0050	0.0097	0.0097	0.8020	9.8600
42.5889	0.0050	0.0097	0.0097	0.8020	9.6669
42.5989	0.0050	0.0097	0.0097	0.7998	9.8600
42.6089	0.0050	0.0097	0.0097	0.7998	9.6936
42.6189	0.0050	0.0097	0.0097	0.7953	9.8600
42.6289	0.0050	0.0097	0.0097	0.7953	9.7469
42.6389	0.0050	0.0097	0.0097	0.7998	9.8600
42.6488	0.0050	0.0097	0.0097	0.8020	9.6669
42.6588	0.0050	0.0097	0.0097	0.7953	9.8600
42.6688	0.0050	0.0097	0.0097	0.7953	9.7469
42.6788	0.0050	0.0097	0.0097	0.8020	9.8600
42.6888	0.0050	0.0098	0.0098	0.7998	9.6936
42.6988	0.0050	0.0097	0.0097	0.7953	9.8600
42.7088	0.0050	0.0097	0.0097	0.8020	9.6669
42.7188	0.0050	0.0098	0.0098	0.8020	9.8600
42.7288	0.0050	0.0097	0.0097	0.7953	9.7469
42.7388	0.0050	0.0098	0.0098	0.7998	9.8600
42.7488	0.0050	0.0098	0.0098	0.8020	9.6669
42.7588	0.0050	0.0097	0.0097	0.7953	9.8600
42.7688	0.0050	0.0097	0.0097	0.7953	9.7469
42.7788	0.0050	0.0098	0.0098	0.7998	9.8600
42.7888	0.0050	0.0097	0.0097	0.7998	9.6936
42.7988	0.0050	0.0097	0.0097	0.7998	9.8600
42.8088	0.0050	0.0097	0.0097	0.7998	9.6936
42.8188	0.0050	0.0097	0.0097	0.7998	9.8600
42.8288	0.0050	0.0097	0.0097	0.8020	9.6669
42.8388	0.0050	0.0097	0.0097	0.7998	9.8600
42.8488	0.0050	0.0097	0.0097	0.7931	9.7735
42.8588	0.0050	0.0097	0.0097	0.8020	9.8600
42.8688	0.0050	0.0097	0.0097	0.7998	9.6936
42.8788	0.0050	0.0097	0.0097	0.7998	9.8600
42.8888	0.0050	0.0097	0.0097	0.7998	9.6936
42.8988	0.0050	0.0097	0.0097	0.7953	9.8600
42.9088	0.0050	0.0097	0.0097	0.7953	9.7469
42.9188	0.0050	0.0097	0.0097	0.7998	9.8600
42.9288	0.0050	0.0097	0.0097	0.8020	9.6669
42.9388	0.0050	0.0097	0.0097	0.7998	9.8600
42.9488	0.0050	0.0097	0.0097	0.7953	9.7469
42.9588	0.0050	0.0098	0.0098	0.8020	9.8600
42.9688	0.0050	0.0097	0.0097	0.7998	9.6936
42.9788	0.0050	0.0097	0.0097	0.7998	9.8600
42.9888	0.0050	0.0098	0.0098	0.7953	9.7469
42.9988	0.0050	0.0097	0.0097	0.7998	9.8600
43.0088	0.0050	0.0097	0.0097	0.7998	9.6936
43.0188	0.0050	0.0097	0.0097	0.7998	9.8600
43.0288	0.0050	0.0098	0.0098	0.7953	9.7469
43.0388	0.0050	0.0097	0.0097	0.8020	9.8600
43.0488	0.0050	0.0097	0.0097	0.7998	9.6936
43.0588	0.0050	0.0097	0.0097	0.7998	9.8600
43.0688	0.0050	0.0097	0.0097	0.7953	9.7469
43.0788	0.0050	0.0097	0.0097	0.7998	9.8600
43.0888	0.0050	0.0097	0.0097	0.7998	9.6936
43.0988	0.0050	0.0097	0.0097	0.7998	9.8600
43.1088	0.0050	0.0097	0.0097	0.7953	9.7469
43.1188	0.0050	0.0097	0.0097	0.7998	9.8600
43.1288	0.0050	0.0097	0.0097	0.8020	9.6669
43.1388	0.0050	0.0097	0.0097	0.7953	9.8600
43.1488	0.0050	0.0097	0.0097	0.7998	9.6936
43.1588	0.0050	0.0097	0.0097	0.7953	9.8600
43.1688	0.0050	0.0097	0.0097	0.7953	9.7469
43.1788	0.0050	0.0097	0.0097	0.8020	9.8600
43.1888	0.0050	0.0097	0.0097	0.7998	9.6936
43.1988	0.0050	0.0097	0.0097	0.8020	9.8600
43.2088	0.0050	0.0097	0.0097	0.7998	9.6936
43.2188	0.0050	0.0097	0.0097	0.7998	9.8600
43.2288	0.0050	0.0097	0.0097	0.7953	9.7469
43.2388	0.0050	0.0097	0.0097	0.8020	9.8600
43.2487	0.0050	0.0097	0.0097	0.8020	9.6669
43.2587	0.0050	0.0097	0.0097	0.7953	9.8600
43.2687	0.0050	0.0097	0.0097	0.7953	9.7469
43.2787	0.0050	0.0097	0.0097	0.8020	9.8600
43.2887	0.0050	0.0097	0.0097	0.7998	9.6936
43.2987	0.0050	0.0097	0.0097	0.8020	9.8600
43.3087	0.0050	0.0097	0.0097	0.7976	9.7202
43.3187	0.0050	0.0097	0.0097	0.7976	9.8600
43.3287	0.0050	0.0097	0.0097	0.7998	9.6936
43.3387	0.0050	0.0097	0.0097	0.7953	9.8600
43.3487	0.0050	0.0097	0.0097	0.7953	9.7469
43.3587	0.0050	0.0097	0.0097	0.8020	9.8600
43.3687	0.0050	0.0097	0.0097	0.7998	9.6936
43.3787	0.0050	0.0097	0.0097	0.7998	9.8600
43.3887	0.0050	0.0097	0.0097	0.7953	9.7469
43.3987	0.0050	0.0097	0.0097	0.8020	9.8600
43.4087	0.0050	0.0097	0.0097	0.7998	9.6936
43.4187	0.0050	0.0097	0.0097	0.7976	9.8600
43.4287	0.0050	0.0097	0.0097	0.7953	9.7469
43.4387	0.0050	0.0097	0.0097	0.8020	9.8600
43.4487	0.0050	0.0097	0.0097	0.7998	9.6936
43.4587	0.0050	0.0097	0.0097	0.7998	9.8600
43.4687	0.0050	0.0097	0.0097	0.7953	9.7469
43.4787	0.0050	0.0097	0.0097	0.7998	9.8600
43.4887	0.0050	0.0097	0.0097	0.7998	9.6936
43.4987	0.0050	0.0097	0.0097	0.7998	9.8600
43.5087	0.0050	0.0097	0.0097	0.7953	9.7469
43.5187	0.0050	0.0097	0.0097	0.7998	9.8600
43.5287	0.0050	0.0097	0.0097	0.8020	9.6669
43.5387	0.0050	0.0097	0.0097	0.7998	9.8600
43.5487	0.0050	0.0097	0.0097	0.7953	9.7469
43.5587	0.0050	0.0097	0.0097	0.7998	9.8600
43.5687	0.0050	0.0097	0.0097	0.7998	9.6936
43.5787	0.0050	0.0097	0.0097	0.7953	9.8600
43.5887	0.0050	0.0097	0.0097	0.7953	9.7469
43.5987	0.0050	0.0097	0.0097	0.7998	9.8600
43.6087	0.0050	0.0097	0.0097	0.7998	9.6936
43.6187	0.0050	0.0097	0.0097	0.7976	9.8600
43.6287	0.0050	0.0097	0.0097	0.7953	9.7469
43.6387	0.0050	0.0097	0.0097	0.8020	9.8600
43.6487	0.0050	0.0097	0.0097	0.7998	9.6936
43.6587	0.0050	0.0097	0.0097	0.7976	9.8600
43.6687	0.0050	0.0097	0.0097	0.7931	9.7735
43.6787	0.0050	0.0097	0.0097	0.8020	9.8600
43.6887	0.0050	0.0097	0.0097	0.7998	9.6936
43.6987	0.0050	0.0097	0.0097	0.8020	9.8600
43.7087	0.0050	0.0097	0.0097	0.7976	9.7202
43.7187	0.0050	0.0097	0.0097	0.7953	9.8600
43.7287	0.0050	0.0097	0.0097	0.8020	9.6669
43.7387	0.0050	0.0097	0.0097	0.7953	9.8600
43.7487	0.0050	0.0097	0.0097	0.7953	9.7469
43.7587	0.0050	0.0097	0.0097	0.8020	9.8600
43.7687	0.0050	0.0097	0.0097	0.7998	9.6936
43.7787	0.0050	0.0097	0.0097	0.7998	9.8600
43.7887	0.0050	0.0097	0.0097	0.7976	9.7202
43.7987	0.0050	0.0097	0.0097	0.7976	9.8600
43.8087	0.0050	0.0097	0.0097	0.7998	9.6936
43.8187	0.0050	0.0097	0.0097	0.7953	9.8600
43.8287	0.0050	0.0097	0.0097	0.7953	9.7469
43.8386	0.0050	0.0097	0.0097	0.8020	9.8600
43.8486	0.0050	0.0097	0.0097	0.7998	9.6936
43.8586	0.0050	0.0097	0.0097	0.7998	9.8600
43.8686	0.0050	0.0097	0.0097	0.7953	9.7469
43.8786	0.0050	0.0097	0.0097	0.7998	9.8600
43.8886	0.0050	0.0097	0.0097	0.7998	9.6936
43.8986	0.0050	0.0097	0.0097	0.7953	9.8600
43.9086	0.0050	0.0097	0.0097	0.7953	9.7469
43.9186	0.0050	0.0097	0.0097	0.7998	9.8600
43.9286	0.0050	0.0097	0.0097	0.7998	9.6936
43.9386	0.0050	0.0097	0.0097	0.8020	9.8600
43.9486	0.0050	0.0097	0.0097	0.7998	9.6936
43.9586	0.0050	0.0097	0.0097	0.7953	9.8600
43.9686	0.0050	0.0097	0.0097	0.8020	9.6669
43.9786	0.0050	0.0097	0.0097	0.7953	9.8600
43.9886	0.0050	0.0097	0.0097	0.7976	9.7202
43.9986	0.0050	0.0096	0.0096	0.7953	9.8600
44.0086	0.0050	0.0097	0.0097	0.8020	9.6669
44.0186	0.0050	0.0097	0.0097	0.7976	9.8600
44.0286	0.0050	0.0097	0.0097	0.7953	9.7469
44.0386	0.0050	0.0097	0.0097	0.8020	9.8600
44.0486	0.0050	0.0096	0.0096	0.7998	9.6936
44.0586	0.0050	0.0097	0.0097	0.7998	9.8600
44.0686	0.0050	0.0097	0.0097	0.8020	9.6669
44.0786	0.0050	0.0097	0.0097	0.7976	9.8600
44.0886	0.0050	0.0097	0.0097	0.7953	9.7469
44.0986	0.0050	0.0097	0.0097	0.7998	9.8600
44.1086	0.0050	0.0097	0.0097	0.7998	9.6936
44.1186	0.0050	0.0097	0.0097	0.7953	9.8600
44.1286	0.0050	0.0097	0.0097	0.8020	9.6669
44.1386	0.0050	0.0097	0.0097	0.7998	9.8600
44.1486	0.0050	0.0097	0.0097	0.7953	9.7469
44.1586	0.0050	0.0097	0.0097	0.8020	9.8600
44.1686	0.0050	0.0097	0.0097	0.7998	9.6936
44.1786	0.0050	0.0096	0.0096	0.7953	9.8600
44.1886	0.0050	0.0097	0.0097	0.7953	9.7469
44.1986	0.0050	0.0097	0.0097	0.8020	9.8600
44.2086	0.0050	0.0097	0.0097	0.8020	9.6669
44.2186	0.0050	0.0097	0.0097	0.8020	9.8600
44.2286	0.0050	0.0097	0.0097	0.7998	9.6936
44.2386	0.0050	0.0097	0.0097	0.7953	9.8600
44.2486	0.0050	0.0097	0.0097	0.7953	9.7469
44.2586	0.0050	0.0097	0.0097	0.7998	9.8600
44.2686	0.0050	0.0097	0.0097	0.7998	9.6936
44.2786	0.0050	0.0097	0.0097	0.7998	9.8600
44.2886	0.0050	0.0097	0.0097	0.8020	9.6669
44.2986	0.0050	0.0097	0.0097	0.7953	9.8600
44.3086	0.0050	0.0097	0.0097	0.7998	9.6936
44.3186	0.0050	0.0097	0.0097	0.7953	9.8600
44.3286	0.0050	0.0097	0.0097	0.7953	9.7469
44.3386	0.0050	0.0097	0.0097	0.8020	9.8600
44.3486	0.0050	0.0097	0.0097	0.7998	9.6936
44.3586	0.0050	0.0097	0.0097	0.7998	9.8600
44.3686	0.0050	0.0097	0.0097	0.7953	9.7469
44.3786	0.0050	0.0097	0.0097	0.8020	9.8600
44.3886	0.0050	0.0097	0.0097	0.8020	9.6669
44.3986	0.0050	0.0097	0.0097	0.7998	9.8600
44.4086	0.0050	0.0097	0.0097	0.7953	9.7469
44.4186	0.0050	0.0097	0.0097	0.8020	9.8600
44.4286	0.0050	0.0097	0.0097	0.7998	9.6936
44.4385	0.0050	0.0097	0.0097	0.7953	9.8600
44.4485	0.0050	0.0097	0.0097	0.7953	9.7469
44.4585	0.0050	0.0097	0.0097	0.8020	9.8600
44.4685	0.0050	0.0097	0.0097	0.7998	9.6936
44.4785	0.0050	0.0097	0.0097	0.7998	9.8600
44.4885	0.0050	0.0097	0.0097	0.7953	9.7469
44.4985	0.0050	0.0097	0.0097	0.8020	9.8600
44.5085	0.0050	0.0097	0.0097	0.7998	9.6936
44.5185	0.0050	0.0097	0.0097	0.7953	9.8600
44.5285	0.0050	0.0097	0.0097	0.7953	9.7469
44.5385	0.0050	0.0097	0.0097	0.7998	9.8600
44.5485	0.0050	0.0097	0.0097	0.7998	9.6936
44.5585	0.0050	0.0097	0.0097	0.7976	9.8600
44.5685	0.0050	0.0097	0.0097	0.7953	9.7469
44.5785	0.0050	0.0097	0.0097	0.7998	9.8600
44.5885	0.0050	0.0097	0.0097	0.7998	9.6936
44.5985	0.0050	0.0097	0.0097	0.7976	9.8600
44.6085	0.0050	0.0097	0.0097	0.7976	9.7202
44.6185	0.0050	0.0097	0.0097	0.7976	9.8600
44.6285	0.0050	0.0097	0.0097	0.7998	9.6936
44.6385	0.0050	0.0097	0.0097	0.7953	9.8600
44.6485	0.0050	0.0097	0.0097	0.7953	9.7469
44.6585	0.0050	0.0097	0.0097	0.8020	9.8600
44.6685	0.0050	0.0097	0.0097	0.8020	9.6669
44.6785	0.0050	0.0097	0.0097	0.7998	9.8600
44.6885	0.0050	0.0097	0.0097	0.8020	9.6669
44.6985	0.0050	0.0097	0.0097	0.7953	9.8600
44.7085	0.0050	0.0097	0.0097	0.7953	9.7469
44.7185	0.0050	0.0097	0.0097	0.8020	9.8600
44.7285	0.0050	0.0097	0.0097	0.7998	9.6936
44.7385	0.0050	0.0097	0.0097	0.7998	9.8600
44.7485	0.0050	0.0097	0.0097	0.7953	9.7469
44.7585	0.0050	0.0097	0.0097	0.7998	9.8600
44.7685	0.0050	0.0097	0.0097	0.7998	9.6936
44.7785	0.0050	0.0097	0.0097	0.7953	9.8600
44.7885	0.0050	0.0097	0.0097	0.7976	9.7202
44.7985	0.0050	0.0097	0.0097	0.7998	9.8600
44.8085	0.0050	0.0097	0.0097	0.7998	9.6936
44.8185	0.0050	0.0097	0.0097	0.7976	9.8600
44.8285	0.0050	0.0097	0.0097	0.7998	9.6936
44.8385	0.0050	0.0097	0.0097	0.7953	9.8600
44.8485	0.0050	0.0097	0.0097	0.7953	9.7469
44.8585	0.0050	0.0097	0.0097	0.8020	9.8600
44.8685	0.0050	0.0097	0.0097	0.7998	9.6936
44.8785	0.0050	0.0097	0.0097	0.7998	9.8600
44.8885	0.0050	0.0097	0.0097	0.7953	9.7469
44.8985	0.0050	0.0097	0.0097	0.8020	9.8600
44.9085	0.0050	0.0097	0.0097	0.8020	9.6669
44.9185	0.0050	0.0097	0.0097	0.7976	9.8600
44.9285	0.0050	0.0097	0.0097	0.7953	9.7469
44.9385	0.0050	0.0097	0.0097	0.7998	9.8600
44.9485	0.0050	0.0097	0.0097	0.8042	9.6402
44.9585	0.0050	0.0097	0.0097	0.7953	9.8600
44.9685	0.0050	0.0097	0.0097	0.7976	9.7202
44.9785	0.0050	0.0097	0.0097	0.7998	9.8600
44.9885	0.0050	0.0097	0.0097	0.7998	9.6936
44.9985	0.0050	0.0097	0.0097	0.7953	9.8600
45.0085	0.0050	0.0097	0.0097	0.7953	9.7469
45.0185	0.0050	0.0097	0.0097	0.7998	9.8600
45.0285	0.0050	0.0097	0.0097	0.7998	9.6936
45.0384	0.0050	0.0097	0.0097	0.7953	9.8600
45.0484	0.0050	0.0097	0.0097	0.8020	9.6669
45.0584	0.0050	0.0097	0.0097	0.7953	9.8600
45.0684	0.0050	0.0097	0.0097	0.7931	9.7735
45.0784	0.0050	0.0097	0.0097	0.8020	9.8600
45.0884	0.0050	0.0097	0.0097	0.7998	9.6936
45.0984	0.0050	0.0097	0.0097	0.7976	9.8600
45.1084	0.0050	0.0097	0.0097	0.8020	9.6669
45.1184	0.0050	0.0097	0.0097	0.7976	9.8600
45.1284	0.0050	0.0097	0.0097	0.7953	9.7469
45.1384	0.0050	0.0097	0.0097	0.7998	9.8600
45.1484	0.0050	0.0097	0.0097	0.7998	9.6936
45.1584	0.0050	0.0097	0.0097	0.7976	9.8600
45.1684	0.0050	0.0097	0.0097	0.7953	9.7469
45.1784	0.0050	0.0097	0.0097	0.8020	9.8600
45.1884	0.0050	0.0097	0.0097	0.8020	9.6669
45.1984	0.0050	0.0097	0.0097	0.7998	9.8600
45.2084	0.0050	0.0097	0.0097	0.7953	9.7469
45.2184	0.0050	0.0097	0.0097	0.7998	9.8600
45.2284	0.0050	0.0097	0.0097	0.7998	9.6936
45.2384	0.0050	0.0097	0.0097	0.7998	9.8600
45.2484	0.0050	0.0097	0.0097	0.8020	9.6669
45.2584	0.0050	0.0097	0.0097	0.7976	9.8600
45.2684	0.0050	0.0097	0.0097	0.7953	9.7469
45.2784	0.0050	0.0097	0.0097	0.8020	9.8600
45.2884	0.0050	0.0097	0.0097	0.7998	9.6936
45.2984	0.0050	0.0097	0.0097	0.7953	9.8600
45.3084	0.0050	0.0097	0.0097	0.7953	9.7469
45.3184	0.0050	0.0097	0.0097	0.8020	9.8600
45.3284	0.0050	0.0097	0.0097	0.7998	9.6936
45.3384	0.0050	0.0097	0.0097	0.7976	9.8600
45.3484	0.0050	0.0097	0.0097	0.7953	9.7469
45.3584	0.0050	0.0097	0.0097	0.7998	9.8600
45.3684	0.0050	0.0097	0.0097	0.7998	9.6936
45.3784	0.0050	0.0097	0.0097	0.7976	9.8600
45.3884	0.0050	0.0097	0.0097	0.7998	9.6936
45.3984	0.0050	0.0097	0.0097	0.7976	9.8600
45.4084	0.0050	0.0097	0.0097	0.7953	9.7469
45.4184	0.0050	0.0097	0.0097	0.7998	9.8600
45.4284	0.0050	0.0097	0.0097	0.7998	9.6936
45.4384	0.0050	0.0097	0.0097	0.7953	9.8600
45.4484	0.0050	0.0097	0.0097	0.7953	9.7469
45.4584	0.0050	0.0097	0.0097	0.7976	9.8600
45.4684	0.0050	0.0097	0.0097	0.8020	9.6669
45.4784	0.0050	0.0097	0.0097	0.8020	9.8600
45.4884	0.0050	0.0097	0.0097	0.8020	9.6669
45.4984	0.0050	0.0097	0.0097	0.7953	9.8600
45.5084	0.0050	0.0097	0.0097	0.7953	9.7469
45.5184	0.0050	0.0097	0.0097	0.7998	9.8600
45.5284	0.0050	0.0097	0.0097	0.7998	9.6936
45.5384	0.0050	0.0097	0.0097	0.7976	9.8600
45.5484	0.0050	0.0097	0.0097	0.7976	9.7202
45.5584	0.0050	0.0097	0.0097	0.7976	9.8600
45.5684	0.0050	0.0097	0.0097	0.7998	9.6936
45.5784	0.0050	0.0097	0.0097	0.7976	9.8600
45.5884	0.0050	0.0097	0.0097	0.7953	9.7469
45.5984	0.0050	0.0097	0.0097	0.7998	9.8600
45.6084	0.0050	0.0097	0.0097	0.7998	9.6936
45.6184	0.0050	0.0097	0.0097	0.7953	9.8600
45.6283	0.0050	0.0097	0.0097	0.7953	9.7469
45.6383	0.0050	0.0097	0.0097	0.8020	9.8600
45.6483	0.0050	0.0097	0.0097	0.7998	9.6936
45.6583	0.0050	0.0097	0.0097	0.7953	9.8600
45.6683	0.0050	0.0097	0.0097	0.7953	9.7469
45.6783	0.0050	0.0097	0.0097	0.7998	9.8600
45.6883	0.0050	0.0097	0.0097	0.7998	9.6936
45.6983	0.0050	0.0097	0.0097	0.7998	9.8600
45.7083	0.0050	0.0097	0.0097	0.7998	9.6936
45.7183	0.0050	0.0096	0.0096	0.7976	9.8600
45.7283	0.0050	0.0097	0.0097	0.7953	9.7469
45.7383	0.0050	0.0097	0.0097	0.7998	9.8600
45.7483	0.0050	0.0097	0.0097	0.7998	9.6936
45.7583	0.0050	0.0097	0.0097	0.8020	9.8600
45.7683	0.0050	0.0097	0.0097	0.7953	9.7469
45.7783	0.0050	0.0097	0.0097	0.8020	9.8600
45.7883	0.0050	0.0097	0.0097	0.7998	9.6936
45.7983	0.0050	0.0097	0.0097	0.7953	9.8600
45.8083	0.0050	0.0097	0.0097	0.8020	9.6669
45.8183	0.0050	0.0097	0.0097	0.7976	9.8600
45.8283	0.0050	0.0097	0.0097	0.7953	9.7469
45.8383	0.0050	0.0097	0.0097	0.8020	9.8600
45.8483	0.0050	0.0097	0.0097	0.7998	9.6936
45.8583	0.0050	0.0097	0.0097	0.7953	9.8600
45.8683	0.0050	0.0097	0.0097	0.7953	9.7469
45.8783	0.0050	0.0097	0.0097	0.7998	9.8600
45.8883	0.0050	0.0097	0.0097	0.7998	9.6936
45.8983	0.0050	0.0097	0.0097	0.7953	9.8600
45.9083	0.0050	0.0097	0.0097	0.7953	9.7469
45.9183	0.0050	0.0097	0.0097	0.7998	9.8600
45.9283	0.0050	0.0097	0.0097	0.7998	9.6936
45.9383	0.0050	0.0097	0.0097	0.7953	9.8600
45.9483	0.0050	0.0097	0.0097	0.7953	9.7469
45.9583	0.0050	0.0097	0.0097	0.8020	9.8600
45.9683	0.0050	0.0097	0.0097	0.7998	9.6936
45.9783	0.0050	0.0097	0.0097	0.7976	9.8600
45.9883	0.0050	0.0097	0.0097	0.7953	9.7469
45.9983	0.0050	0.0097	0.0097	0.7998	9.8600
46.0083	0.0050	0.0097	0.0097	0.7998	9.6936
46.0183	0.0050	0.0097	0.0097	0.7998	9.8600
46.0283	0.0050	0.0097	0.0097	0.7953	9.7469
46.0383	0.0050	0.0097	0.0097	0.7998	9.8600
46.0483	0.0050	0.0097	0.0097	0.7998	9.6936
46.0583	0.0050	0.0097	0.0097	0.8020	9.8600
46.0683	0.0050	0.0097	0.0097	0.7953	9.7469
46.0783	0.0050	0.0097	0.0097	0.8020	9.8600
46.0883	0.0050	0.0097	0.0097	0.7998	9.6936
46.0983	0.0050	0.0097	0.0097	0.7976	9.8600
46.1083	0.0050	0.0097	0.0097	0.7953	9.7469
46.1183	0.0050	0.0097	0.0097	0.7998	9.8600
46.1283	0.0050	0.0097	0.0097	0.7998	9.6936
46.1383	0.0050	0.0097	0.0097	0.7953	9.8600
46.1483	0.0050	0.0097	0.0097	0.7953	9.7469
46.1583	0.0050	0.0097	0.0097	0.8020	9.8600
46.1683	0.0050	0.0097	0.0097	0.7998	9.6936
46.1783	0.0050	0.0097	0.0097	0.7976	9.8600
46.1883	0.0050	0.0097	0.0097	0.7998	9.6936
46.1983	0.0050	0.0097	0.0097	0.7976	9.8600
46.2083	0.0050	0.0097	0.0097	0.7953	9.7469
46.2183	0.0050	0.0097	0.0097	0.8020	9.8600
46.2282	0.0050	0.0097	0.0097	0.7998	9.6936
46.2382	0.0050	0.0097	0.0097	0.7953	9.8600
46.2482	0.0050	0.0097	0.0097	0.7953	9.7469
46.2582	0.0050	0.0097	0.0097	0.7998	9.8600
46.2682	0.0050	0.0097	0.0097	0.7998	9.6936
46.2782	0.0050	0.0097	0.0097	0.7953	9.8600
46.2882	0.0050	0.0097	0.0097	0.8020	9.6669
46.2982	0.0050	0.0097	0.0097	0.7953	9.8600
46.3082	0.0050	0.0097	0.0097	0.7953	9.7469
46.3182	0.0050	0.0097	0.0097	0.7998	9.8600
46.3282	0.0050	0.0097	0.0097	0.7998	9.6936
46.3382	0.0050	0.0097	0.0097	0.7998	9.8600
46.3482	0.0050	0.0097	0.0097	0.7953	9.7469
46.3582	0.0050	0.0097	0.0097	0.8020	9.8600
46.3682	0.0050	0.0097	0.0097	0.7998	9.6936
46.3782	0.0050	0.0097	0.0097	0.7976	9.8600
46.3882	0.0050	0.0097	0.0097	0.7953	9.7469
46.3982	0.0050	0.0097	0.0097	0.8020	9.8600
46.4082	0.0050	0.0097	0.0097	0.7998	9.6936
46.4182	0.0050	0.0097	0.0097	0.7953	9.8600
46.4282	0.0050	0.0097	0.0097	0.7953	9.7469
46.4382	0.0050	0.0097	0.0097	0.8020	9.8600
46.4482	0.0050	0.0097	0.0097	0.7998	9.6936
46.4582	0.0050	0.0097	0.0097	0.7953	9.8600
46.4682	0.0050	0.0097	0.0097	0.7953	9.7469
46.4782	0.0050	0.0097	0.0097	0.8020	9.8600
46.4882	0.0050	0.0097	0.0097	0.7998	9.6936
46.4982	0.0050	0.0097	0.0097	0.8020	9.8600
46.5082	0.0050	0.0097	0.0097	0.7953	9.7469
46.5182	0.0050	0.0097	0.0097	0.8020	9.8600
46.5282	0.0050	0.0097	0.0097	0.7998	9.6936
46.5382	0.0050	0.0096	0.0096	0.7998	9.8600
46.5482	0.0050	0.0097	0.0097	0.7953	9.7469
46.5582	0.0050	0.0097	0.0097	0.7998	9.8600
46.5682	0.0050	0.0097	0.0097	0.7998	9.6936
46.5782	0.0050	0.0097	0.0097	0.7953	9.8600
46.5882	0.0050	0.0097	0.0097	0.7953	9.7469
46.5982	0.0050	0.0097	0.0097	0.8020	9.8600
46.6082	0.0050	0.0097	0.0097	0.7998	9.6936
46.6182	0.0050	0.0097	0.0097	0.7976	9.8600
46.6282	0.0050	0.0097	0.0097	0.7998	9.6936
46.6382	0.0050	0.0097	0.0097	0.7953	9.8600
46.6482	0.0050	0.0097	0.0097	0.7953	9.7469
46.6582	0.0050	0.0097	0.0097	0.7998	9.8600
46.6682	0.0050	0.0097	0.0097	0.7998	9.6936
46.6782	0.0050	0.0097	0.0097	0.7953	9.8600
46.6882	0.0050	0.0097	0.0097	0.7953	9.7469
46.6982	0.0050	0.0097	0.0097	0.8020	9.8600
46.7082	0.0050	0.0097	0.0097	0.7998	9.6936
46.7182	0.0050	0.0097	0.0097	0.7953	9.8600
46.7282	0.0050	0.0097	0.0097	0.7976	9.7202
46.7382	0.0050	0.0097	0.0097	0.7953	9.8600
46.7482	0.0050	0.0097	0.0097	0.7976	9.7202
46.7582	0.0050	0.0097	0.0097	0.7998	9.8600
46.7682	0.0050	0.0097	0.0097	0.7998	9.6936
46.7782	0.0050	0.0096	0.0096	0.7953	9.8600
46.7882	0.0050	0.0097	0.0097	0.7953	9.7469
46.7982	0.0050	0.0097	0.0097	0.8020	9.8600
46.8082	0.0050	0.0097	0.0097	0.7998	9.6936
46.8181	0.0050	0.0097	0.0097	0.7953	9.8600
46.8281	0.0050	0.0097	0.0097	0.7953	9.7469
46.8381	0.0050	0.0097	0.0097	0.7998	9.8600
46.8481	0.0050	0.0097	0.0097	0.7998	9.6936
46.8581	0.0050	0.0097	0.0097	0.8020	9.8600
46.8681	0.0050	0.0097	0.0097	0.7953	9.7469
46.8781	0.0050	0.0097	0.0097	0.7998	9.8600
46.8881	0.0050	0.0097	0.0097	0.7998	9.6936
46.8981	0.0050	0.0097	0.0097	0.7953	9.8600
46.9081	0.0050	0.0097	0.0097	0.7953	9.7469
46.9181	0.0050	0.0097	0.0097	0.7998	9.8600
46.9281	0.0050	0.0097	0.0097	0.8020	9.6669
46.9381	0.0050	0.0097	0.0097	0.7953	9.8600
46.9481	0.0050	0.0097	0.0097	0.7953	9.7469
46.9581	0.0050	0.0097	0.0097	0.7998	9.8600
46.9681	0.0050	0.0097	0.0097	0.7998	9.6936
46.9781	0.0050	0.0097	0.0097	0.8020	9.8600
46.9881	0.0050	0.0097	0.0097	0.7953	9.7469
46.9981	0.0050	0.0097	0.0097	0.7998	9.8600
47.0081	0.0050	0.0097	0.0097	0.7998	9.6936
47.0181	0.0050	0.0097	0.0097	0.7976	9.8600
47.0281	0.0050	0.0097	0.0097	0.7953	9.7469
47.0381	0.0050	0.0097	0.0097	0.7998	9.8600
47.0481	0.0050	0.0097	0.0097	0.8020	9.6669
47.0581	0.0050	0.0097	0.0097	0.7998	9.8600
47.0681	0.0050	0.0097	0.0097	0.7998	9.6936
47.0781	0.0050	0.0097	0.0097	0.7976	9.8600
47.0881	0.0050	0.0097	0.0097	0.7953	9.7469
47.0981	0.0050	0.0097	0.0097	0.8020	9.8600
47.1081	0.0050	0.0097	0.0097	0.7998	9.6936
47.1181	0.0050	0.0097	0.0097	0.7953	9.8600
47.1281	0.0050	0.0097	0.0097	0.7953	9.7469
47.1381	0.0050	0.0097	0.0097	0.7998	9.8600
47.1481	0.0050	0.0097	0.0097	0.7998	9.6936
47.1581	0.0050	0.0097	0.0097	0.7953	9.8600
47.1681	0.0050	0.0097	0.0097	0.7953	9.7469
47.1781	0.0050	0.0097	0.0097	0.7998	9.8600
47.1881	0.0050	0.0097	0.0097	0.7998	9.6936
47.1981	0.0050	0.0097	0.0097	0.7953	9.8600
47.2081	0.0050	0.0097	0.0097	0.7953	9.7469
47.2181	0.0050	0.0097	0.0097	0.7998	9.8600
47.2281	0.0050	0.0097	0.0097	0.7998	9.6936
47.2381	0.0050	0.0097	0.0097	0.7976	9.8600
47.2481	0.0050	0.0097	0.0097	0.8020	9.6669
47.2581	0.0050	0.0097	0.0097	0.7976	9.8600
47.2681	0.0050	0.0097	0.0097	0.7931	9.7735
47.2781	0.0050	0.0097	0.0097	0.8020	9.8600
47.2881	0.0050	0.0097	0.0097	0.8020	9.6669
47.2981	0.0050	0.0097	0.0097	0.7953	9.8600
47.3081	0.0050	0.0097	0.0097	0.7953	9.7469
47.3181	0.0050	0.0097	0.0097	0.7998	9.8600
47.3281	0.0050	0.0097	0.0097	0.8020	9.6669
47.3381	0.0050	0.0097	0.0097	0.7953	9.8600
47.3481	0.0050	0.0097	0.0097	0.7953	9.7469
47.3581	0.0050	0.0097	0.0097	0.8020	9.8600
47.3681	0.0050	0.0097	0.0097	0.7998	9.6936
47.3781	0.0050	0.0097	0.0097	0.7976	9.8600
47.3881	0.0050	0.0097	0.0097	0.7953	9.7469
47.3981	0.0050	0.0097	0.0097	0.7998	9.8600
47.4081	0.0050	0.0097	0.0097	0.7998	9.6936
47.4180	0.0050	0.0097	0.0097	0.7998	9.8600
47.4280	0.0050	0.0097	0.0097	0.7931	9.7735
47.4380	0.0050	0.0097	0.0097	0.7998	9.8600
47.4480	0.0050	0.0097	0.0097	0.7998	9.6936
47.4580	0.0050	0.0096	0.0096	0.8020	9.8600
47.4680	0.0050	0.0097	0.0097	0.7953	9.7469
47.4780	0.0050	0.0097	0.0097	0.7998	9.8600
47.4880	0.0050	0.0097	0.0097	0.7998	9.6936
47.4980	0.0050	0.0097	0.0097	0.7953	9.8600
47.5080	0.0050	0.0097	0.0097	0.7953	9.7469
47.5180	0.0050	0.0097	0.0097	0.7998	9.8600
47.5280	0.0050	0.0097	0.0097	0.7998	9.6936
47.5380	0.0050	0.0097	0.0097	0.7953	9.8600
47.5480	0.0050	0.0097	0.0097	0.7953	9.7469
47.5580	0.0050	0.0097	0.0097	0.8020	9.8600
47.5680	0.0050	0.0097	0.0097	0.7998	9.6936
47.5780	0.0050	0.0097	0.0097	0.7953	9.8600
47.5880	0.0050	0.0097	0.0097	0.7976	9.7202
47.5980	0.0050	0.0097	0.0097	0.7953	9.8600
47.6080	0.0050	0.0097	0.0097	0.7998	9.6936
47.6180	0.0050	0.0097	0.0097	0.7998	9.8600
47.6280	0.0050	0.0097	0.0097	0.7953	9.7469
47.6380	0.0050	0.0097	0.0097	0.7998	9.8600
47.6480	0.0050	0.0097	0.0097	0.7998	9.6936
47.6580	0.0050	0.0097	0.0097	0.7953	9.8600
47.6680	0.0050	0.0097	0.0097	0.7953	9.7469
47.6780	0.0050	0.0097	0.0097	0.7998	9.8600
47.6880	0.0050	0.0097	0.0097	0.7998	9.6936
47.6980	0.0050	0.0097	0.0097	0.7953	9.8600
47.7080	0.0050	0.0097	0.0097	0.7953	9.7469
47.7180	0.0050	0.0097	0.0097	0.7998	9.8600
47.7280	0.0050	0.0097	0.0097	0.8020	9.6669
47.7380	0.0050	0.0097	0.0097	0.7953	9.8600
47.7480	0.0050	0.0097	0.0097	0.7953	9.7469
47.7580	0.0050	0.0097	0.0097	0.7998	9.8600
47.7680	0.0050	0.0097	0.0097	0.7998	9.6936
47.7780	0.0050	0.0097	0.0097	0.7953	9.8600
47.7880	0.0050	0.0097	0.0097	0.7976	9.7202
47.7980	0.0050	0.0097	0.0097	0.7953	9.8600
47.8080	0.0050	0.0097	0.0097	0.7953	9.7469
47.8180	0.0050	0.0097	0.0097	0.8020	9.8600
47.8280	0.0050	0.0097	0.0097	0.7998	9.6936
47.8380	0.0050	0.0097	0.0097	0.7953	9.8600
47.8480	0.0050	0.0097	0.0097	0.7953	9.7469
47.8580	0.0050	0.0097	0.0097	0.8020	9.8600
47.8680	0.0050	0.0097	0.0097	0.8020	9.6669
47.8780	0.0050	0.0097	0.0097	0.7953	9.8600
47.8880	0.0050	0.0097	0.0097	0.7953	9.7469
47.8980	0.0050	0.0097	0.0097	0.7998	9.8600
47.9080	0.0050	0.0097	0.0097	0.7998	9.6936
47.9180	0.0050	0.0097	0.0097	0.7976	9.8600
47.9280	0.0050	0.0097	0.0097	0.7953	9.7469
47.9380	0.0050	0.0097	0.0097	0.7998	9.8600
47.9480	0.0050	0.0097	0.0097	0.8020	9.6669
47.9580	0.0050	0.0097	0.0097	0.8020	9.8600
47.9680	0.0050	0.0097	0.0097	0.7953	9.7469
47.9780	0.0050	0.0097	0.0097	0.8020	9.8600
47.9880	0.0050	0.0097	0.0097	0.7998	9.6936
47.9980	0.0050	0.0097	0.0097	0.7953	9.8600
48.0079	0.0050	0.0097	0.0097	0.7976	9.7202
48.0179	0.0050	0.0097	0.0097	0.7998	9.8600
48.0279	0.0050	0.0097	0.0097	0.7953	9.7469
48.0379	0.0050	0.0097	0.0097	0.8020	9.8600
48.0479	0.0050	0.0097	0.0097	0.7998	9.6936
48.0579	0.0050	0.0097	0.0097	0.8020	9.8600
48.0679	0.0050	0.0097	0.0097	0.7953	9.7469
48.0779	0.0050	0.0097	0.0097	0.7998	9.8600
48.0879	0.0050	0.0097	0.0097	0.7998	9.6936
48.0979	0.0050	0.0097	0.0097	0.7953	9.8600
48.1079	0.0050	0.0097	0.0097	0.7998	9.6936
48.1179	0.0050	0.0097	0.0097	0.7976	9.8600
48.1279	0.0050	0.0097	0.0097	0.7976	9.7202
48.1379	0.0050	0.0097	0.0097	0.7953	9.8600
48.1479	0.0050	0.0097	0.0097	0.7953	9.7469
48.1579	0.0050	0.0097	0.0097	0.8020	9.8600
48.1679	0.0050	0.0097	0.0097	0.7998	9.6936
48.1779	0.0050	0.0097	0.0097	0.8020	9.8600
48.1879	0.0050	0.0097	0.0097	0.7953	9.7469
48.1979	0.0050	0.0097	0.0097	0.7976	9.8600
48.2079	0.0050	0.0097	0.0097	0.8020	9.6669
48.2179	0.0050	0.0097	0.0097	0.7998	9.8600
48.2279	0.0050	0.0097	0.0097	0.7953	9.7469
48.2379	0.0050	0.0097	0.0097	0.7998	9.8600
48.2479	0.0050	0.0097	0.0097	0.7998	9.6936
48.2579	0.0050	0.0097	0.0097	0.7998	9.8600
48.2679	0.0050	0.0097	0.0097	0.7953	9.7469
48.2779	0.0050	0.0097	0.0097	0.8020	9.8600
48.2879	0.0050	0.0097	0.0097	0.8020	9.6669
48.2979	0.0050	0.0097	0.0097	0.7953	9.8600
48.3079	0.0050	0.0097	0.0097	0.7953	9.7469
48.3179	0.0050	0.0097	0.0097	0.7976	9.8600
48.3279	0.0050	0.0097	0.0097	0.8020	9.6669
48.3379	0.0050	0.0097	0.0097	0.7953	9.8600
48.3479	0.0050	0.0097	0.0097	0.7931	9.7735
48.3579	0.0050	0.0097	0.0097	0.7998	9.8600
48.3679	0.0050	0.0097	0.0097	0.7998	9.6936
48.3779	0.0050	0.0097	0.0097	0.7953	9.8600
48.3879	0.0050	0.0097	0.0097	0.7953	9.7469
48.3979	0.0050	0.0097	0.0097	0.7998	9.8600
48.4079	0.0050	0.0097	0.0097	0.7998	9.6936
48.4179	0.0050	0.0097	0.0097	0.7953	9.8600
48.4279	0.0050	0.0097	0.0097	0.7953	9.7469
48.4379	0.0050	0.0097	0.0097	0.8020	9.8600
48.4479	0.0050	0.0097	0.0097	0.7998	9.6936
48.4579	0.0050	0.0097	0.0097	0.8020	9.8600
48.4679	0.0050	0.0097	0.0097	0.7953	9.7469
48.4779	0.0050	0.0097	0.0097	0.7998	9.8600
48.4879	0.0050	0.0097	0.0097	0.7998	9.6936
48.4979	0.0050	0.0097	0.0097	0.7953	9.8600
48.5079	0.0050	0.0097	0.0097	0.7953	9.7469
48.5179	0.0050	0.0097	0.0097	0.7998	9.8600
48.5279	0.0050	0.0097	0.0097	0.7998	9.6936
48.5379	0.0050	0.0097	0.0097	0.7953	9.8600
48.5479	0.0050	0.0097	0.0097	0.7953	9.7469
48.5579	0.0050	0.0097	0.0097	0.7998	9.8600
48.5679	0.0050	0.0097	0.0097	0.8020	9.6669
48.5779	0.0050	0.0097	0.0097	0.7953	9.8600
48.5879	0.0050	0.0097	0.0097	0.7953	9.7469
48.5979	0.0050	0.0097	0.0097	0.8020	9.8600
48.6078	0.0050	0.0097	0.0097	0.8042	9.6402
48.6178	0.0050	0.0097	0.0097	0.7976	9.8600
48.6278	0.0050	0.0097	0.0097	0.7976	9.7202
48.6378	0.0050	0.0097	0.0097	0.7953	9.8600
48.6478	0.0050	0.0097	0.0097	0.7953	9.7469
48.6578	0.0050	0.0097	0.0097	0.7998	9.8600
48.6678	0.0050	0.0097	0.0097	0.7998	9.6936
48.6778	0.0050	0.0097	0.0097	0.7998	9.8600
48.6878	0.0050	0.0097	0.0097	0.7953	9.7469
48.6978	0.0050	0.0097	0.0097	0.7998	9.8600
48.7078	0.0050	0.0097	0.0097	0.7998	9.6936
48.7178	0.0050	0.0097	0.0097	0.8020	9.8600
48.7278	0.0050	0.0097	0.0097	0.7976	9.7202
48.7378	0.0050	0.0097	0.0097	0.7998	9.8600
48.7478	0.0050	0.0097	0.0097	0.7998	9.6936
48.7578	0.0050	0.0097	0.0097	0.8020	9.8600
48.7678	0.0050	0.0097	0.0097	0.7953	9.7469
48.7778	0.0050	0.0097	0.0097	0.7998	9.8600
48.7878	0.0050	0.0097	0.0097	0.7998	9.6936
48.7978	0.0050	0.0097	0.0097	0.7953	9.8600
48.8078	0.0050	0.0097	0.0097	0.7953	9.7469
48.8178	0.0050	0.0097	0.0097	0.7998	9.8600
48.8278	0.0050	0.0097	0.0097	0.8020	9.6669
48.8378	0.0050	0.0097	0.0097	0.7953	9.8600
48.8478	0.0050	0.0097	0.0097	0.7953	9.7469
48.8578	0.0050	0.0097	0.0097	0.7998	9.8600
48.8678	0.0050	0.0097	0.0097	0.8020	9.6669
48.8778	0.0050	0.0097	0.0097	0.7953	9.8600
48.8878	0.0050	0.0097	0.0097	0.7953	9.7469
48.8978	0.0050	0.0097	0.0097	0.7998	9.8600
48.9078	0.0050	0.0097	0.0097	0.8020	9.6669
48.9178	0.0050	0.0097	0.0097	0.7953	9.8600
48.9278	0.0050	0.0097	0.0097	0.7953	9.7469
48.9378	0.0050	0.0097	0.0097	0.7998	9.8600
48.9478	0.0050	0.0097	0.0097	0.8020	9.6669
48.9578	0.0050	0.0097	0.0097	0.7953	9.8600
48.9678	0.0050	0.0097	0.0097	0.7953	9.7469
48.9778	0.0050	0.0097	0.0097	0.7998	9.8600
48.9878	0.0050	0.0097	0.0097	0.8020	9.6669
48.9978	0.0050	0.0097	0.0097	0.7953	9.8600
49.0078	0.0050	0.0097	0.0097	0.7953	9.7469
49.0178	0.0050	0.0097	0.0097	0.7998	9.8600
49.0278	0.0050	0.0097	0.0097	0.7998	9.6936
49.0378	0.0050	0.0097	0.0097	0.8020	9.8600
49.0478	0.0050	0.0097	0.0097	0.7976	9.7202
49.0578	0.0050	0.0097	0.0097	0.7976	9.8600
49.0678	0.0050	0.0097	0.0097	0.7953	9.7469
49.0778	0.0050	0.0097	0.0097	0.7998	9.8600
49.0878	0.0050	0.0097	0.0097	0.7998	9.6936
49.0978	0.0050	0.0097	0.0097	0.7953	9.8600
49.1078	0.0050	0.0097	0.0097	0.7998	9.6936
49.1178	0.0050	0.0097	0.0097	0.7998	9.8600
49.1278	0.0050	0.0097	0.0097	0.7998	9.6936
49.1378	0.0050	0.0096	0.0096	0.7976	9.8600
49.1478	0.0050	0.0097	0.0097	0.7998	9.6936
49.1578	0.0050	0.0097	0.0097	0.7976	9.8600
49.1678	0.0050	0.0097	0.0097	0.7976	9.7202
49.1778	0.0050	0.0097	0.0097	0.7998	9.8600
49.1878	0.0050	0.0097	0.0097	0.7976	9.7202
49.1978	0.0050	0.0097	0.0097	0.7998	9.8600
49.2077	0.0050	0.0097	0.0097	0.7998	9.6936
49.2177	0.0050	0.0097	0.0097	0.7953	9.8600
49.2277	0.0050	0.0097	0.0097	0.7953	9.7469
49.2377	0.0050	0.0097	0.0097	0.7998	9.8600
49.2477	0.0050	0.0097	0.0097	0.8020	9.6669
49.2577	0.0050	0.0097	0.0097	0.8020	9.8600
49.2677	0.0050	0.0097	0.0097	0.7953	9.7469
49.2777	0.0050	0.0097	0.0097	0.7976	9.8600
49.2877	0.0050	0.0097	0.0097	0.7998	9.6936
49.2977	0.0050	0.0097	0.0097	0.7953	9.8600
49.3077	0.0050	0.0097	0.0097	0.7953	9.7469
49.3177	0.0050	0.0097	0.0097	0.8020	9.8600
49.3277	0.0050	0.0097	0.0097	0.8020	9.6669
49.3377	0.0050	0.0097	0.0097	0.7953	9.8600
49.3477	0.0050	0.0097	0.0097	0.7976	9.7202
49.3577	0.0050	0.0097	0.0097	0.7976	9.8600
49.3677	0.0050	0.0097	0.0097	0.7998	9.6936
49.3777	0.0050	0.0097	0.0097	0.7953	9.8600
49.3877	0.0050	0.0097	0.0097	0.7953	9.7469
49.3977	0.0050	0.0097	0.0097	0.7998	9.8600
49.4077	0.0050	0.0097	0.0097	0.8020	9.6669
49.4177	0.0050	0.0097	0.0097	0.7998	9.8600
49.4277	0.0050	0.0097	0.0097	0.7953	9.7469
49.4377	0.0050	0.0097	0.0097	0.7998	9.8600
49.4477	0.0050	0.0097	0.0097	0.8020	9.6669
49.4577	0.0050	0.0097	0.0097	0.8020	9.8600
49.4677	0.0050	0.0097	0.0097	0.7953	9.7469
49.4777	0.0050	0.0097	0.0097	0.7998	9.8600
49.4877	0.0050	0.0097	0.0097	0.8020	9.6669
49.4977	0.0050	0.0097	0.0097	0.7931	9.8600
49.5077	0.0050	0.0097	0.0097	0.7953	9.7469
49.5177	0.0050	0.0097	0.0097	0.7976	9.8600
49.5277	0.0050	0.0097	0.0097	0.8020	9.6669
49.5377	0.0050	0.0097	0.0097	0.7953	9.8600
49.5477	0.0050	0.0097	0.0097	0.7953	9.7469
49.5577	0.0050	0.0097	0.0097	0.7998	9.8600
49.5677	0.0050	0.0097	0.0097	0.7998	9.6936
49.5777	0.0050	0.0097	0.0097	0.7953	9.8600
49.5877	0.0050	0.0097	0.0097	0.7953	9.7469
49.5977	0.0050	0.0097	0.0097	0.7998	9.8600
49.6077	0.0050	0.0097	0.0097	0.8020	9.6669
49.6177	0.0050	0.0097	0.0097	0.7953	9.8600
49.6277	0.0050	0.0097	0.0097	0.7953	9.7469
49.6377	0.0050	0.0097	0.0097	0.8020	9.8600
49.6477	0.0050	0.0097	0.0097	0.8020	9.6669
49.6577	0.0050	0.0097	0.0097	0.7953	9.8600
49.6677	0.0050	0.0097	0.0097	0.7931	9.7735
49.6777	0.0050	0.0097	0.0097	0.7998	9.8600
49.6877	0.0050	0.0097	0.0097	0.7998	9.6936
49.6977	0.0050	0.0097	0.0097	0.7953	9.8600
49.7077	0.0050	0.0097	0.0097	0.7953	9.7469
49.7177	0.0050	0.0097	0.0097	0.7976	9.8600
49.7277	0.0050	0.0097	0.0097	0.7998	9.6936
49.7377	0.0050	0.0097	0.0097	0.7953	9.8600
49.7477	0.0050	0.0097	0.0097	0.7931	9.7735
49.7577	0.0050	0.0097	0.0097	0.7998	9.8600
49.7677	0.0050	0.0097	0.0097	0.7998	9.6936
49.7777	0.0050	0.0097	0.0097	0.7953	9.8600
49.7877	0.0050	0.0097	0.0097	0.7953	9.7469
49.7976	0.0050	0.0097	0.0097	0.7976	9.8600
49.8076	0.0050	0.0097	0.0097	0.7998	9.6936
49.8176	0.0050	0.0097	0.0097	0.7953	9.8600
49.8276	0.0050	0.0097	0.0097	0.7953	9.7469
49.8376	0.0050	0.0097	0.0097	0.8020	9.8600
49.8476	0.0050	0.0097	0.0097	0.7998	9.6936
49.8576	0.0050	0.0097	0.0097	0.7953	9.8600
49.8676	0.0050	0.0097	0.0097	0.7953	9.7469
49.8776	0.0050	0.0097	0.0097	0.7998	9.8600
49.8876	0.0050	0.0097	0.0097	0.7998	9.6936
49.8976	0.0050	0.0097	0.0097	0.8020	9.8600
49.9076	0.0050	0.0097	0.0097	0.7953	9.7469
49.9176	0.0050	0.0097	0.0097	0.7998	9.8600
49.9276	0.0050	0.0097	0.0097	0.8020	9.6669
49.9376	0.0050	0.0097	0.0097	0.7953	9.8600
49.9476	0.0050	0.0097	0.0097	0.7953	9.7469
49.9576	0.0050	0.0097	0.0097	0.7953	9.8600
49.9676	0.0050	0.0097	0.0097	0.7998	9.6936
49.9776	0.0050	0.0097	0.0097	0.8020	9.8600
49.9876	0.0050	0.0097	0.0097	0.7953	9.7469
49.9976	0.0050	0.0097	0.0097	0.8020	9.8600
50.0076	0.0050	0.0097	0.0097	0.8020	9.6669
50.0176	0.0050	0.0097	0.0097	0.7953	9.8600
50.0276	0.0050	0.0097	0.0097	0.7931	9.7735
50.0376	0.0050	0.0097	0.0097	0.7976	9.8600
50.0476	0.0050	0.0097	0.0097	0.8020	9.6669
50.0576	0.0050	0.0097	0.0097	0.7976	9.8600
50.0676	0.0050	0.0097	0.0097	0.7931	9.7735
50.0776	0.0050	0.0097	0.0097	0.7998	9.8600
50.0876	0.0050	0.0097	0.0097	0.8020	9.6669
50.0976	0.0050	0.0097	0.0097	0.7998	9.8600
50.1076	0.0050	0.0097	0.0097	0.8020	9.6669
50.1176	0.0050	0.0097	0.0097	0.7976	9.8600
50.1276	0.0050	0.0097	0.0097	0.7953	9.7469
50.1376	0.0050	0.0097	0.0097	0.7998	9.8600
50.1476	0.0050	0.0097	0.0097	0.8020	9.6669
50.1576	0.0050	0.0097	0.0097	0.7953	9.8600
50.1676	0.0050	0.0097	0.0097	0.7931	9.7735
50.1776	0.0050	0.0097	0.0097	0.7998	9.8600
50.1876	0.0050	0.0097	0.0097	0.7998	9.6936
50.1976	0.0050	0.0097	0.0097	0.8020	9.8600
50.2076	0.0050	0.0097	0.0097	0.7953	9.7469
50.2176	0.0050	0.0097	0.0097	0.7998	9.8600
50.2276	0.0050	0.0097	0.0097	0.8020	9.6669
50.2376	0.0050	0.0097	0.0097	0.7953	9.8600
50.2476	0.0050	0.0097	0.0097	0.7998	9.6936
50.2576	0.0050	0.0097	0.0097	0.7976	9.8600
50.2676	0.0050	0.0097	0.0097	0.7976	9.7202
50.2776	0.0050	0.0097	0.0097	0.7953	9.8600
50.2876	0.0050	0.0097	0.0097	0.7953	9.7469
50.2976	0.0050	0.0097	0.0097	0.7998	9.8600
50.3076	0.0050	0.0097	0.0097	0.7998	9.6936
50.3176	0.0050	0.0097	0.0097	0.7953	9.8600
50.3276	0.0050	0.0097	0.0097	0.7953	9.7469
50.3376	0.0050	0.0097	0.0097	0.7998	9.8600
50.3476	0.0050	0.0097	0.0097	0.8020	9.6669
50.3576	0.0050	0.0097	0.0097	0.7998	9.8600
50.3676	0.0050	0.0097	0.0097	0.7953	9.7469
50.3776	0.0050	0.0097	0.0097	0.7998	9.8600
50.3876	0.0050	0.0097	0.0097	0.8020	9.6669
50.3975	0.0050	0.0097	0.0097	0.7953	9.8600
50.4075	0.0050	0.0097	0.0097	0.7953	9.7469
50.4175	0.0050	0.0097	0.0097	0.7953	9.8600
50.4275	0.0050	0.0097	0.0097	0.8020	9.6669
50.4375	0.0050	0.0097	0.0097	0.7953	9.8600
50.4475	0.0050	0.0097	0.0097	0.7953	9.7469
50.4575	0.0050	0.0097	0.0097	0.7998	9.8600
50.4675	0.0050	0.0097	0.0097	0.7998	9.6936
50.4775	0.0050	0.0097	0.0097	0.7931	9.8600
50.4875	0.0050	0.0097	0.0097	0.7953	9.7469
50.4975	0.0050	0.0097	0.0097	0.7998	9.8600
50.5075	0.0050	0.0097	0.0097	0.7998	9.6936
50.5175	0.0050	0.0097	0.0097	0.7953	9.8600
50.5275	0.0050	0.0097	0.0097	0.7976	9.7202
50.5375	0.0050	0.0097	0.0097	0.7953	9.8600
50.5475	0.0050	0.0097	0.0097	0.7953	9.7469
50.5575	0.0050	0.0097	0.0097	0.7998	9.8600
50.5675	0.0050	0.0097	0.0097	0.7998	9.6936
50.5775	0.0050	0.0096	0.0096	0.7953	9.8600
50.5875	0.0050	0.0097	0.0097	0.7931	9.7735
50.5975	0.0050	0.0097	0.0097	0.8020	9.8600
50.6075	0.0050	0.0097	0.0097	0.7998	9.6936
50.6175	0.0050	0.0097	0.0097	0.7953	9.8600
50.6275	0.0050	0.0097	0.0097	0.7953	9.7469
50.6375	0.0050	0.0097	0.0097	0.8020	9.8600
50.6475	0.0050	0.0097	0.0097	0.8020	9.6669
50.6575	0.0050	0.0097	0.0097	0.7953	9.8600
50.6675	0.0050	0.0097	0.0097	0.7953	9.7469
50.6775	0.0050	0.0097	0.0097	0.7976	9.8600
50.6875	0.0050	0.0097	0.0097	0.8020	9.6669
50.6975	0.0050	0.0096	0.0096	0.7953	9.8600
50.7075	0.0050	0.0097	0.0097	0.7953	9.7469
50.7175	0.0050	0.0097	0.0097	0.7976	9.8600
50.7275	0.0050	0.0097	0.0097	0.8020	9.6669
50.7375	0.0050	0.0097	0.0097	0.7953	9.8600
50.7475	0.0050	0.0097	0.0097	0.7953	9.7469
50.7575	0.0050	0.0097	0.0097	0.7976	9.8600
50.7675	0.0050	0.0097	0.0097	0.8020	9.6669
50.7775	0.0050	0.0097	0.0097	0.7953	9.8600
50.7875	0.0050	0.0097	0.0097	0.7953	9.7469
50.7975	0.0050	0.0097	0.0097	0.8020	9.8600
50.8075	0.0050	0.0097	0.0097	0.8020	9.6669
50.8175	0.0050	0.0097	0.0097	0.7976	9.8600
50.8275	0.0050	0.0097	0.0097	0.7931	9.7735
50.8375	0.0050	0.0097	0.0097	0.7998	9.8600
50.8475	0.0050	0.0097	0.0097	0.7998	9.6936
50.8575	0.0050	0.0097	0.0097	0.7953	9.8600
50.8675	0.0050	0.0097	0.0097	0.7976	9.7202
50.8775	0.0050	0.0097	0.0097	0.7953	9.8600
50.8875	0.0050	0.0097	0.0097	0.7953	9.7469
50.8975	0.0050	0.0097	0.0097	0.7998	9.8600
50.9075	0.0050	0.0097	0.0097	0.8020	9.6669
50.9175	0.0050	0.0097	0.0097	0.7953	9.8600
50.9275	0.0050	0.0097	0.0097	0.7953	9.7469
50.9375	0.0050	0.0097	0.0097	0.7998	9.8600
50.9475	0.0050	0.0097	0.0097	0.8020	9.6669
50.9575	0.0050	0.0097	0.0097	0.7953	9.8600
50.9675	0.0050	0.0097	0.0097	0.7953	9.7469
50.9775	0.0050	0.0097	0.0097	0.8020	9.8600
50.9874	0.0050	0.0097	0.0097	0.8020	9.6669
50.9974	0.0050	0.0097	0.0097	0.7953	9.8600
51.0074	0.0050	0.0097	0.0097	0.7953	9.7469
51.0174	0.0050	0.0097	0.0097	0.7976	9.8600
51.0274	0.0050	0.0097	0.0097	0.8020	9.6669
51.0374	0.0050	0.0097	0.0097	0.7953	9.8600
51.0474	0.0050	0.0097	0.0097	0.8020	9.6669
51.0574	0.0050	0.0097	0.0097	0.7976	9.8600
51.0674	0.0050	0.0097	0.0097	0.7953	9.7469
51.0774	0.0050	0.0097	0.0097	0.7953	9.8600
51.0874	0.0050	0.0097	0.0097	0.8020	9.6669
51.0974	0.0050	0.0097	0.0097	0.7953	9.8600
51.1074	0.0050	0.0097	0.0097	0.7953	9.7469
51.1174	0.0050	0.0097	0.0097	0.7998	9.8600
51.1274	0.0050	0.0097	0.0097	0.8020	9.6669
51.1374	0.0050	0.0097	0.0097	0.8020	9.8600
51.1474	0.0050	0.0097	0.0097	0.7931	9.7735
51.1574	0.0050	0.0096	0.0096	0.7953	9.8600
51.1674	0.0050	0.0097	0.0097	0.7998	9.6936
51.1774	0.0050	0.0097	0.0097	0.8020	9.8600
51.1874	0.0050	0.0097	0.0097	0.8020	9.6669
51.1974	0.0050	0.0097	0.0097	0.7976	9.8600
51.2074	0.0050	0.0097	0.0097	0.7953	9.7469
51.2174	0.0050	0.0097	0.0097	0.7998	9.8600
51.2274	0.0050	0.0097	0.0097	0.8020	9.6669
51.2374	0.0050	0.0097	0.0097	0.7953	9.8600
51.2474	0.0050	0.0097	0.0097	0.7953	9.7469
51.2574	0.0050	0.0097	0.0097	0.7998	9.8600
51.2674	0.0050	0.0096	0.0096	0.8020	9.6669
51.2774	0.0050	0.0097	0.0097	0.7953	9.8600
51.2874	0.0050	0.0097	0.0097	0.7953	9.7469
51.2974	0.0050	0.0097	0.0097	0.7998	9.8600
51.3074	0.0050	0.0097	0.0097	0.8020	9.6669
51.3174	0.0050	0.0097	0.0097	0.7998	9.8600
51.3274	0.0050	0.0097	0.0097	0.7953	9.7469
51.3374	0.0050	0.0097	0.0097	0.7976	9.8600
51.3474	0.0050	0.0097	0.0097	0.8020	9.6669
51.3574	0.0050	0.0097	0.0097	0.7953	9.8600
51.3674	0.0050	0.0097	0.0097	0.7953	9.7469
51.3774	0.0050	0.0097	0.0097	0.7976	9.8600
51.3874	0.0050	0.0097	0.0097	0.8020	9.6669
51.3974	0.0050	0.0097	0.0097	0.7953	9.8600
51.4074	0.0050	0.0097	0.0097	0.7953	9.7469
51.4174	0.0050	0.0097	0.0097	0.7998	9.8600
51.4274	0.0050	0.0097	0.0097	0.7998	9.6936
51.4374	0.0050	0.0097	0.0097	0.7953	9.8600
51.4474	0.0050	0.0097	0.0097	0.7931	9.7735
51.4574	0.0050	0.0097	0.0097	0.7953	9.8600
51.4674	0.0050	0.0097	0.0097	0.7998	9.6936
51.4774	0.0050	0.0097	0.0097	0.7953	9.8600
51.4874	0.0050	0.0097	0.0097	0.7953	9.7469
51.4974	0.0050	0.0097	0.0097	0.7998	9.8600
51.5074	0.0050	0.0097	0.0097	0.8020	9.6669
51.5174	0.0050	0.0096	0.0096	0.7953	9.8600
51.5274	0.0050	0.0097	0.0097	0.7953	9.7469
51.5374	0.0050	0.0097	0.0097	0.7953	9.8600
51.5474	0.0050	0.0097	0.0097	0.8020	9.6669
51.5574	0.0050	0.0097	0.0097	0.7953	9.8600
51.5674	0.0050	0.0097	0.0097	0.7953	9.7469
51.5774	0.0050	0.0097	0.0097	0.7953	9.8600
51.5873	0.0050	0.0097	0.0097	0.8020	9.6669
51.5973	0.0050	0.0097	0.0097	0.7953	9.8600
51.6073	0.0050	0.0097	0.0097	0.7931	9.7735
51.6173	0.0050	0.0097	0.0097	0.7953	9.8600
51.6273	0.0050	0.0097	0.0097	0.7998	9.6936
51.6373	0.0050	0.0096	0.0096	0.7953	9.8600
51.6473	0.0050	0.0097	0.0097	0.7953	9.7469
51.6573	0.0050	0.0097	0.0097	0.7953	9.8600
51.6673	0.0050	0.0096	0.0096	0.8020	9.6669
51.6773	0.0050	0.0097	0.0097	0.7953	9.8600
51.6873	0.0050	0.0096	0.0096	0.7998	9.6936
51.6973	0.0050	0.0097	0.0097	0.7976	9.8600
51.7073	0.0050	0.0096	0.0096	0.7976	9.7202
51.7173	0.0050	0.0097	0.0097	0.7976	9.8600
51.7273	0.0050	0.0097	0.0097	0.7953	9.7469
51.7373	0.0050	0.0097	0.0097	0.7998	9.8600
51.7473	0.0050	0.0097	0.0097	0.7998	9.6936
51.7573	0.0050	0.0097	0.0097	0.7953	9.8600
51.7673	0.0050	0.0097	0.0097	0.7953	9.7469
51.7773	0.0050	0.0096	0.0096	0.7998	9.8600
51.7873	0.0050	0.0097	0.0097	0.7998	9.6936
51.7973	0.0050	0.0097	0.0097	0.7953	9.8600
51.8073	0.0050	0.0097	0.0097	0.7953	9.7469
51.8173	0.0050	0.0096	0.0096	0.7998	9.8600
51.8273	0.0050	0.0097	0.0097	0.8020	9.6669
51.8373	0.0050	0.0097	0.0097	0.7998	9.8600
51.8473	0.0050	0.0097	0.0097	0.7953	9.7469
51.8573	0.0050	0.0097	0.0097	0.7953	9.8600
51.8673	0.0050	0.0097	0.0097	0.7998	9.6936
51.8773	0.0050	0.0097	0.0097	0.7953	9.8600
51.8873	0.0050	0.0097	0.0097	0.7998	9.6936
51.8973	0.0050	0.0097	0.0097	0.7976	9.8600
51.9073	0.0050	0.0097	0.0097	0.7998	9.6936
51.9173	0.0050	0.0097	0.0097	0.7976	9.8600
51.9273	0.0050	0.0096	0.0096	0.7998	9.6936
51.9373	0.0050	0.0097	0.0097	0.7976	9.8600
51.9473	0.0050	0.0097	0.0097	0.7998	9.6936
51.9573	0.0050	0.0097	0.0097	0.7953	9.8600
51.9673	0.0050	0.0097	0.0097	0.7998	9.6936
51.9773	0.0050	0.0097	0.0097	0.7953	9.8600
51.9873	0.0050	0.0097	0.0097	0.7953	9.7469
51.9973	0.0050	0.0097	0.0097	0.7953	9.8600
52.0073	0.0050	0.0097	0.0097	0.8020	9.6669
52.0173	0.0050	0.0097	0.0097	0.7953	9.8600
52.0273	0.0050	0.0097	0.0097	0.7953	9.7469
52.0373	0.0050	0.0097	0.0097	0.7998	9.8600
52.0473	0.0050	0.0097	0.0097	0.7998	9.6936
52.0573	0.0050	0.0097	0.0097	0.7953	9.8600
52.0673	0.0050	0.0097	0.0097	0.7931	9.7735
52.0773	0.0050	0.0097	0.0097	0.7953	9.8600
52.0873	0.0050	0.0097	0.0097	0.8020	9.6669
52.0973	0.0050	0.0097	0.0097	0.7953	9.8600
52.1073	0.0050	0.0097	0.0097	0.7998	9.6936
52.1173	0.0050	0.0097	0.0097	0.7976	9.8600
52.1273	0.0050	0.0097	0.0097	0.7976	9.7202
52.1373	0.0050	0.0097	0.0097	0.7998	9.8600
52.1473	0.0050	0.0097	0.0097	0.7953	9.7469
52.1573	0.0050	0.0097	0.0097	0.8020	9.8600
52.1673	0.0050	0.0097	0.0097	0.8020	9.6669
52.1772	0.0050	0.0097	0.0097	0.7931	9.8600
52.1872	0.0050	0.0097	0.0097	0.7953	9.7469
52.1972	0.0050	0.0097	0.0097	0.7953	9.8600
52.2072	0.0050	0.0097	0.0097	0.8020	9.6669
52.2172	0.0050	0.0097	0.0097	0.7953	9.8600
52.2272	0.0050	0.0097	0.0097	0.7931	9.7735
52.2372	0.0050	0.0096	0.0096	0.8020	9.8600
52.2472	0.0050	0.0097	0.0097	0.7998	9.6936
52.2572	0.0050	0.0096	0.0096	0.7931	9.8600
52.2672	0.0050	0.0097	0.0097	0.7953	9.7469
52.2772	0.0050	0.0097	0.0097	0.7953	9.8600
52.2872	0.0050	0.0096	0.0096	0.7998	9.6936
52.2972	0.0050	0.0097	0.0097	0.7953	9.8600
52.3072	0.0050	0.0097	0.0097	0.7998	9.6936
52.3172	0.0050	0.0097	0.0097	0.7976	9.8600
52.3272	0.0050	0.0097	0.0097	0.7976	9.7202
52.3372	0.0050	0.0097	0.0097	0.7953	9.8600
52.3472	0.0050	0.0097	0.0097	0.7976	9.7202
52.3572	0.0050	0.0097	0.0097	0.7998	9.8600
52.3672	0.0050	0.0097	0.0097	0.7976	9.7202
52.3772	0.0050	0.0097	0.0097	0.7953	9.8600
52.3872	0.0050	0.0097	0.0097	0.8020	9.6669
52.3972	0.0050	0.0097	0.0097	0.8020	9.8600
52.4072	0.0050	0.0097	0.0097	0.7953	9.7469
52.4172	0.0050	0.0097	0.0097	0.7998	9.8600
52.4272	0.0050	0.0097	0.0097	0.8020	9.6669
52.4372	0.0050	0.0097	0.0097	0.7953	9.8600
52.4472	0.0050	0.0097	0.0097	0.7976	9.7202
52.4572	0.0050	0.0097	0.0097	0.7931	9.8600
52.4672	0.0050	0.0097	0.0097	0.7998	9.6936
52.4772	0.0050	0.0097	0.0097	0.7976	9.8600
52.4872	0.0050	0.0097	0.0097	0.7953	9.7469
52.4972	0.0050	0.0097	0.0097	0.7953	9.8600
52.5072	0.0050	0.0097	0.0097	0.7998	9.6936
52.5172	0.0050	0.0097	0.0097	0.7931	9.8600
52.5272	0.0050	0.0097	0.0097	0.7953	9.7469
52.5372	0.0050	0.0097	0.0097	0.7976	9.8600
52.5472	0.0050	0.0097	0.0097	0.8020	9.6669
52.5572	0.0050	0.0097	0.0097	0.7998	9.8600
52.5672	0.0050	0.0097	0.0097	0.7953	9.7469
52.5772	0.0050	0.0097	0.0097	0.7976	9.8600
52.5872	0.0050	0.0097	0.0097	0.7998	9.6936
52.5972	0.0050	0.0097	0.0097	0.7953	9.8600
52.6072	0.0050	0.0097	0.0097	0.7953	9.7469
52.6172	0.0050	0.0097	0.0097	0.7976	9.8600
52.6272	0.0050	0.0097	0.0097	0.7998	9.6936
52.6372	0.0050	0.0097	0.0097	0.7931	9.8600
52.6472	0.0050	0.0097	0.0097	0.7953	9.7469
52.6572	0.0050	0.0097	0.0097	0.7976	9.8600
52.6672	0.0050	0.0097	0.0097	0.8020	9.6669
52.6772	0.0050	0.0097	0.0097	0.7953	9.8600
52.6872	0.0050	0.0097	0.0097	0.7953	9.7469
52.6972	0.0050	0.0097	0.0097	0.7998	9.8600
52.7072	0.0050	0.0097	0.0097	0.7998	9.6936
52.7172	0.0050	0.0097	0.0097	0.7953	9.8600
52.7272	0.0050	0.0097	0.0097	0.7953	9.7469
52.7372	0.0050	0.0097	0.0097	0.7953	9.8600
52.7472	0.0050	0.0097	0.0097	0.8020	9.6669
52.7572	0.0050	0.0097	0.0097	0.7953	9.8600
52.7672	0.0050	0.0097	0.0097	0.7976	9.7202
52.7771	0.0050	0.0097	0.0097	0.7976	9.8600
52.7871	0.0050	0.0097	0.0097	0.7953	9.7469
52.7971	0.0050	0.0097	0.0097	0.7998	9.8600
52.8071	0.0050	0.0097	0.0097	0.8020	9.6669
52.8171	0.0050	0.0097	0.0097	0.7953	9.8600
52.8271	0.0050	0.0097	0.0097	0.7953	9.7469
52.8371	0.0050	0.0097	0.0097	0.7953	9.8600
52.8471	0.0050	0.0097	0.0097	0.8020	9.6669
52.8571	0.0050	0.0097	0.0097	0.7953	9.8600
52.8671	0.0050	0.0097	0.0097	0.7953	9.7469
52.8771	0.0050	0.0097	0.0097	0.7998	9.8600
52.8871	0.0050	0.0097	0.0097	0.7998	9.6936
52.8971	0.0050	0.0097	0.0097	0.7976	9.8600
52.9071	0.0050	0.0097	0.0097	0.7953	9.7469
52.9171	0.0050	0.0097	0.0097	0.7953	9.8600
52.9271	0.0050	0.0097	0.0097	0.7998	9.6936
52.9371	0.0050	0.0097	0.0097	0.7976	9.8600
52.9471	0.0050	0.0097	0.0097	0.7953	9.7469
52.9571	0.0050	0.0097	0.0097	0.7953	9.8600
52.9671	0.0050	0.0097	0.0097	0.8020	9.6669
52.9771	0.0050	0.0097	0.0097	0.7931	9.8600
52.9871	0.0050	0.0097	0.0097	0.7953	9.7469
52.9971	0.0050	0.0097	0.0097	0.7953	9.8600
53.0071	0.0050	0.0097	0.0097	0.7998	9.6936
53.0171	0.0050	0.0097	0.0097	0.7953	9.8600
53.0271	0.0050	0.0097	0.0097	0.7953	9.7469
53.0371	0.0050	0.0097	0.0097	0.7976	9.8600
53.0471	0.0050	0.0097	0.0097	0.7998	9.6936
53.0571	0.0050	0.0097	0.0097	0.7953	9.8600
53.0671	0.0050	0.0097	0.0097	0.7931	9.7735
53.0771	0.0050	0.0097	0.0097	0.7953	9.8600
53.0871	0.0050	0.0097	0.0097	0.7998	9.6936
53.0971	0.0050	0.0097	0.0097	0.7953	9.8600
53.1071	0.0050	0.0097	0.0097	0.7976	9.7202
53.1171	0.0050	0.0097	0.0097	0.7953	9.8600
53.1271	0.0050	0.0097	0.0097	0.7953	9.7469
53.1371	0.0050	0.0097	0.0097	0.7998	9.8600
53.1471	0.0050	0.0097	0.0097	0.8020	9.6669
53.1571	0.0050	0.0097	0.0097	0.7931	9.8600
53.1671	0.0050	0.0097	0.0097	0.7953	9.7469
53.1771	0.0050	0.0097	0.0097	0.7953	9.8600
53.1871	0.0050	0.0097	0.0097	0.8020	9.6669
53.1971	0.0050	0.0097	0.0097	0.7953	9.8600
53.2071	0.0050	0.0097	0.0097	0.7953	9.7469
53.2171	0.0050	0.0097	0.0097	0.7998	9.8600
53.2271	0.0050	0.0097	0.0097	0.7998	9.6936
53.2371	0.0050	0.0097	0.0097	0.7976	9.8600
53.2471	0.0050	0.0097	0.0097	0.7998	9.6936
53.2571	0.0050	0.0097	0.0097	0.7976	9.8600
53.2671	0.0050	0.0097	0.0097	0.7998	9.6936
53.2771	0.0050	0.0097	0.0097	0.7976	9.8600
53.2871	0.0050	0.0097	0.0097	0.7976	9.7202
53.2971	0.0050	0.0097	0.0097	0.7953	9.8600
53.3071	0.0050	0.0097	0.0097	0.7953	9.7469
53.3171	0.0050	0.0097	0.0097	0.7998	9.8600
53.3271	0.0050	0.0097	0.0097	0.8020	9.6669
53.3371	0.0050	0.0097	0.0097	0.7953	9.8600
53.3471	0.0050	0.0097	0.0097	0.7953	9.7469
53.3571	0.0050	0.0097	0.0097	0.8020	9.8600
53.3671	0.0050	0.0097	0.0097	0.7998	9.6936
53.3770	0.0050	0.0097	0.0097	0.7953	9.8600
53.3870	0.0050	0.0097	0.0097	0.7953	9.7469
53.3970	0.0050	0.0097	0.0097	0.8020	9.8600
53.4070	0.0050	0.0096	0.0096	0.8020	9.6669
53.4170	0.0050	0.0097	0.0097	0.7953	9.8600
53.4270	0.0050	0.0097	0.0097	0.7998	9.6936
53.4370	0.0050	0.0097	0.0097	0.7976	9.8600
53.4470	0.0050	0.0097	0.0097	0.7976	9.7202
53.4570	0.0050	0.0097	0.0097	0.7953	9.8600
53.4670	0.0050	0.0097	0.0097	0.7953	9.7469
53.4770	0.0050	0.0097	0.0097	0.7998	9.8600
53.4870	0.0050	0.0097	0.0097	0.7998	9.6936
53.4970	0.0050	0.0097	0.0097	0.7998	9.8600
53.5070	0.0050	0.0097	0.0097	0.7976	9.7202
53.5170	0.0050	0.0097	0.0097	0.7953	9.8600
53.5270	0.0050	0.0097	0.0097	0.7953	9.7469
53.5370	0.0050	0.0097	0.0097	0.8020	9.8600
53.5470	0.0050	0.0097	0.0097	0.8020	9.6669
53.5570	0.0050	0.0097	0.0097	0.7953	9.8600
53.5670	0.0050	0.0097	0.0097	0.7976	9.7202
53.5770	0.0050	0.0097	0.0097	0.7998	9.8600
53.5870	0.0050	0.0097	0.0097	0.7953	9.7469
53.5970	0.0050	0.0097	0.0097	0.7976	9.8600
53.6070	0.0050	0.0097	0.0097	0.8020	9.6669
53.6170	0.0050	0.0097	0.0097	0.7953	9.8600
53.6270	0.0050	0.0097	0.0097	0.7953	9.7469
53.6370	0.0050	0.0097	0.0097	0.7953	9.8600
53.6470	0.0050	0.0097	0.0097	0.7998	9.6936
53.6570	0.0050	0.0097	0.0097	0.7976	9.8600
53.6670	0.0050	0.0097	0.0097	0.7953	9.7469
53.6770	0.0050	0.0097	0.0097	0.7953	9.8600
53.6870	0.0050	0.0097	0.0097	0.8020	9.6669
53.6970	0.0050	0.0097	0.0097	0.7953	9.8600
53.7070	0.0050	0.0097	0.0097	0.7953	9.7469
53.7170	0.0050	0.0097	0.0097	0.7953	9.8600
53.7270	0.0050	0.0097	0.0097	0.8020	9.6669
53.7370	0.0050	0.0097	0.0097	0.7953	9.8600
53.7470	0.0050	0.0097	0.0097	0.7953	9.7469
53.7570	0.0050	0.0097	0.0097	0.7953	9.8600
53.7670	0.0050	0.0097	0.0097	0.8020	9.6669
53.7770	0.0050	0.0097	0.0097	0.7953	9.8600
53.7870	0.0050	0.0097	0.0097	0.7953	9.7469
53.7970	0.0050	0.0097	0.0097	0.7976	9.8600
53.8070	0.0050	0.0097	0.0097	0.8020	9.6669
53.8170	0.0050	0.0097	0.0097	0.7953	9.8600
53.8270	0.0050	0.0097	0.0097	0.7976	9.7202
53.8370	0.0050	0.0097	0.0097	0.7953	9.8600
53.8470	0.0050	0.0097	0.0097	0.7953	9.7469
53.8570	0.0050	0.0097	0.0097	0.8020	9.8600
53.8670	0.0050	0.0097	0.0097	0.8020	9.6669
53.8770	0.0050	0.0097	0.0097	0.7998	9.8600
53.8870	0.0050	0.0097	0.0097	0.7953	9.7469
53.8970	0.0050	0.0097	0.0097	0.7976	9.8600
53.9070	0.0050	0.0097	0.0097	0.8020	9.6669
53.9170	0.0050	0.0097	0.0097	0.7953	9.8600
53.9270	0.0050	0.0097	0.0097	0.7953	9.7469
53.9370	0.0050	0.0097	0.0097	0.7953	9.8600
53.9470	0.0050	0.0097	0.0097	0.7998	9.6936
53.9570	0.0050	0.0097	0.0097	0.7976	9.8600
53.9669	0.0050	0.0097	0.0097	0.7953	9.7469
53.9769	0.0050	0.0097	0.0097	0.8020	9.8600
53.9869	0.0050	0.0097	0.0097	0.8020	9.6669
53.9969	0.0050	0.0097	0.0097	0.7953	9.8600
54.0069	0.0050	0.0097	0.0097	0.7953	9.7469
54.0169	0.0050	0.0097	0.0097	0.7998	9.8600
54.0269	0.0050	0.0097	0.0097	0.8020	9.6669
54.0369	0.0050	0.0097	0.0097	0.7953	9.8600
54.0469	0.0050	0.0097	0.0097	0.7953	9.7469
54.0569	0.0050	0.0097	0.0097	0.7953	9.8600
54.0669	0.0050	0.0097	0.0097	0.7998	9.6936
54.0769	0.0050	0.0097	0.0097	0.7953	9.8600
54.0869	0.0050	0.0097	0.0097	0.7953	9.7469
54.0969	0.0050	0.0097	0.0097	0.7953	9.8600
54.1069	0.0050	0.0097	0.0097	0.7998	9.6936
54.1169	0.0050	0.0097	0.0097	0.7953	9.8600
54.1269	0.0050	0.0097	0.0097	0.7953	9.7469
54.1369	0.0050	0.0097	0.0097	0.7953	9.8600
54.1469	0.0050	0.0097	0.0097	0.7998	9.6936
54.1569	0.0050	0.0097	0.0097	0.7976	9.8600
54.1669	0.0050	0.0096	0.0096	0.7953	9.7469
54.1769	0.0050	0.0097	0.0097	0.7953	9.8600
54.1869	0.0050	0.0097	0.0097	0.7998	9.6936
54.1969	0.0050	0.0097	0.0097	0.7998	9.8600
54.2069	0.0050	0.0097	0.0097	0.7953	9.7469
54.2169	0.0050	0.0097	0.0097	0.7953	9.8600
54.2269	0.0050	0.0097	0.0097	0.7998	9.6936
54.2369	0.0050	0.0097	0.0097	0.7931	9.8600
54.2469	0.0050	0.0097	0.0097	0.7998	9.6936
54.2569	0.0050	0.0097	0.0097	0.7976	9.8600
54.2669	0.0050	0.0097	0.0097	0.7976	9.7202
54.2769	0.0050	0.0097	0.0097	0.7976	9.8600
54.2869	0.0050	0.0097	0.0097	0.7953	9.7469
54.2969	0.0050	0.0097	0.0097	0.7998	9.8600
54.3069	0.0050	0.0097	0.0097	0.7998	9.6936
54.3169	0.0050	0.0097	0.0097	0.7953	9.8600
54.3269	0.0050	0.0097	0.0097	0.7953	9.7469
54.3369	0.0050	0.0097	0.0097	0.8020	9.8600
54.3469	0.0050	0.0097	0.0097	0.8020	9.6669
54.3569	0.0050	0.0097	0.0097	0.7931	9.8600
54.3669	0.0050	0.0097	0.0097	0.7953	9.7469
54.3769	0.0050	0.0097	0.0097	0.7998	9.8600
54.3869	0.0050	0.0097	0.0097	0.7998	9.6936
54.3969	0.0050	0.0097	0.0097	0.7953	9.8600
54.4069	0.0050	0.0097	0.0097	0.7998	9.6936
54.4169	0.0050	0.0097	0.0097	0.7976	9.8600
54.4269	0.0050	0.0097	0.0097	0.7976	9.7202
54.4369	0.0050	0.0097	0.0097	0.7998	9.8600
54.4469	0.0050	0.0097	0.0097	0.7998	9.6936
54.4569	0.0050	0.0097	0.0097	0.7976	9.8600
54.4669	0.0050	0.0097	0.0097	0.7976	9.7202
54.4769	0.0050	0.0097	0.0097	0.7953	9.8600
54.4869	0.0050	0.0097	0.0097	0.7953	9.7469
54.4969	0.0050	0.0097	0.0097	0.8020	9.8600
54.5069	0.0050	0.0097	0.0097	0.8020	9.6669
54.5169	0.0050	0.0097	0.0097	0.7953	9.8600
54.5269	0.0050	0.0097	0.0097	0.7976	9.7202
54.5369	0.0050	0.0097	0.0097	0.7953	9.8600
54.5469	0.0050	0.0097	0.0097	0.7953	9.7469
54.5569	0.0050	0.0097	0.0097	0.7998	9.8600
54.5668	0.0050	0.0097	0.0097	0.7998	9.6936
54.5768	0.0050	0.0097	0.0097	0.7953	9.8600
54.5868	0.0050	0.0097	0.0097	0.7998	9.6936
54.5968	0.0050	0.0097	0.0097	0.7953	9.8600
54.6068	0.0050	0.0097	0.0097	0.7976	9.7202
54.6168	0.0050	0.0097	0.0097	0.7953	9.8600
54.6268	0.0050	0.0097	0.0097	0.7931	9.7735
54.6368	0.0050	0.0097	0.0097	0.7976	9.8600
54.6468	0.0050	0.0097	0.0097	0.8020	9.6669
54.6568	0.0050	0.0097	0.0097	0.7953	9.8600
54.6668	0.0050	0.0097	0.0097	0.7998	9.6936
54.6768	0.0050	0.0097	0.0097	0.7953	9.8600
54.6868	0.0050	0.0097	0.0097	0.7976	9.7202
54.6968	0.0050	0.0096	0.0096	0.7976	9.8600
54.7068	0.0050	0.0097	0.0097	0.7953	9.7469
54.7168	0.0050	0.0097	0.0097	0.7953	9.8600
54.7268	0.0050	0.0097	0.0097	0.7998	9.6936
54.7368	0.0050	0.0097	0.0097	0.7931	9.8600
54.7468	0.0050	0.0097	0.0097	0.7976	9.7202
54.7568	0.0050	0.0097	0.0097	0.7953	9.8600
54.7668	0.0050	0.0097	0.0097	0.7953	9.7469
54.7768	0.0050	0.0097	0.0097	0.7998	9.8600
54.7868	0.0050	0.0097	0.0097	0.8020	9.6669
54.7968	0.0050	0.0097	0.0097	0.7953	9.8600
54.8068	0.0050	0.0096	0.0096	0.7953	9.7469
54.8168	0.0050	0.0097	0.0097	0.7953	9.8600
54.8268	0.0050	0.0097	0.0097	0.7998	9.6936
54.8368	0.0050	0.0097	0.0097	0.7953	9.8600
54.8468	0.0050	0.0097	0.0097	0.7953	9.7469
54.8568	0.0050	0.0097	0.0097	0.7953	9.8600
54.8668	0.0050	0.0097	0.0097	0.7998	9.6936
54.8768	0.0050	0.0097	0.0097	0.7953	9.8600
54.8868	0.0050	0.0097	0.0097	0.7998	9.6936
54.8968	0.0050	0.0097	0.0097	0.7976	9.8600
54.9068	0.0050	0.0097	0.0097	0.7953	9.7469
54.9168	0.0050	0.0097	0.0097	0.7953	9.8600
54.9268	0.0050	0.0097	0.0097	0.7998	9.6936
54.9368	0.0050	0.0097	0.0097	0.7976	9.8600
54.9468	0.0050	0.0097	0.0097	0.7953	9.7469
54.9568	0.0050	0.0097	0.0097	0.7953	9.8600
54.9668	0.0050	0.0097	0.0097	0.7998	9.6936
54.9768	0.0050	0.0097	0.0097	0.7976	9.8600
54.9868	0.0050	0.0097	0.0097	0.7998	9.6936
54.9968	0.0050	0.0097	0.0097	0.7976	9.8600
55.0068	0.0050	0.0097	0.0097	0.7976	9.7202
55.0168	0.0050	0.0097	0.0097	0.8020	9.8600
55.0268	0.0050	0.0097	0.0097	0.7953	9.7469
55.0368	0.0050	0.0097	0.0097	0.7953	9.8600
55.0468	0.0050	0.0097	0.0097	0.8020	9.6669
55.0568	0.0050	0.0097	0.0097	0.7998	9.8600
55.0668	0.0050	0.0097	0.0097	0.7976	9.7202
55.0768	0.0050	0.0097	0.0097	0.7953	9.8600
55.0868	0.0050	0.0097	0.0097	0.7953	9.7469
55.0968	0.0050	0.0097	0.0097	0.7953	9.8600
55.1068	0.0050	0.0097	0.0097	0.7998	9.6936
55.1168	0.0050	0.0097	0.0097	0.7953	9.8600
55.1268	0.0050	0.0097	0.0097	0.7953	9.7469
55.1368	0.0050	0.0097	0.0097	0.7953	9.8600
55.1468	0.0050	0.0097	0.0097	0.7998	9.6936
55.1567	0.0050	0.0097	0.0097	0.7976	9.8600
55.1667	0.0050	0.0097	0.0097	0.7953	9.7469
55.1767	0.0050	0.0097	0.0097	0.7953	9.8600
55.1867	0.0050	0.0097	0.0097	0.7998	9.6936
55.1967	0.0050	0.0097	0.0097	0.7976	9.8600
55.2067	0.0050	0.0097	0.0097	0.7976	9.7202
55.2167	0.0050	0.0097	0.0097	0.7976	9.8600
55.2267	0.0050	0.0097	0.0097	0.7953	9.7469
55.2367	0.0050	0.0097	0.0097	0.7998	9.8600
55.2467	0.0050	0.0097	0.0097	0.7998	9.6936
55.2567	0.0050	0.0097	0.0097	0.7976	9.8600
55.2667	0.0050	0.0097	0.0097	0.7998	9.6936
55.2767	0.0050	0.0097	0.0097	0.7976	9.8600
55.2867	0.0050	0.0097	0.0097	0.7976	9.7202
55.2967	0.0050	0.0097	0.0097	0.7998	9.8600
55.3067	0.0050	0.0097	0.0097	0.7953	9.7469
55.3167	0.0050	0.0097	0.0097	0.7953	9.8600
55.3267	0.0050	0.0097	0.0097	0.7998	9.6936
55.3367	0.0050	0.0097	0.0097	0.7976	9.8600
55.3467	0.0050	0.0097	0.0097	0.7953	9.7469
55.3567	0.0050	0.0097	0.0097	0.7953	9.8600
55.3667	0.0050	0.0097	0.0097	0.8020	9.6669
55.3767	0.0050	0.0097	0.0097	0.7953	9.8600
55.3867	0.0050	0.0097	0.0097	0.7998	9.6936
55.3967	0.0050	0.0097	0.0097	0.7953	9.8600
55.4067	0.0050	0.0097	0.0097	0.7976	9.7202
55.4167	0.0050	0.0097	0.0097	0.8020	9.8600
55.4267	0.0050	0.0097	0.0097	0.7953	9.7469
55.4367	0.0050	0.0097	0.0097	0.8020	9.8600
55.4467	0.0050	0.0097	0.0097	0.7998	9.6936
55.4567	0.0050	0.0097	0.0097	0.7998	9.8600
55.4667	0.0050	0.0097	0.0097	0.7998	9.6936
55.4767	0.0050	0.0097	0.0097	0.7976	9.8600
55.4867	0.0050	0.0097	0.0097	0.7976	9.7202
55.4967	0.0050	0.0097	0.0097	0.7976	9.8600
55.5067	0.0050	0.0097	0.0097	0.7953	9.7469
55.5167	0.0050	0.0097	0.0097	0.8020	9.8600
55.5267	0.0050	0.0097	0.0097	0.8020	9.6669
55.5367	0.0050	0.0097	0.0097	0.7953	9.8600
55.5467	0.0050	0.0097	0.0097	0.7998	9.6936
55.5567	0.0050	0.0097	0.0097	0.7953	9.8600
55.5667	0.0050	0.0097	0.0097	0.7976	9.7202
55.5767	0.0050	0.0097	0.0097	0.7998	9.8600
55.5867	0.0050	0.0097	0.0097	0.7953	9.7469
55.5967	0.0050	0.0097	0.0097	0.7998	9.8600
55.6067	0.0050	0.0097	0.0097	0.7998	9.6936
55.6167	0.0050	0.0097	0.0097	0.7953	9.8600
55.6267	0.0050	0.0097	0.0097	0.7998	9.6936
55.6367	0.0050	0.0097	0.0097	0.7976	9.8600
55.6467	0.0050	0.0097	0.0097	0.7976	9.7202
55.6567	0.0050	0.0097	0.0097	0.7976	9.8600
55.6667	0.0050	0.0097	0.0097	0.8020	9.6669
55.6767	0.0050	0.0097	0.0097	0.7976	9.8600
55.6867	0.0050	0.0097	0.0097	0.7976	9.7202
55.6967	0.0050	0.0097	0.0097	0.7976	9.8600
55.7067	0.0050	0.0097	0.0097	0.7953	9.7469
55.7167	0.0050	0.0097	0.0097	0.8020	9.8600
55.7267	0.0050	0.0097	0.0097	0.7998	9.6936
55.7367	0.0050	0.0097	0.0097	0.7953	9.8600
55.7467	0.0050	0.0097	0.0097	0.8020	9.6669
55.7566	0.0050	0.0097	0.0097	0.7976	9.8600
55.7666	0.0050	0.0097	0.0097	0.7976	9.7202
55.7766	0.0050	0.0097	0.0097	0.7998	9.8600
55.7866	0.0050	0.0097	0.0097	0.7953	9.7469
55.7966	0.0050	0.0097	0.0097	0.8020	9.8600
55.8066	0.0050	0.0097	0.0097	0.7998	9.6936
55.8166	0.0050	0.0097	0.0097	0.7953	9.8600
55.8266	0.0050	0.0097	0.0097	0.7976	9.7202
55.8366	0.0050	0.0097	0.0097	0.7976	9.8600
55.8466	0.0050	0.0097	0.0097	0.7953	9.7469
55.8566	0.0050	0.0097	0.0097	0.7953	9.8600
55.8666	0.0050	0.0097	0.0097	0.8020	9.6669
55.8766	0.0050	0.0097	0.0097	0.7998	9.8600
55.8866	0.0050	0.0097	0.0097	0.7953	9.7469
55.8966	0.0050	0.0097	0.0097	0.7953	9.8600
55.9066	0.0050	0.0097	0.0097	0.7998	9.6936
55.9166	0.0050	0.0097	0.0097	0.7998	9.8600
55.9266	0.0050	0.0097	0.0097	0.7998	9.6936
55.9366	0.0050	0.0097	0.0097	0.7953	9.8600
55.9466	0.0050	0.0097	0.0097	0.7976	9.7202
55.9566	0.0050	0.0097	0.0097	0.7953	9.8600
55.9666	0.0050	0.0097	0.0097	0.7953	9.7469
55.9766	0.0050	0.0097	0.0097	0.7976	9.8600
55.9866	0.0050	0.0097	0.0097	0.8020	9.6669
55.9966	0.0050	0.0097	0.0097	0.7953	9.8600
56.0066	0.0050	0.0097	0.0097	0.7976	9.7202
56.0166	0.0050	0.0097	0.0097	0.7931	9.8600
56.0266	0.0050	0.0097	0.0097	0.8020	9.6669
56.0366	0.0050	0.0097	0.0097	0.7976	9.8600
56.0466	0.0050	0.0097	0.0097	0.7976	9.7202
56.0566	0.0050	0.0097	0.0097	0.7998	9.8600
56.0666	0.0050	0.0097	0.0097	0.7953	9.7469
56.0766	0.0050	0.0097	0.0097	0.8020	9.8600
56.0866	0.0050	0.0097	0.0097	0.7998	9.6936
56.0966	0.0050	0.0097	0.0097	0.7931	9.8600
56.1066	0.0050	0.0097	0.0097	0.7998	9.6936
56.1166	0.0050	0.0097	0.0097	0.7976	9.8600
56.1266	0.0050	0.0097	0.0097	0.7976	9.7202
56.1366	0.0050	0.0097	0.0097	0.7976	9.8600
56.1466	0.0050	0.0097	0.0097	0.7953	9.7469
56.1566	0.0050	0.0097	0.0097	0.7953	9.8600
56.1666	0.0050	0.0097	0.0097	0.7998	9.6936
56.1766	0.0050	0.0097	0.0097	0.7976	9.8600
56.1866	0.0050	0.0097	0.0097	0.7998	9.6936
56.1966	0.0050	0.0097	0.0097	0.7953	9.8600
56.2066	0.0050	0.0097	0.0097	0.7976	9.7202
56.2166	0.0050	0.0097	0.0097	0.7976	9.8600
56.2266	0.0050	0.0097	0.0097	0.7953	9.7469
56.2366	0.0050	0.0097	0.0097	0.7998	9.8600
56.2466	0.0050	0.0097	0.0097	0.8020	9.6669
56.2566	0.0050	0.0097	0.0097	0.7953	9.8600
56.2666	0.0050	0.0097	0.0097	0.7976	9.7202
56.2766	0.0050	0.0097	0.0097	0.7998	9.8600
56.2866	0.0050	0.0097	0.0097	0.7953	9.7469
56.2966	0.0050	0.0097	0.0097	0.7998	9.8600
56.3066	0.0050	0.0097	0.0097	0.7976	9.7202
56.3166	0.0050	0.0097	0.0097	0.7953	9.8600
56.3266	0.0050	0.0097	0.0097	0.7953	9.7469
56.3366	0.0050	0.0097	0.0097	0.7998	9.8600
56.3465	0.0050	0.0097	0.0097	0.7998	9.6936
56.3565	0.0050	0.0097	0.0097	0.7953	9.8600
56.3665	0.0050	0.0097	0.0097	0.7998	9.6936
56.3765	0.0050	0.0097	0.0097	0.7953	9.8600
56.3865	0.0050	0.0097	0.0097	0.7976	9.7202
56.3965	0.0050	0.0097	0.0097	0.7953	9.8600
56.4065	0.0050	0.0097	0.0097	0.7953	9.7469
56.4165	0.0050	0.0097	0.0097	0.7998	9.8600
56.4265	0.0050	